slug,player,team,age,stat,current,projection,lo,hi,mp_last
achiupr01,Precious Achiuwa,SAC,27,ast_pct,8.5,8.473963591635686,4.217679312127812,13.226736172409453,1745
adamsst01,Steven Adams,HOU,33,ast_pct,8.3,10.0925117567169,5.021769369338458,14.03267960978664,730
adebaba01,Bam Adebayo,MIA,29,ast_pct,14.1,17.010335840207084,12.893652023489718,22.96424195865648,2365
agbajoc01,Ochai Agbaji,2TM,26,ast_pct,6.8,8.406451196026675,3.3357088086482323,12.346619049096414,973
aldamsa01,Santi Aldama,MEM,26,ast_pct,15.7,15.455338012800945,11.199053733293072,20.208110593574713,1198
alexani01,Nickeil Alexander-Walker,ATL,28,ast_pct,15.8,15.117538522696814,11.000854705979448,21.071444641146208,2603
allengr01,Grayson Allen,PHO,31,ast_pct,19.9,14.804079617104021,10.547795337596147,19.556852197877788,1467
allenja01,Jarrett Allen,CLE,28,ast_pct,9.7,10.785857241643702,6.529572962135829,15.53862982241747,1519
alvarjo01,Jose Alvarado,2TM,28,ast_pct,23.1,22.25477070642243,17.998486426914557,27.007543287196196,1370
anderky01,Kyle Anderson,3TM,33,ast_pct,19.4,20.870726031459576,15.799983644081134,24.810893884529314,853
antetgi01,Giannis Antetokounmpo,MIL,32,ast_pct,38.7,34.06401520251793,28.993272815139488,38.00418305558767,1039
anthoco01,Cole Anthony,MIL,26,ast_pct,34.8,24.65202542967528,19.58128304229684,28.59219328274502,527
anunoog01,OG Anunoby,NYK,29,ast_pct,9.2,8.91962311118188,4.8029392944645135,14.873529229631275,2224
avdijde01,Deni Avdija,POR,26,ast_pct,32.2,24.571417987988653,20.454734171271287,30.52532410643805,2199
aytonde01,Deandre Ayton,LAL,28,ast_pct,4.5,7.04518282148368,2.928499004766314,12.999088939933076,1958
baglema01,Marvin Bagley III,2TM,27,ast_pct,10.8,10.328994237614788,6.072709958106914,15.081766818388555,1201
baileac01,Ace Bailey,UTA,20,ast_pct,9.7,12.016832161001787,7.900148344284421,17.970738279451183,1988
ballla01,LaMelo Ball,CHO,25,ast_pct,42.6,41.548438782927214,37.43175496620985,47.50234490137661,2017
balllo01,Lonzo Ball,CLE,29,ast_pct,22.6,19.776759359941625,14.706016972563184,23.716927213011363,728
banchpa01,Paolo Banchero,ORL,24,ast_pct,23.4,24.711875105894734,20.595191289177368,30.66578122434413,2502
banede01,Desmond Bane,ORL,28,ast_pct,19.3,21.791043880228784,17.67436006351142,27.74494999867818,2756
barlodo01,Dominick Barlow,PHI,23,ast_pct,7.0,9.297622013491774,5.0413377339839,14.05039459426554,1689
barneha02,Harrison Barnes,SAS,34,ast_pct,9.7,7.841655542493816,3.7249717257764505,13.795561660943212,1986
barnesc01,Scottie Barnes,TOR,25,ast_pct,26.3,26.615923141868223,22.499239325150857,32.56982926031762,2681
barnhbr01,Brooks Barnhizer,OKC,24,ast_pct,7.8,12.16482450262481,7.094082115246368,16.10499235569455,348
barrerj01,RJ Barrett,TOR,26,ast_pct,16.8,20.65750448949461,16.401220209986736,25.410277070268375,1726
battlja01,Jamison Battle,TOR,25,ast_pct,6.3,8.842699006377227,3.771956618998785,12.782866859446965,517
batumni01,Nicolas Batum,LAC,38,ast_pct,6.5,8.036832662490774,3.7805483829829,12.789605243264539,1295
berinjo01,Joan Beringer,MIN,20,ast_pct,5.6,12.160957542049736,7.090215154671294,16.101125395119475,314
beysa01,Saddiq Bey,NOP,27,ast_pct,11.9,10.278073874436359,6.161390057718993,16.231979992885755,2246
bitadgo01,Goga Bitadze,ORL,27,ast_pct,12.5,13.579396689773766,8.508654302395325,17.519564542843504,972
blackan01,Anthony Black,ORL,23,ast_pct,18.5,18.21617705956156,14.099493242844193,24.170083178010955,1910
blackle01,Leaky Black,WAS,27,ast_pct,6.6,10.601332646347695,5.530590258969252,14.541500499417435,433
bogdabo01,Bogdan Bogdanović,LAC,34,ast_pct,15.9,14.490167749286561,9.419425361908118,18.4303356023563,452
bonaad01,Adem Bona,PHI,23,ast_pct,3.4,6.1466646013614445,1.8903803218535709,10.89943718213521,1234
bookede01,Devin Booker,PHO,30,ast_pct,30.2,29.702715102232272,25.586031285514906,35.65662122068167,2146
bouyeja01,Jamaree Bouyea,PHO,27,ast_pct,18.6,17.89391658078954,12.823174193411099,21.834084433859278,644
bradlto01,Tony Bradley,2TM,29,ast_pct,6.9,10.192517726818323,5.121775339439881,14.132685579888062,450
branhma01,Malaki Branham,WAS,23,ast_pct,11.8,14.715839763667175,9.645097376288732,18.656007616736915,275
braunch01,Christian Braun,DEN,25,ast_pct,11.4,11.269248705041504,7.01296442553363,16.02202128581527,1399
bridgmi01,Mikal Bridges,NYK,30,ast_pct,15.9,15.254748760930184,11.138064944212818,21.20865487937958,2692
bridgmi02,Miles Bridges,CHO,28,ast_pct,15.9,16.975496261620385,12.85881244490302,22.92940238006978,2387
brookdi01,Dillon Brooks,PHO,31,ast_pct,9.6,8.403211641945195,4.146927362437321,13.15598422271896,1702
brownbr01,Bruce Brown,DEN,30,ast_pct,11.3,12.176967337634359,8.060283520916993,18.130873456083755,1998
brownja02,Jaylen Brown,BOS,30,ast_pct,25.9,21.634994930986952,17.518311114269586,27.58890104943635,2443
brownko01,Kobe Brown,2TM,27,ast_pct,11.6,11.919734608901747,6.848992221523305,15.859902461971487,963
brunsja01,Jalen Brunson,NYK,30,ast_pct,31.3,31.24721733015091,27.130533513433544,37.201123448600306,2590
bryanca01,Carter Bryant,SAS,21,ast_pct,7.5,10.972916633028042,5.9021742456496,14.91308448609778,818
bryanth01,Thomas Bryant,CLE,29,ast_pct,6.3,8.092948115471554,3.0222057280931116,12.033115968541292,732
burtoty01,Tyler Burton,MEM,26,ast_pct,5.4,11.121993724086229,6.051251336707787,15.062161577155969,307
butleji01,Jimmy Butler,GSW,37,ast_pct,24.3,22.37307916623689,18.116794886729018,27.125851747010657,1182
buzelma01,Matas Buzelis,CHI,22,ast_pct,10.3,11.110008137860202,6.993324321142836,17.063914256309598,2248
cainja01,Jamal Cain,ORL,27,ast_pct,8.6,9.146375275331682,4.0756328879532395,13.08654312840142,486
caldwke01,Kentavious Caldwell-Pope,MEM,33,ast_pct,17.7,10.9441786759579,5.873436288579458,14.884346529027638,1088
camarto01,Toumani Camara,POR,26,ast_pct,10.4,10.359344633809028,6.242660817091663,16.313250752258426,2731
capelca01,Clint Capela,HOU,32,ast_pct,7.1,7.6371219065298055,2.566379519151363,11.577289759599545,926
cardwdy01,Dylan Cardwell,SAC,25,ast_pct,9.2,11.292320396362712,6.221578008984269,15.23248824943245,907
carlsbr01,Branden Carlson,OKC,27,ast_pct,8.6,11.40909706542292,6.338354678044477,15.349264918492658,488
carrica01,Bub Carrington,WAS,21,ast_pct,23.0,23.01761407855866,18.900930261841292,28.971520197008054,2271
cartede02,Devin Carter,SAC,24,ast_pct,20.9,18.658872924105566,13.588130536727125,22.599040777175304,700
carteje01,Jevon Carter,2TM,31,ast_pct,14.0,14.18629065152376,9.115548264145318,18.1264585045935,867
cartewe01,Wendell Carter Jr.,ORL,27,ast_pct,9.5,10.538621240689867,6.421937423972501,16.492527359139263,2288
carusal01,Alex Caruso,OKC,32,ast_pct,14.1,15.47324742565422,10.402505038275777,19.41341527872396,1020
castlst01,Stephon Castle,SAS,22,ast_pct,34.5,29.598871433934153,25.482187617216788,35.552777552383546,2038
champju01,Justin Champagnie,WAS,25,ast_pct,8.7,9.146158044642426,4.889873765134553,13.898930625416192,1377
champju02,Julian Champagnie,SAS,25,ast_pct,7.3,8.757997081800786,4.64131326508342,14.711903200250182,2266
chandke01,Kennedy Chandler,UTA,24,ast_pct,29.4,24.175744331157723,19.105001943779282,28.11591218422746,355
chrisca02,Cam Christie,LAC,21,ast_pct,8.9,12.8575874161127,7.786845028734258,16.79775526918244,480
chrisma02,Max Christie,DAL,23,ast_pct,9.3,10.323582446821433,6.206898630104067,16.27748856527083,2244
cissemo01,Moussa Cisse,DAL,24,ast_pct,2.3,7.717126114716353,2.646383727337911,11.657293967786092,530
cissosi01,Sidy Cissoko,POR,22,ast_pct,10.2,12.562349026054978,8.306064746547104,17.315121606828743,1435
clarkja02,Jaylen Clark,MIN,25,ast_pct,6.3,8.58825522460322,3.5175128372247775,12.528423077672958,888
clarkjo01,Jordan Clarkson,NYK,34,ast_pct,10.7,17.415405103439383,13.15912082393151,22.16817768421315,1279
claxtni01,Nic Claxton,BRK,27,ast_pct,21.8,16.11827868691311,12.001594870195746,22.072184805362507,1920
claytwa01,Walter Clayton,2TM,23,ast_pct,26.6,25.691535949300217,21.435251669792343,30.444308530073982,1410
cliffni01,Nique Clifford,SAC,24,ast_pct,13.0,13.988802009228186,9.87211819251082,19.942708127677584,1882
clingdo01,Donovan Clingan,POR,22,ast_pct,11.4,12.206388213549673,8.089704396832307,18.16029433199907,2094
clownno01,Noah Clowney,BRK,22,ast_pct,9.5,10.326897393433942,6.070613113926068,15.079669974207707,1780
coffeam01,Amir Coffey,2TM,29,ast_pct,7.5,7.14015377496055,2.0694113875821074,11.080321628030289,490
colliis01,Isaiah Collier,UTA,22,ast_pct,39.2,36.386761145115244,32.13047686560737,41.13953372588901,1517
collijo01,John Collins,LAC,29,ast_pct,5.8,7.385845681465158,3.269161864747792,13.339751799914554,1872
conlemi01,Mike Conley,MIN,39,ast_pct,19.5,22.545896343416437,17.475153956037996,26.486064196486176,991
connapa01,Pat Connaughton,CHO,34,ast_pct,8.4,12.186560884984049,7.1158184976056065,16.12672873805379,297
coopesh01,Sharife Cooper,WAS,25,ast_pct,25.8,23.490423963728812,18.41968157635037,27.43059181679855,700
coulibi01,Bilal Coulibaly,WAS,22,ast_pct,13.9,14.42339595038606,10.167111670878187,19.176168531159828,1468
cowarce01,Cedric Coward,MEM,23,ast_pct,16.0,16.848708094504453,12.592423814996579,21.601480675278218,1598
cryerlj01,LJ Cryer,GSW,25,ast_pct,9.0,12.998231279617206,7.927488892238764,16.938399132686946,292
cunnica01,Cade Cunningham,DET,25,ast_pct,45.2,41.71663935068172,37.59995553396435,47.67054546913111,2172
curryst01,Stephen Curry,GSW,38,ast_pct,27.0,26.58497083593148,22.328686556423605,31.337743416705244,1329
daniedy01,Dyson Daniels,ATL,23,ast_pct,23.9,20.92881383282341,16.812130016106043,26.882719951272804,2520
dasiltr01,Tristan Da Silva,ORL,25,ast_pct,9.3,10.648174723772179,6.531490907054813,16.602080842221575,1899
davisan02,Anthony Davis,DAL,33,ast_pct,15.1,15.89643112068251,10.82568873330407,19.83659897375225,626
demineg01,Egor Dëmin,BRK,20,ast_pct,20.7,21.421441082686652,17.16515680317878,26.174213663460417,1308
derozde01,DeMar DeRozan,SAC,37,ast_pct,20.0,18.469600781202836,14.35291696448547,24.42350689965223,2406
diabamo01,Moussa Diabaté,CHO,25,ast_pct,10.2,10.08590479666861,5.969220979951244,16.039810915118004,1899
diawamo01,Mohamed Diawara,NYK,21,ast_pct,11.2,13.989688268986502,8.91894588160806,17.92985612205624,634
dickgr01,Gradey Dick,TOR,23,ast_pct,6.5,9.222696206530777,4.151953819152335,13.162864059600516,1067
diengou01,Ousmane Dieng,2TM,23,ast_pct,17.7,16.38785942973102,12.131575150223146,21.140632010504785,1099
dilliro01,Rob Dillingham,2TM,22,ast_pct,20.6,23.17130378413534,18.1005613967569,27.111471637205078,970
divindo01,Donte DiVincenzo,MIN,30,ast_pct,16.8,16.525418609974178,12.408734793256812,22.479324728423574,2494
doncilu01,Luka Dončić,LAL,27,ast_pct,40.5,39.220116897597,35.10343308087964,45.1740230160464,2289
dortlu01,Luguentz Dort,OKC,27,ast_pct,5.9,6.885305647743458,2.768621831026092,12.839211766192854,1849
dosunay01,Ayo Dosunmu,2TM,27,ast_pct,19.6,18.379062310459652,14.262378493742286,24.332968428909048,1881
drumman01,Andre Drummond,PHI,33,ast_pct,8.9,7.270915852232114,3.01463157272424,12.02368843300588,1231
dunnkr01,Kris Dunn,LAC,32,ast_pct,17.9,18.30521021425768,14.188526397540315,24.259116332707077,2230
dunnry01,Ryan Dunn,PHO,24,ast_pct,10.3,9.592505006334902,5.336220726827028,14.345277587108669,1355
duranke01,Kevin Durant,HOU,38,ast_pct,20.7,19.888724047408534,15.772040230691168,25.84263016585793,2840
durenja01,Jalen Duren,DET,23,ast_pct,11.0,13.685313883627398,9.568630066910032,19.639220002076794,1976
easonta01,Tari Eason,HOU,25,ast_pct,8.0,9.327397371374103,5.071113091866229,14.08016995214787,1549
edeyza01,Zach Edey,MEM,24,ast_pct,6.6,8.433338882788906,3.3625964954104637,12.373506735858644,284
edgecvj01,VJ Edgecombe,PHI,21,ast_pct,17.4,18.512058091540386,14.39537427482302,24.46596420998978,2623
edwaran01,Anthony Edwards,MIN,25,ast_pct,17.6,20.963863056624522,16.847179239907156,26.917769175073918,2137
edwarju01,Justin Edwards,PHI,23,ast_pct,11.5,11.82103420739348,6.750291820015037,15.76120206046322,977
elliske01,Keon Ellis,2TM,27,ast_pct,6.3,8.408575768219498,4.152291488711624,13.161348348993265,1478
embiijo01,Joel Embiid,PHI,32,ast_pct,21.7,24.612847736245083,20.35656345673721,29.36562031701885,1201
etienty01,Tyson Etienne,BRK,27,ast_pct,16.9,16.640169341871943,11.569426954493501,20.58033719494168,380
eubandr01,Drew Eubanks,SAC,29,ast_pct,5.0,8.455409666815973,3.3846672794375303,12.395577519885713,552
fearsje01,Jeremiah Fears,NOP,20,ast_pct,19.9,20.97583379443231,16.859149977714946,26.929739912881708,2112
filipky01,Kyle Filipowski,UTA,23,ast_pct,15.7,15.8894998335198,11.633215554011926,20.642272414293565,1801
finnedo01,Dorian Finney-Smith,HOU,33,ast_pct,7.1,7.339325761701501,2.2685833743230583,11.27949361477124,620
flaggco01,Cooper Flagg,DAL,20,ast_pct,21.5,22.44162758196153,18.324943765244164,28.395533700410926,2344
flemira01,Rasheer Fleming,PHO,22,ast_pct,3.3,8.496486681912423,3.42574429453398,12.43665453498216,673
fontesi01,Simone Fontecchio,MIA,31,ast_pct,11.6,9.579127086944531,5.322842807436658,14.331899667718297,1173
foxde01,De'Aaron Fox,SAS,29,ast_pct,29.6,26.718148368299975,22.60146455158261,32.672054486749374,2231
furphjo01,Johnny Furphy,IND,22,ast_pct,8.6,11.135363264286328,6.0646208769078855,15.075531117356068,643
gaffoda01,Daniel Gafford,DAL,28,ast_pct,7.0,9.057004703234655,4.800720423726782,13.809777284008423,1195
gardnmy01,Myron Gardner,MIA,25,ast_pct,14.0,15.34970581922234,10.278963431843898,19.289873672292078,411
garlada01,Darius Garland,2TM,27,ast_pct,34.9,31.312083606652827,27.055799327144953,36.06485618742659,1344
garzalu01,Luka Garza,BOS,28,ast_pct,8.5,9.859450401172376,5.603166121664502,14.612222981946143,1118
georgke01,Keyonte George,UTA,23,ast_pct,28.4,26.712871968502107,22.456587688994233,31.465644549275872,1786
georgky01,Kyshawn George,WAS,23,ast_pct,22.4,18.43873937626838,14.182455096760506,23.191511957042145,1391
georgpa01,Paul George,PHI,36,ast_pct,17.7,17.624555823446443,13.368271543938569,22.377328404220208,1135
giddejo01,Josh Giddey,CHI,24,ast_pct,41.1,33.85020625521077,29.593921975702898,38.60297883598454,1731
gilgesh01,Shai Gilgeous-Alexander,OKC,28,ast_pct,35.0,31.388419083610312,27.271735266892946,37.34232520205971,2259
gillan01,Anthony Gill,WAS,34,ast_pct,10.0,9.453839179768982,4.38309679239054,13.394007032838722,951
gilleco01,Collin Gillespie,PHO,27,ast_pct,23.3,22.705590374831203,18.588906558113838,28.6594964932806,2282
goberru01,Rudy Gobert,MIN,34,ast_pct,7.2,6.534787438593238,2.418103621875872,12.488693557042634,2380
gonzahu01,Hugo González,BOS,20,ast_pct,4.8,8.669302028055093,3.5985596406766502,12.60946988112483,1084
goodwjo01,Jordan Goodwin,PHO,28,ast_pct,13.6,14.770870730514241,10.514586451006368,19.52364331128801,1572
gordoaa01,Aaron Gordon,DEN,31,ast_pct,13.7,14.60946252219997,9.538720134821528,18.549630375269707,1005
grantje01,Jerami Grant,POR,32,ast_pct,11.0,11.367541250266488,7.111256970758614,16.120313831040253,1695
greenaj01,A.J. Green,MIL,27,ast_pct,9.2,9.196777989446506,5.08009417272914,15.150684107895902,2270
greendr01,Draymond Green,GSW,36,ast_pct,27.3,26.275046272810318,22.158362456092952,32.22895239125971,1869
greenja02,Javonte Green,DET,33,ast_pct,5.0,5.915448474252088,1.6591641947442142,10.668221055025853,1446
greenja05,Jalen Green,PHO,24,ast_pct,18.6,17.442114664209825,12.371372276831384,21.382282517279563,828
greenjo02,Josh Green,CHO,26,ast_pct,6.8,9.709714688333815,4.6389723009553725,13.649882541403553,908
grimequ01,Quentin Grimes,PHI,26,ast_pct,15.7,16.00858984259187,11.891906025874505,21.962495961041267,2206
gueyemo02,Mouhamed Gueye,ATL,24,ast_pct,7.4,9.105943286465317,4.8496590069574435,13.858715867239084,1179
hachiru01,Rui Hachimura,LAL,28,ast_pct,4.1,5.82280045335903,1.7061166366416645,11.776706571808425,1927
hardati02,Tim Hardaway Jr.,DEN,34,ast_pct,6.9,7.383927740572098,3.267243923854732,13.337833859021494,2127
hardeja01,James Harden,2TM,37,ast_pct,34.7,32.94346296486423,28.826779148146866,38.89736908331363,2438
hardyja02,Jaden Hardy,2TM,24,ast_pct,9.7,13.444146030795128,8.373403643416687,17.384313883864866,898
harklej01,Elijah Harkless,UTA,26,ast_pct,17.6,17.66588889139121,12.595146504012767,21.606056744460947,545
harpedy01,Dylan Harper,SAS,20,ast_pct,24.7,24.915227830384,20.658943550876128,29.668000411157767,1558
harpero02,Ron Harper Jr.,BOS,26,ast_pct,9.5,13.202061461878785,8.131319074500343,17.142229314948523,318
harriga01,Gary Harris,MIL,32,ast_pct,9.9,9.126890642795296,4.056148255416853,13.067058495865034,661
harrito02,Tobias Harris,DET,34,ast_pct,12.5,11.33978381011144,7.083499530603566,16.092556390885207,1746
harteis01,Isaiah Hartenstein,OKC,28,ast_pct,20.1,17.050582147194298,12.794297867686424,21.803354727968063,1137
hartjo01,Josh Hart,NYK,31,ast_pct,21.6,19.423117006024285,15.306433189306919,25.37702312447368,1994
hausesa01,Sam Hauser,BOS,29,ast_pct,7.9,7.1254639730895555,3.0087801563721897,13.079370091538951,1934
hawkijo01,Jordan Hawkins,NOP,24,ast_pct,8.2,9.245947985112242,4.175205597733799,13.18611583818198,692
hayesja02,Jaxson Hayes,LAL,26,ast_pct,6.9,8.154122807860507,3.897838528352633,12.906895388634272,1207
hayeski01,Killian Hayes,SAC,25,ast_pct,26.3,25.237355158529372,20.16661277115093,29.17752301159911,406
hendesc01,Scoot Henderson,POR,22,ast_pct,22.8,27.923104231640828,22.852361844262386,31.863272084710566,748
hendrta01,Taylor Hendricks,2TM,23,ast_pct,6.8,8.517044142678712,4.260759863170838,13.269816723452479,1118
herroty01,Tyler Herro,MIA,27,ast_pct,19.7,23.259475205746572,18.18873281836813,27.19964305881631,1033
hieldbu01,Buddy Hield,2TM,34,ast_pct,12.8,12.045190756932124,6.974448369553682,15.985358610001864,819
hinsobl01,Blake Hinson,UTA,27,ast_pct,8.3,12.26989342067599,7.1991510332975475,16.21006127374573,285
holidaa01,Aaron Holiday,HOU,30,ast_pct,10.2,13.322795559131773,8.252053171753332,17.26296341220151,781
holidjr01,Jrue Holiday,POR,36,ast_pct,32.1,22.480987026892933,18.22470274738506,27.2337596076667,1560
hollaro01,Ron Holland,DET,21,ast_pct,8.2,10.46840500953544,6.212120730027566,15.221177590309207,1551
holmgch01,Chet Holmgren,OKC,24,ast_pct,8.6,10.802846557661875,6.686162740944509,16.75675267611127,1997
horfoal01,Al Horford,GSW,40,ast_pct,17.0,13.044328955681614,7.973586568303172,16.984496808751352,969
howarje01,Jett Howard,ORL,23,ast_pct,9.3,11.494605664238497,6.423863276860055,15.434773517308237,695
huertke01,Kevin Huerter,2TM,28,ast_pct,16.1,14.371684411499176,10.115400131991303,19.124456992272943,1549
huffja01,Jay Huff,IND,28,ast_pct,10.4,10.045559325312784,5.78927504580491,14.798331906086549,1719
hukpoar01,Ariel Hukporti,NYK,24,ast_pct,7.3,11.112294295250235,6.041551907871793,15.052462148319975,498
huntede01,De'Andre Hunter,2TM,29,ast_pct,10.6,8.705574346522152,4.449290067014278,13.458346927295917,1176
hylanbo01,Bones Hyland,MIN,26,ast_pct,22.7,22.522201161851953,18.26591688234408,27.27497374262572,1177
ighodos01,Oso Ighodaro,PHO,24,ast_pct,14.2,13.50349533926715,9.247211059759277,18.256267920040916,1808
ingrabr01,Brandon Ingram,TOR,29,ast_pct,16.8,20.17251291043172,16.055829093714355,26.126419028881116,2604
isaacjo01,Jonathan Isaac,ORL,29,ast_pct,5.6,6.389599559798442,1.3188571724199996,10.329767412868181,521
iveyja01,Jaden Ivey,2TM,24,ast_pct,14.0,18.889031843109706,13.818289455731264,22.829199696179444,670
jacksan01,Andre Jackson Jr.,MIL,25,ast_pct,14.0,12.82383927324021,7.753096885861768,16.76400712630995,408
jacksgg01,GG Jackson II,MEM,22,ast_pct,10.7,11.539337812575168,7.283053533067294,16.292110393348935,1178
jacksis01,Isaiah Jackson,2TM,25,ast_pct,8.5,10.182579108331726,5.111836720953284,14.122746961401464,908
jacksja02,Jaren Jackson Jr.,2TM,27,ast_pct,10.4,11.345253575665064,7.08896929615719,16.09802615643883,1454
jacksqu01,Quenton Jackson,IND,28,ast_pct,23.1,20.677378172707463,15.606635785329022,24.6175460257772,897
jackstr02,Trayce Jackson-Davis,2TM,26,ast_pct,11.1,13.782743539273415,8.712001151894974,17.722911392343153,496
jakucka01,Kasparas Jakučionis,MIA,20,ast_pct,18.1,19.188234594836445,14.117492207458003,23.128402447906183,945
jamesbr02,Bronny James,LAL,22,ast_pct,18.1,18.69669447058193,13.62595208320349,22.63686232365167,375
jamesle01,LeBron James,LAL,42,ast_pct,34.1,35.24729929724446,31.130615480527094,41.201205415693856,1989
jamessi01,Sion James,CHO,24,ast_pct,11.4,12.608531470921982,8.491847654204616,18.562437589371378,1843
jaqueja01,Jaime Jaquez Jr.,MIA,25,ast_pct,24.0,19.86530243298589,15.748618616268523,25.819208551435285,2121
jenkida01,Daniss Jenkins,DET,25,ast_pct,25.8,24.67192054282007,20.415636263312198,29.424693123593837,1455
jeromty01,Ty Jerome,MEM,29,ast_pct,44.9,26.830707342771166,21.759964955392725,30.770875195840905,339
joeis01,Isaiah Joe,OKC,27,ast_pct,8.6,9.562629925789915,5.3063456462820415,14.315402506563682,1507
johnsaj01,AJ Johnson,2TM,22,ast_pct,14.0,17.15441133110272,12.08366894372428,21.09457918417246,454
johnsca02,Cameron Johnson,DEN,30,ast_pct,10.6,13.864226747614294,9.60794246810642,18.61699932838806,1647
johnsch06,Chaney Johnson,BRK,24,ast_pct,16.4,16.921340713686476,11.850598326308035,20.861508566756214,348
johnsja05,Jalen Johnson,ATL,25,ast_pct,33.5,26.126771435395423,22.010087618678057,32.08067755384482,2532
johnske04,Keldon Johnson,SAS,27,ast_pct,8.5,10.875458263156393,6.758774446439027,16.82936438160579,1911
johnske10,Keshad Johnson,MIA,25,ast_pct,3.9,10.530465805336762,5.45972341795832,14.470633658406502,280
johnstr03,Tre Johnson,WAS,20,ast_pct,12.4,14.535776540659672,10.279492261151798,19.288549121433437,1443
jokicni01,Nikola Jokić,DEN,31,ast_pct,50.3,44.327639378762505,40.21095556204514,50.2815454972119,2265
jonesde02,Derrick Jones Jr.,LAC,29,ast_pct,7.3,6.152020772348232,1.8957364928403582,10.904793353121999,1350
joneshe01,Herbert Jones,NOP,28,ast_pct,12.9,12.476300912008776,8.220016632500903,17.229073492782543,1588
joneska03,Kam Jones,IND,24,ast_pct,26.2,23.660564938996338,18.589822551617896,27.600732792066076,616
jonessp01,Spencer Jones,DEN,25,ast_pct,4.5,6.864566820531053,2.608282541023179,11.617339401304818,1417
jonestr01,Tre Jones,CHI,27,ast_pct,29.2,28.69100057056497,24.434716291057097,33.44377315133874,1752
jonesty01,Tyus Jones,3TM,30,ast_pct,20.9,27.00803479523295,21.937292407854507,30.948202648302686,979
jovicni01,Nikola Jović,MIA,23,ast_pct,16.5,16.93800294099257,11.867260553614127,20.878170794062306,808
kalkbry01,Ryan Kalkbrenner,CHO,25,ast_pct,5.2,7.383800684858194,3.1275164053503204,12.13657326563196,1479
kennalu01,Luke Kennard,2TM,30,ast_pct,13.8,16.345755486067663,12.08947120655979,21.09852806684143,1681
kispeco01,Corey Kispert,2TM,27,ast_pct,11.8,11.06986895014863,5.999126562770187,15.01003680321837,1080
klebima01,Maxi Kleber,LAL,35,ast_pct,7.3,9.461002038833842,4.390259651455399,13.401169891903582,461
knechda01,Dalton Knecht,LAL,25,ast_pct,5.3,7.94103534907942,2.8702929617009776,11.881203202149159,553
knuepko01,Kon Knueppel,CHO,21,ast_pct,16.6,17.7888280762559,13.672144259538534,23.742734194705296,2551
kolekty01,Tyler Kolek,NYK,25,ast_pct,31.7,28.215080500691066,23.144338113312624,32.155248353760804,727
kolokch01,Christian Koloko,3TM,26,ast_pct,6.4,9.960892209982527,4.8901498226040845,13.901060063052267,357
konanya01,Yanic Konan Niederhäuser,LAC,23,ast_pct,4.1,9.773470720075599,4.7027283326971565,13.713638573145339,424
konchjo01,John Konchar,2TM,30,ast_pct,13.4,12.55942027886851,8.303135999360636,17.312192859642277,1115
kornelu01,Luke Kornet,SAS,31,ast_pct,11.3,11.273628290043913,7.017344010536039,16.026400870817678,1430
krejcvi01,Vít Krejčí,2TM,26,ast_pct,9.6,13.150552301883417,8.894268022375543,17.903324882657184,1392
kuminjo01,Jonathan Kuminga,2TM,24,ast_pct,14.7,14.566132043002975,9.495389655624532,18.506299896072715,830
kuzmaky01,Kyle Kuzma,MIL,31,ast_pct,15.5,15.697963655012616,11.441679375504743,20.450736235786383,1806
landajo01,Jock Landale,2TM,31,ast_pct,11.1,11.437180465958605,7.180896186450731,16.18995304673237,1506
laniech01,Chaz Lanier,DET,25,ast_pct,8.2,12.810685328925999,7.7399429415475565,16.750853181995737,262
laravja01,Jake LaRavia,LAL,25,ast_pct,9.3,11.900519910536905,7.78383609381954,17.854426028986303,2061
larsspe01,Pelle Larsson,MIA,25,ast_pct,16.8,15.977912057162643,11.861228240445277,21.931818175612037,1849
lavinza01,Zach LaVine,SAC,31,ast_pct,11.2,15.641194290906013,11.384910011398139,20.39396687167978,1224
leonaka01,Kawhi Leonard,LAC,35,ast_pct,21.0,18.377215161876855,14.260531345159489,24.33112128032625,2085
leonsma01,Malevy Leons,GSW,27,ast_pct,11.4,13.86976046356236,8.799018076183916,17.8099283166321,276
leverca01,Caris LeVert,DET,32,ast_pct,18.2,20.027021146578175,15.770736867070301,24.77979372735194,1154
liddeej01,E.J. Liddell,BRK,26,ast_pct,11.0,13.875321198247757,8.804578810869316,17.815489051317495,349
liveris01,Isaiah Livers,PHO,28,ast_pct,7.7,9.936093613597986,4.865351226219544,13.876261466667724,347
looneke01,Kevon Looney,NOP,30,ast_pct,14.0,14.203585744464622,9.13284335708618,18.14375359753436,308
lopezbr01,Brook Lopez,LAC,38,ast_pct,8.5,7.56474419819116,3.308459918683286,12.317516778964926,1635
loveca01,Caleb Love,POR,25,ast_pct,18.4,18.355369446298024,13.284627058919583,22.295537299367762,1013
loveke01,Kevin Love,UTA,38,ast_pct,14.6,15.48612894419494,10.415386556816497,19.42629679726468,613
maluakh01,Khaman Maluach,PHO,20,ast_pct,2.0,9.313732270381703,4.24298988300326,13.25390012345144,411
mamuksa01,Sandro Mamukelashvili,TOR,27,ast_pct,12.4,12.733911719190697,8.477627439682824,17.486684299964462,1751
mannte01,Terance Mann,BRK,30,ast_pct,18.6,13.484124936334133,9.22784065682626,18.2368975171079,1529
manntr01,Tre Mann,CHO,25,ast_pct,18.7,20.868915553699203,15.798173166320762,24.80908340676894,669
markkla01,Lauri Markkanen,UTA,29,ast_pct,10.1,9.27554376678808,5.019259487280205,14.028316347561844,1443
marshna01,Naji Marshall,DAL,29,ast_pct,16.4,15.427358541612668,11.310674724895302,21.381264660062065,2184
martica02,Caleb Martin,DAL,31,ast_pct,12.4,11.807249809239503,6.73650742186106,15.747417662309243,856
martity01,Tyrese Martin,2TM,27,ast_pct,15.6,15.184372576866306,10.113630189487864,19.124540429936044,777
mashaja01,Jahmai Mashack,MEM,24,ast_pct,13.8,15.099794461993653,10.029052074615212,19.03996231506339,673
mathube01,Bennedict Mathurin,2TM,24,ast_pct,12.0,11.166865885919027,6.910581606411153,15.919638466692792,1620
matkoka01,Karlo Matković,NOP,25,ast_pct,7.7,9.746688205657607,4.675945818279165,13.686856058727347,912
maxeyty01,Tyrese Maxey,PHI,26,ast_pct,28.9,28.018934633577157,23.90225081685979,33.972840752026556,2661
mbengbe01,Bez Mbeng,UTA,23,ast_pct,16.2,17.044376397837937,11.973634010459495,20.984544250907675,492
mcbrimi01,Miles McBride,NYK,26,ast_pct,13.5,14.710594675709977,9.639852288331536,18.650762528779715,1080
mccaija01,Jared McCain,2TM,22,ast_pct,11.0,14.55068442752223,10.294400148014356,19.303457008295997,1160
mccolcj01,CJ McCollum,2TM,35,ast_pct,19.7,19.980930463333184,15.864246646615818,25.93483658178258,2264
mccontj01,T.J. McConnell,IND,34,ast_pct,50.0,39.53661501581595,34.4658726284375,43.476782868885685,963
mcdanja02,Jaden McDaniels,MIN,26,ast_pct,12.2,10.625934421987022,6.509250605269656,16.579840540436418,2316
mcderdo01,Doug McDermott,SAC,35,ast_pct,6.8,8.86238964165798,3.791647254279538,12.802557494727719,439
mcgowbr01,Bryce McGowens,NOP,24,ast_pct,9.5,10.753439474676599,5.682697087298156,14.693607327746339,880
mclaujo01,Jordan McLaughlin,SAS,30,ast_pct,17.2,19.59967765463007,14.52893526725163,23.53984550769981,282
mcneeli01,Liam McNeeley,CHO,21,ast_pct,8.7,13.217080273839578,8.146337886461136,17.157248126909316,368
meltode01,De'Anthony Melton,GSW,28,ast_pct,16.9,16.151342638251474,11.8950583587436,20.90411521902524,1125
merrisa01,Sam Merrill,CLE,30,ast_pct,12.3,11.837235923934536,7.580951644426662,16.5900085047083,1377
middlkh01,Khris Middleton,2TM,35,ast_pct,17.3,22.11065552713845,17.854371247630578,26.863428107912217,1439
millebr02,Brandon Miller,CHO,24,ast_pct,17.8,16.34029355349866,12.223609736781295,22.294199671948057,1968
millejo02,Jordan Miller,LAC,27,ast_pct,15.1,14.588891302591755,10.332607023083881,19.34166388336552,1325
millele01,Leonard Miller,2TM,23,ast_pct,8.2,11.283656325065229,6.212913937686786,15.223824178134969,719
minotjo01,Josh Minott,2TM,24,ast_pct,7.9,10.493857582634915,5.4231151952564725,14.434025435704655,834
missiyv01,Yves Missi,NOP,22,ast_pct,8.6,9.953298349360812,5.697014069852939,14.70607093013458,1297
mitchaj01,Ajay Mitchell,OKC,24,ast_pct,20.1,18.832774432021843,14.57649015251397,23.585547012795608,1473
mitchda01,Davion Mitchell,MIA,28,ast_pct,29.1,24.46282207100832,20.346138254290953,30.416728189457714,2000
mitchdo01,Donovan Mitchell,CLE,30,ast_pct,27.9,25.871998894237286,21.75531507751992,31.825905012686682,2342
mobleev01,Evan Mobley,CLE,25,ast_pct,16.8,16.42674695087985,12.310063134162483,22.380653069329245,2074
monkma01,Malik Monk,SAC,28,ast_pct,20.6,24.1278977991689,19.871613519661025,28.880670379942664,1364
moodymo01,Moses Moody,GSW,24,ast_pct,9.2,9.517517335773002,5.261233056265128,14.27028991654677,1540
moranja01,Ja Morant,MEM,27,ast_pct,45.1,36.353438095560875,31.282695708182434,40.29360594863061,569
murphtr02,Trey Murphy III,NOP,26,ast_pct,16.2,15.432915063316075,11.31623124659871,21.38682118176547,2341
murraco01,Collin Murray-Boyles,TOR,21,ast_pct,11.7,13.767263406726961,9.510979127219088,18.520035987500727,1246
murrade01,Dejounte Murray,NOP,30,ast_pct,35.4,29.26859454670403,24.19785215932559,33.20876239977377,389
murraja01,Jamal Murray,DEN,29,ast_pct,31.1,27.540434555138688,23.423750738421322,33.494340673588084,2652
murrake02,Keegan Murray,SAC,26,ast_pct,6.8,7.370948999534629,2.3002066121561864,11.311116852604368,793
murrakr01,Kris Murray,POR,26,ast_pct,8.1,9.616364515109687,5.360080235601814,14.369137095883453,1333
mykhasv01,Svi Mykhailiuk,UTA,29,ast_pct,11.0,12.303432987757866,8.047148708249992,17.05620556853163,1156
nancela02,Larry Nance Jr.,CLE,34,ast_pct,9.7,11.226585382346375,6.155842994967933,15.166753235416113,449
nancepe01,Pete Nance,MIL,26,ast_pct,9.2,11.667924426098558,6.597182038720116,15.608092279168297,737
nembhan01,Andrew Nembhard,IND,27,ast_pct,37.0,27.19564666366582,22.939362384157945,31.948419244439584,1786
nembhry01,Ryan Nembhard,DAL,23,ast_pct,37.2,33.95765991906215,29.70137563955428,38.71043249983592,1171
nesmiaa01,Aaron Nesmith,IND,27,ast_pct,9.4,8.33088211477911,4.074597835271236,13.083654695552877,1335
newelas01,Asa Newell,ATL,21,ast_pct,7.2,11.69934579990954,6.628603412531098,15.639513652979279,500
nnajize01,Zeke Nnaji,DEN,26,ast_pct,5.9,7.941372192064137,2.870629804685695,11.881540045133876,626
nurkiju01,Jusuf Nurkić,UTA,32,ast_pct,25.4,20.29736655029088,15.22662416291244,24.23753440336062,1083
okogijo01,Josh Okogie,HOU,28,ast_pct,6.4,7.918306202744075,3.6620219232362015,12.671078783517842,1354
okongon01,Onyeka Okongwu,ATL,26,ast_pct,13.9,12.608506081259398,8.491822264542032,18.562412199708795,2297
okorois01,Isaac Okoro,CHI,26,ast_pct,7.8,9.437890537635287,5.181606258127413,14.190663118409052,1695
olbrila01,Lachlan Olbrich,CHI,23,ast_pct,15.8,16.834581950278,11.763839562899559,20.77474980334774,344
olynyke01,Kelly Olynyk,SAS,35,ast_pct,17.6,22.485315925530013,17.414573538151572,26.42548377859975,360
onealro01,Royce O'Neale,PHO,33,ast_pct,12.8,12.771488383480552,8.654804566763186,18.725394501929948,2213
oubreke01,Kelly Oubre Jr.,PHI,31,ast_pct,7.3,7.825945626474498,3.5696613469666243,12.578718207248265,1574
payneca01,Cameron Payne,PHI,32,ast_pct,21.8,22.292583079674035,17.221840692295594,26.232750932743773,374
paytoga02,Gary Payton II,GSW,34,ast_pct,16.9,13.896123028174765,9.639838748666891,18.648895608948532,1142
peavymi01,Micah Peavy,NOP,25,ast_pct,8.8,10.978043438887097,5.907301051508655,14.918211291956837,913
pendano01,Noah Penda,ORL,22,ast_pct,12.5,14.894200027165065,9.823457639786621,18.834367880234804,757
peterta01,Taelon Peter,IND,24,ast_pct,11.2,13.619187828953292,8.548445441574849,17.559355682023032,492
phillju01,Julian Phillips,2TM,23,ast_pct,3.1,6.849496660881846,1.778754273503404,10.789664513951585,428
pickeja02,Jalen Pickett,DEN,27,ast_pct,18.4,18.38767171190075,13.31692932452231,22.32783956497049,807
plowdda01,Daeqwon Plowden,SAC,28,ast_pct,6.7,8.891974064522056,3.821231677143614,12.832141917591795,844
podzibr01,Brandin Podziemski,GSW,23,ast_pct,19.2,19.4599882833195,15.343304466602135,25.413894401768896,2333
poeltja01,Jakob Poeltl,TOR,31,ast_pct,11.7,13.413497414360677,9.157213134852803,18.166269995134442,1149
poolejo01,Jordan Poole,NOP,27,ast_pct,18.3,21.955963394790455,16.885221007412014,25.896131247860193,933
portecr01,Craig Porter Jr.,CLE,26,ast_pct,22.4,21.985508809802543,17.72922453029467,26.738281390576308,1148
porteke02,Kevin Porter Jr.,MIL,26,ast_pct,33.8,29.06606016201307,24.809775882505196,33.81883274278684,1261
portemi01,Michael Porter Jr.,BRK,28,ast_pct,18.2,11.194095568067002,6.9378112885591285,15.946868148840768,1689
portibo01,Bobby Portis,MIL,31,ast_pct,10.5,10.470373158505335,6.214088878997462,15.2231457392791,1619
porzikr01,Kristaps Porziņģis,2TM,31,ast_pct,16.1,12.36212279236298,7.291380404984538,16.30229064543272,769
postqu01,Quinten Post,GSW,26,ast_pct,11.9,13.109288625599396,8.853004346091522,17.862061206373163,1159
pottemi01,Micah Potter,IND,28,ast_pct,11.2,10.071909346724334,5.001166959345892,14.012077199794074,908
poulajo01,John Poulakidas,DAL,23,ast_pct,6.1,12.28041925835608,7.2096768709776375,16.220587111425818,253
poweldr01,Drake Powell,BRK,21,ast_pct,10.3,12.573818540099609,8.317534260591735,17.326591120873374,1320
poweldw01,Dwight Powell,DAL,35,ast_pct,9.5,11.503043367071458,6.432300979693015,15.443211220141198,904
powelno01,Norman Powell,MIA,33,ast_pct,12.5,9.732262976506588,5.475978696998714,14.485035557280355,1717
princta02,Taurean Prince,MIL,32,ast_pct,10.7,9.118091630692662,4.04734924331422,13.058259483762402,611
pritcpa01,Payton Pritchard,BOS,29,ast_pct,23.5,20.578964156350228,16.462280339632862,26.532870274799624,2556
proctty01,Tyrese Proctor,CLE,22,ast_pct,18.6,19.183505169231218,14.112762781852776,23.123673022300956,545
prospol01,Olivier-Maxence Prosper,MEM,24,ast_pct,7.8,9.972599648289878,4.901857260911435,13.912767501359617,984
queende01,Derik Queen,NOP,22,ast_pct,21.1,21.87626053848152,17.759576721764155,27.830166656930917,2023
quetane01,Neemias Queta,BOS,27,ast_pct,9.3,9.449184176035043,5.332500359317677,15.40309029448444,1926
quickim01,Immanuel Quickley,TOR,27,ast_pct,26.4,26.10916689308751,21.992483076370146,32.06307301153691,2231
randlju01,Julius Randle,MIN,32,ast_pct,23.1,22.250509331365844,18.13382551464848,28.20441544981524,2610
raynama01,Maxime Raynaud,SAC,23,ast_pct,7.6,9.49297020047426,5.376286383756895,15.446876318923657,1964
reathdu01,Duop Reath,POR,30,ast_pct,5.4,9.168770506794633,4.098028119416191,13.108938359864371,258
reaveau01,Austin Reaves,LAL,28,ast_pct,24.0,23.59141131589259,19.335127036384716,28.344183896666355,1762
reedpa01,Paul Reed,DET,27,ast_pct,13.3,12.384330016143847,7.313587628765405,16.324497869213587,901
reeseju01,Julian Reese,WAS,23,ast_pct,8.4,12.460527004924398,7.389784617545955,16.400694857994136,402
reidna01,Naz Reid,MIN,27,ast_pct,12.4,11.740847380394676,7.62416356367731,17.694753498844072,2007
richaja02,Jase Richardson,ORL,21,ast_pct,14.2,16.103178091542542,11.0324357041641,20.04334594461228,587
richani01,Nick Richards,2TM,29,ast_pct,3.2,5.425285413954234,0.35454302657579184,9.365453267023973,701
richawi02,Will Richard,GSW,24,ast_pct,9.3,11.047671958998103,6.79138767949023,15.80044453977187,1377
rileywi01,Will Riley,WAS,20,ast_pct,12.7,14.728255606913198,10.471971327405324,19.481028187686963,1633
risacza01,Zaccharie Risacher,ATL,21,ast_pct,6.8,8.973898888320564,4.71761460881269,13.726671469094331,1503
robindu01,Duncan Robinson,DET,32,ast_pct,10.1,12.65551637156945,8.538832554852084,18.609422490018844,2113
robinje02,Jeremiah Robinson-Earl,2TM,26,ast_pct,5.6,10.375664621938093,5.30492223455965,14.31583247500783,361
robinmi01,Mitchell Robinson,NYK,28,ast_pct,5.8,6.396284575655845,2.1400002961479716,11.149057156429611,1175
rolliry01,Ryan Rollins,MIL,24,ast_pct,27.1,24.900956647013828,20.784272830296462,30.854862765463224,2376
ruperra01,Rayan Rupert,2TM,22,ast_pct,8.6,11.703473576550781,6.632731189172339,15.64364142962052,1072
russeda01,D'Angelo Russell,DAL,30,ast_pct,31.2,28.186394190148444,23.115651802770003,32.126562043218186,495
ryanco01,Cormac Ryan,MIL,28,ast_pct,10.8,13.398702121714885,8.327959734336442,17.338869974784625,271
sabondo01,Domantas Sabonis,SAC,30,ast_pct,21.3,27.62535258837983,22.55461020100139,31.565520441449568,564
salauti01,Tidjane Salaün,CHO,21,ast_pct,6.6,10.314253566052313,5.243511178673871,14.254421419122053,575
sandeko01,Kobe Sanders,LAC,24,ast_pct,11.4,12.804840300529365,8.548556021021492,17.557612881303132,1351
santogu01,Gui Santos,GSW,24,ast_pct,16.7,16.543756735933606,12.287472456425732,21.29652931670737,1395
sarafbe01,Ben Saraf,BRK,20,ast_pct,24.5,24.07510344869044,19.004361061312,28.01527130176018,916
sarral01,Alex Sarr,WAS,21,ast_pct,15.9,16.199960340563948,11.943676061056074,20.952732921337713,1305
sassema01,Marcus Sasser,DET,26,ast_pct,21.9,23.273856148724672,18.20311376134623,27.21402400179441,457
scheiba01,Baylor Scheierman,BOS,26,ast_pct,10.5,11.934679731421912,7.678395451914039,16.687452312195678,1429
schrode01,Dennis Schröder,2TM,33,ast_pct,27.7,26.91232198448804,22.656037704980168,31.665094565261807,1697
sengual01,Alperen Şengün,HOU,24,ast_pct,28.9,26.490231805402345,22.37354798868498,32.44413792385174,2398
sensabr01,Brice Sensabaugh,UTA,23,ast_pct,12.4,13.442236598164989,9.185952318657115,18.195009178938754,1762
sextoco01,Collin Sexton,2TM,28,ast_pct,21.7,24.342767112949826,20.086482833441952,29.09553969372359,1614
shamela01,Landry Shamet,NYK,29,ast_pct,8.2,8.27875367681566,4.022469397307786,13.031526257589427,1171
shannte01,Terrence Shannon Jr.,MIN,26,ast_pct,9.5,12.829844282456557,7.759101895078115,16.770012135526297,538
sharpda01,Day'Ron Sharpe,BRK,25,ast_pct,21.1,18.422611104777136,14.166326825269262,23.1753836855509,1160
sharpsh01,Shaedon Sharpe,POR,23,ast_pct,15.4,15.503862304175982,11.247578024668108,20.256634884949747,1471
sheadja01,Jamal Shead,TOR,24,ast_pct,30.6,29.658994485607366,25.54231066889,35.61290060405676,1852
sheppbe01,Ben Sheppard,IND,25,ast_pct,11.3,10.721316196289983,6.4650319167821095,15.474088777063749,1390
sheppre01,Reed Sheppard,HOU,22,ast_pct,18.6,19.13965817637862,15.022974359661255,25.093564294828017,2147
siakapa01,Pascal Siakam,IND,32,ast_pct,19.9,17.89303014716803,13.776346330450664,23.846936265617426,2057
simonan01,Anfernee Simons,2TM,27,ast_pct,14.6,21.073818706635173,16.8175344271273,25.826591287408938,1372
simpskj01,KJ Simpson,2TM,24,ast_pct,23.0,20.22830453894675,15.15756215156831,24.16847239201649,257
simsje01,Jericho Sims,MIL,28,ast_pct,10.7,9.488603940220525,5.232319660712651,14.24137652099429,1318
slawsja01,Jalen Slawson,IND,27,ast_pct,15.7,15.98121582982766,10.910473442449216,19.9213836828974,311
smallja01,Javon Small,MEM,24,ast_pct,26.1,24.182250701829382,19.11150831445094,28.12241855489912,830
smartma01,Marcus Smart,LAL,32,ast_pct,13.6,16.19471030261714,11.938426023109265,20.947482883390904,1769
smithdr01,Dru Smith,MIA,29,ast_pct,20.0,17.989603539412652,13.733319259904778,22.742376120186417,1141
smithja04,Jalen Smith,CHI,26,ast_pct,8.5,10.014043508158005,5.757759228650132,14.766816088931773,1095
smithja05,Jabari Smith Jr.,HOU,23,ast_pct,7.3,7.873161961427117,3.7564781447097513,13.827068079876513,2705
smithma02,Malachi Smith,BRK,27,ast_pct,21.2,19.043350013073308,13.972607625694867,22.983517866143046,359
smithni01,Nick Smith Jr.,LAL,22,ast_pct,12.0,16.266317408239864,11.195575020861423,20.206485261309602,375
sochaje01,Jeremy Sochan,2TM,23,ast_pct,11.2,15.3213813321984,10.250638944819958,19.261549185268137,469
spencca01,Cam Spencer,MEM,26,ast_pct,33.1,29.967045213751017,25.710760934243144,34.719817794524786,1714
spencpa01,Pat Spencer,GSW,30,ast_pct,27.1,25.198347613501603,20.94206333399373,29.95112019427537,1229
stewais01,Isaiah Stewart,DET,25,ast_pct,6.9,9.493223039056284,5.23693875954841,14.245995619830051,1317
strawju01,Julian Strawther,DEN,24,ast_pct,9.8,10.313796375553489,5.243053988175046,14.253964228623229,861
strusma01,Max Strus,CLE,30,ast_pct,11.3,15.779674683654882,10.70893229627644,19.71984253672462,288
suggsja01,Jalen Suggs,ORL,25,ast_pct,29.6,22.804996302142897,18.548712022635023,27.557768882916662,1574
tateja01,Jae'Sean Tate,HOU,31,ast_pct,8.3,9.900550848298703,4.829808460920261,13.840718701368441,405
tatumja01,Jayson Tatum,BOS,28,ast_pct,25.1,23.77703371464128,18.70629132726284,27.71720156771102,522
terryda01,Dalen Terry,2TM,24,ast_pct,16.0,15.237711584100117,10.166969196721674,19.177879437169857,551
thomaca02,Cam Thomas,2TM,25,ast_pct,21.0,19.18855969506952,14.11781730769108,23.12872754813926,881
thompam01,Amen Thompson,HOU,24,ast_pct,20.4,19.21126867705314,15.094584860335775,25.165174795502537,2953
thompau01,Ausar Thompson,DET,24,ast_pct,16.3,15.129836994286885,11.013153177569519,21.08374311273628,1896
thompet01,Ethan Thompson,IND,27,ast_pct,11.9,13.21733541536746,8.146593027989017,17.1575032684372,653
thompkl01,Klay Thompson,DAL,36,ast_pct,9.5,10.56707275669518,6.310788477187307,15.319845337468948,1497
thybuma01,Matisse Thybulle,POR,29,ast_pct,7.7,9.580794860882685,4.510052473504243,13.520962713952425,480
tomlina01,Nae'Qwan Tomlin,CLE,26,ast_pct,7.0,9.540795337860759,4.470052950482317,13.480963190930499,1004
toppiob01,Obi Toppin,IND,28,ast_pct,21.2,12.557625523527177,7.486883136148735,16.497793376596917,424
townska01,Karl-Anthony Towns,NYK,31,ast_pct,14.7,14.332827904402338,10.216144087684972,20.286734022851732,2322
traorno01,Nolan Traoré,BRK,20,ast_pct,27.2,26.68920064674984,22.432916367241965,31.441973227523604,1243
trentga02,Gary Trent Jr.,MIL,28,ast_pct,8.0,7.933107796509168,3.676823517001294,12.685880377282935,1377
tshieos01,Oscar Tshiebwe,UTA,27,ast_pct,10.6,11.15189426832842,6.081151880949977,15.092062121398158,448
turnemy01,Myles Turner,MIL,30,ast_pct,7.7,7.407823063794104,3.291139247076738,13.3617291822435,1912
tysonja01,Jaylon Tyson,CLE,24,ast_pct,11.6,12.825324553763528,8.569040274255654,17.578097134537295,1777
valanjo01,Jonas Valančiūnas,DEN,34,ast_pct,14.1,14.454005648149495,9.383263260771052,18.394173501219235,871
vandeja01,Jarred Vanderbilt,LAL,27,ast_pct,9.6,10.097337967444677,5.841053687936803,14.850110548218442,1128
vassede01,Devin Vassell,SAS,26,ast_pct,11.0,14.70734597384624,10.590662157128873,20.661252092295634,2044
vincega01,Gabe Vincent,2TM,30,ast_pct,10.8,10.128559723580931,5.057817336202489,14.06872757665067,879
vucevni01,Nikola Vučević,2TM,36,ast_pct,17.7,16.48429574918868,12.228011469680805,21.237068329962444,1818
vukcetr01,Tristan Vukcevic,WAS,23,ast_pct,12.8,14.387460962865497,9.316718575487055,18.327628815935235,671
wadede01,Dean Wade,CLE,30,ast_pct,8.3,7.766023535817605,3.5097392563097314,12.518796116591371,1318
wagnefr01,Franz Wagner,ORL,25,ast_pct,18.2,21.82603817998282,16.75529579260438,25.76620603305256,1019
wagnemo01,Moritz Wagner,ORL,29,ast_pct,9.7,11.829531173889942,6.7587887865114995,15.769699026959682,427
walkeja01,Jabari Walker,PHI,24,ast_pct,6.1,8.022540242257216,2.951797854878774,11.962708095326956,762
walkeja02,Jarace Walker,IND,23,ast_pct,14.3,14.655803045864719,10.539119229147353,20.609709164314115,1953
wallaca01,Cason Wallace,OKC,23,ast_pct,12.7,12.542657686427711,8.425973869710345,18.496563804877105,2046
wallake01,Keaton Wallace,ATL,27,ast_pct,22.5,20.56654291511871,15.495800527740268,24.506710768188448,536
walshjo01,Jordan Walsh,BOS,22,ast_pct,5.8,8.824439819066157,4.568155539558283,13.577212399839922,1212
walteja01,Ja'Kobe Walter,TOR,22,ast_pct,7.7,10.814971162990615,6.558686883482741,15.567743743764382,1474
wareke01,Kel'el Ware,MIA,22,ast_pct,4.6,7.707119160878761,3.450834881370887,12.459891741652527,1704
washipj01,P.J. Washington,DAL,28,ast_pct,8.1,9.309010860933949,5.052726581426075,14.061783441707714,1736
waterli01,Lindy Waters III,SAS,29,ast_pct,8.5,10.437657166535761,5.366914779157319,14.377825019605499,285
watfotr01,Trendon Watford,PHI,26,ast_pct,21.8,19.86432648902935,14.793584101650907,23.804494342099087,864
watkija01,Jamir Watkins,WAS,25,ast_pct,8.8,10.817590369561447,5.746847982183005,14.757758222631185,1032
watsope01,Peyton Watson,DEN,24,ast_pct,9.7,9.337301037588446,5.0810167580805725,14.090073618362212,1598
wellsja01,Jaylen Wells,MEM,23,ast_pct,8.8,9.991815756208473,5.735531476700599,14.74458833698224,1821
wembavi01,Victor Wembanyama,SAS,23,ast_pct,17.6,19.571576902247788,15.454893085530422,25.525483020697184,1866
weslebl01,Blake Wesley,POR,23,ast_pct,24.8,23.566180134141604,18.495437746763162,27.506347987211342,361
westbru01,Russell Westbrook,SAC,38,ast_pct,34.3,29.58841956525404,25.471735748536673,35.54232568370344,1853
whiteco01,Coby White,2TM,26,ast_pct,24.8,21.529342516215817,17.273058236707943,26.282115096989582,1249
whitede01,Derrick White,BOS,32,ast_pct,22.2,20.802865466716508,16.686181649999142,26.756771585165904,2625
whitmca01,Cam Whitmore,WAS,22,ast_pct,6.5,10.098313100482432,5.02757071310399,14.03848095355217,354
wiggiaa01,Aaron Wiggins,OKC,28,ast_pct,10.6,10.557902796540434,6.30161851703256,15.310675377314201,1414
wiggian01,Andrew Wiggins,MIA,31,ast_pct,12.3,11.807680806565644,7.690996989848278,17.761586925015038,2063
willibr03,Brandon Williams,DAL,27,ast_pct,26.3,24.40574399575555,20.149459716247677,29.158516576529316,1463
willico04,Cody Williams,UTA,22,ast_pct,11.4,12.031947479458914,7.77566319995104,16.78472006023268,1631
willigr01,Grant Williams,CHO,28,ast_pct,10.6,11.432324270574293,6.361581883195851,15.372492123644033,711
willija06,Jalen Williams,OKC,25,ast_pct,29.3,23.97566977405898,18.904927386680537,27.915837627128717,936
willija07,Jaylin Williams,OKC,24,ast_pct,16.0,17.083520609932094,12.82723633042422,21.83629319070586,1277
willike04,Kenrich Williams,OKC,32,ast_pct,12.7,11.93099882437286,6.860256436994418,15.871166677442599,855
willima07,Mark Williams,PHO,25,ast_pct,6.3,10.969430934338197,6.713146654830323,15.722203515111964,1416
willipa01,Patrick Williams,CHI,25,ast_pct,9.4,10.313532102284555,6.057247822776681,15.06630468305832,1474
williro04,Robert Williams,POR,29,ast_pct,8.9,9.845250500438532,4.774508113060089,13.78541835350827,1008
willivi01,Vince Williams Jr.,2TM,26,ast_pct,27.5,20.88984041237901,15.819098025000567,24.830008265448747,820
willizi01,Zion Williamson,NOP,26,ast_pct,17.7,24.063887464168115,19.94720364745075,30.01779358261751,1841
willizi02,Ziaire Williams,BRK,25,ast_pct,7.4,9.612249579867159,5.355965300359285,14.365022160640926,1281
wilsoja03,Jalen Wilson,BRK,26,ast_pct,9.0,11.114640032929463,6.043897645551021,15.054807885999203,859
wolfda01,Danny Wolf,BRK,22,ast_pct,17.1,18.310182115997772,14.053897836489899,23.062954696771538,1187
yabusgu01,Guerschon Yabusele,2TM,31,ast_pct,8.3,10.670320067582251,5.599577680203809,14.610487920651991,1007
yangha01,Yang Hansen,POR,21,ast_pct,9.8,14.171016795330143,9.100274407951702,18.11118464839988,300
youngtr01,Trae Young,2TM,28,ast_pct,45.8,43.650691232049525,38.57994884467108,47.59085908511926,384
zubaciv01,Ivica Zubac,2TM,29,ast_pct,11.3,11.065858820634299,6.809574541126425,15.818631401408066,1446
achiupr01,Precious Achiuwa,SAC,27,blk_pct,2.6,2.969580521568919,2.205403927328053,3.705718249811349,1745
adamsst01,Steven Adams,HOU,33,blk_pct,2.5,2.704844789287702,1.8629232415799828,3.6022725524410686,730
adebaba01,Bam Adebayo,MIA,29,blk_pct,1.8,1.9999460658782304,1.3541313285334715,2.5731322470827194,2365
agbajoc01,Ochai Agbaji,2TM,26,blk_pct,1.7,1.842652400564774,1.0007308528570549,2.7400801637181407,973
aldamsa01,Santi Aldama,MEM,26,blk_pct,2.4,2.2371917378552415,1.4730151436143757,2.9733294660976717,1198
alexani01,Nickeil Alexander-Walker,ATL,28,blk_pct,1.5,1.5571706981087283,0.9113559607639694,2.1303568793132173,2603
allengr01,Grayson Allen,PHO,31,blk_pct,0.8,1.1850201564588547,0.4208435622179888,1.9211578847012847,1467
allenja01,Jarrett Allen,CLE,28,blk_pct,2.9,2.8298361863322934,2.0656595920914276,3.5659739145747236,1519
alvarjo01,Jose Alvarado,2TM,28,blk_pct,0.6,0.9407178484152837,0.1765412541744178,1.6768555766577138,1370
anderky01,Kyle Anderson,3TM,33,blk_pct,2.8,2.658330152775358,1.816408605067639,3.5557579159287247,853
antetgi01,Giannis Antetokounmpo,MIL,32,blk_pct,2.3,2.6612960373831824,1.8193744896754633,3.558723800536549,1039
anthoco01,Cole Anthony,MIL,26,blk_pct,2.1,2.116589493695079,1.2746679459873598,3.0140172568484456,527
anunoog01,OG Anunoby,NYK,29,blk_pct,2.2,2.0830515464252426,1.4372368090804837,2.6562377276297315,2224
avdijde01,Deni Avdija,POR,26,blk_pct,1.7,1.5273118691078664,0.8814971317631075,2.100498050312355,2199
aytonde01,Deandre Ayton,LAL,28,blk_pct,3.3,2.7729007260279848,2.127085988683226,3.3460869072324737,1958
baglema01,Marvin Bagley III,2TM,27,blk_pct,3.1,2.711990089728056,1.9478134954871904,3.4481278179704864,1201
baileac01,Ace Bailey,UTA,20,blk_pct,2.4,2.276442178983721,1.6306274416389621,2.84962836018821,1988
ballla01,LaMelo Ball,CHO,25,blk_pct,0.8,0.8202587983684987,0.17444406102373977,1.3934449795729875,2017
balllo01,Lonzo Ball,CLE,29,blk_pct,1.2,1.5341671911988937,0.6922456434911746,2.4315949543522604,728
banchpa01,Paolo Banchero,ORL,24,blk_pct,1.4,1.4961965886385957,0.8503818512938368,2.0693827698430844,2502
banede01,Desmond Bane,ORL,28,blk_pct,1.2,1.221748537349968,0.575933800005209,1.7949347185544569,2756
barlodo01,Dominick Barlow,PHI,23,blk_pct,2.9,2.901489687234653,2.137313092993787,3.637627415477083,1689
barneha02,Harrison Barnes,SAS,34,blk_pct,0.5,0.5936846474875767,-0.05213008985718226,1.1668708286920655,1986
barnesc01,Scottie Barnes,TOR,25,blk_pct,4.2,3.5566043089801926,2.9107895716354335,4.129790490184681,2681
barnhbr01,Brooks Barnhizer,OKC,24,blk_pct,1.4,1.553850331155185,0.7119287834474659,2.4512780943085515,348
barrerj01,RJ Barrett,TOR,26,blk_pct,1.1,1.0602042188963985,0.29602762465553256,1.7963419471388287,1726
battlja01,Jamison Battle,TOR,25,blk_pct,0.6,0.9472405281883682,0.10531898048064914,1.8446682913417347,517
batumni01,Nicolas Batum,LAC,38,blk_pct,1.7,2.086291703416686,1.32211510917582,2.822429431659116,1295
berinjo01,Joan Beringer,MIN,20,blk_pct,7.2,4.620121717959254,3.7782001702515347,5.517549481112621,314
beysa01,Saddiq Bey,NOP,27,blk_pct,0.3,0.4164818878803225,-0.22933284946443644,0.9896680690848113,2246
bitadgo01,Goga Bitadze,ORL,27,blk_pct,5.7,5.868514985655629,5.02659343794791,6.765942748808996,972
blackan01,Anthony Black,ORL,23,blk_pct,2.1,2.132640436268642,1.486825698923883,2.705826617473131,1910
blackle01,Leaky Black,WAS,27,blk_pct,1.6,2.0018659078900005,1.1599443601822814,2.899293671043367,433
bogdabo01,Bogdan Bogdanović,LAC,34,blk_pct,0.6,0.9437497237226502,0.1018281760149311,1.841177486876017,452
bonaad01,Adem Bona,PHI,23,blk_pct,6.2,6.083780650193792,5.319604055952926,6.819918378436222,1234
bookede01,Devin Booker,PHO,30,blk_pct,0.8,0.8214052485620671,0.17559051121730818,1.3945914297665558,2146
bouyeja01,Jamaree Bouyea,PHO,27,blk_pct,2.4,2.1698477254082777,1.3279261777005587,3.0672754885616444,644
bradlto01,Tony Bradley,2TM,29,blk_pct,1.3,1.4686821672888768,0.6267606195811577,2.3661099304422435,450
branhma01,Malaki Branham,WAS,23,blk_pct,1.0,0.7188480774967998,-0.1230734702109193,1.6162758406501663,275
braunch01,Christian Braun,DEN,25,blk_pct,0.8,1.223059251329862,0.458882657088996,1.959196979572292,1399
bridgmi01,Mikal Bridges,NYK,30,blk_pct,2.4,1.676393443605593,1.030578706260834,2.2495796248100817,2692
bridgmi02,Miles Bridges,CHO,28,blk_pct,1.3,1.5090426095466036,0.8632278722018447,2.0822287907510924,2387
brookdi01,Dillon Brooks,PHO,31,blk_pct,0.5,0.5241773461908006,-0.23999924805006534,1.2603150744332305,1702
brownbr01,Bruce Brown,DEN,30,blk_pct,0.9,0.9903077905080493,0.3444930531632904,1.5634939717125382,1998
brownja02,Jaylen Brown,BOS,30,blk_pct,1.1,1.1543707672088461,0.5085560298640872,1.7275569484133348,2443
brownko01,Kobe Brown,2TM,27,blk_pct,1.1,1.2529832345124488,0.41106168680472965,2.1504109976658152,963
brunsja01,Jalen Brunson,NYK,30,blk_pct,0.3,0.4291813192615284,-0.2166334180832305,1.0023675004660173,2590
bryanca01,Carter Bryant,SAS,21,blk_pct,2.5,2.3492232040477488,1.5073016563400297,3.2466509672011155,818
bryanth01,Thomas Bryant,CLE,29,blk_pct,3.4,3.343144511574098,2.501222963866379,4.240572274727464,732
burtoty01,Tyler Burton,MEM,26,blk_pct,1.2,1.49381004584534,0.651888498137621,2.3912378089987065,307
butleji01,Jimmy Butler,GSW,37,blk_pct,0.6,0.8300897219301259,0.06591312768925994,1.566227450172556,1182
buzelma01,Matas Buzelis,CHI,22,blk_pct,4.5,4.199583484856988,3.553768747512229,4.7727696660614765,2248
cainja01,Jamal Cain,ORL,27,blk_pct,0.7,1.3245041216279982,0.48258257392027915,2.2219318847813647,486
caldwke01,Kentavious Caldwell-Pope,MEM,33,blk_pct,0.7,1.3388597940604792,0.49693824635276007,2.2362875572138456,1088
camarto01,Toumani Camara,POR,26,blk_pct,1.1,1.4506937333358902,0.8048789959911313,2.023879914540379,2731
capelca01,Clint Capela,HOU,32,blk_pct,6.3,4.811899616177439,3.96997806846972,5.709327379330806,926
cardwdy01,Dylan Cardwell,SAC,25,blk_pct,6.8,5.607684921933212,4.765763374225493,6.505112685086579,907
carlsbr01,Branden Carlson,OKC,27,blk_pct,5.4,4.03977183371477,3.197850286007051,4.937199596868137,488
carrica01,Bub Carrington,WAS,21,blk_pct,0.7,0.8288642217891418,0.18304948444438285,1.4020504029936305,2271
cartede02,Devin Carter,SAC,24,blk_pct,1.2,1.2426855905718168,0.4007640428640977,2.1401133537251833,700
carteje01,Jevon Carter,2TM,31,blk_pct,1.0,1.2149183822230971,0.372996834515378,2.112346145376464,867
cartewe01,Wendell Carter Jr.,ORL,27,blk_pct,1.9,1.919451952354895,1.273637215010136,2.492638133559384,2288
carusal01,Alex Caruso,OKC,32,blk_pct,1.6,2.5746066662592573,1.7326851185515382,3.472034429412624,1020
castlst01,Stephon Castle,SAS,22,blk_pct,0.8,0.8792049772437859,0.23339023989902696,1.4523911584482747,2038
champju01,Justin Champagnie,WAS,25,blk_pct,2.7,2.551150143550172,1.7869735493093062,3.287287871792602,1377
champju02,Julian Champagnie,SAS,25,blk_pct,1.5,1.6877968351307602,1.0419820977860013,2.260983016335249,2266
chandke01,Kennedy Chandler,UTA,24,blk_pct,0.5,1.049393069323241,0.20747152161552185,1.9468208324766074,355
chrisca02,Cam Christie,LAC,21,blk_pct,0.6,1.0782925349479486,0.23637098724022954,1.975720298101315,480
chrisma02,Max Christie,DAL,23,blk_pct,1.0,1.2363979789944526,0.5905832416496937,1.8095841601989413,2244
cissemo01,Moussa Cisse,DAL,24,blk_pct,7.2,5.2972817174784685,4.455360169770749,6.194709480631835,530
cissosi01,Sidy Cissoko,POR,22,blk_pct,1.5,1.5217509994958054,0.7575744052549395,2.2578887277382353,1435
clarkja02,Jaylen Clark,MIN,25,blk_pct,0.9,0.9153895891080303,0.07346804140031116,1.8128173522613968,888
clarkjo01,Jordan Clarkson,NYK,34,blk_pct,0.7,0.7141946360788778,-0.04998195816198814,1.4503323643213077,1279
claxtni01,Nic Claxton,BRK,27,blk_pct,3.7,4.652153088269943,4.0063383509251835,5.225339269474431,1920
claytwa01,Walter Clayton,2TM,23,blk_pct,1.3,1.4015404656947656,0.6373638714538997,2.137678193937196,1410
cliffni01,Nique Clifford,SAC,24,blk_pct,1.2,1.2344043314815147,0.5885895941367558,1.8075905126860037,1882
clingdo01,Donovan Clingan,POR,22,blk_pct,5.5,5.781637024145328,5.135822286800569,6.354823205349817,2094
clownno01,Noah Clowney,BRK,22,blk_pct,2.3,2.2568737653473665,1.4926971711065007,2.9930114935897967,1780
coffeam01,Amir Coffey,2TM,29,blk_pct,1.0,0.7287835783935682,-0.11313796931415088,1.6262113415469348,490
colliis01,Isaiah Collier,UTA,22,blk_pct,1.3,1.086018517136299,0.3218419228954331,1.822156245378729,1517
collijo01,John Collins,LAC,29,blk_pct,2.6,2.6993594320838947,2.053544694739136,3.2725456132883837,1872
conlemi01,Mike Conley,MIN,39,blk_pct,1.2,0.9427473330119562,0.10082578530423714,1.8401750961653227,991
connapa01,Pat Connaughton,CHO,34,blk_pct,0.3,1.1711010706601634,0.32917952295244435,2.06852883381353,297
coopesh01,Sharife Cooper,WAS,25,blk_pct,0.6,0.9378348066609477,0.09591325895322855,1.8352625698143141,700
coulibi01,Bilal Coulibaly,WAS,22,blk_pct,3.2,2.3952588469345533,1.6310822526936875,3.1313965751769834,1468
cowarce01,Cedric Coward,MEM,23,blk_pct,1.6,1.647351675905044,0.883175081664178,2.383489404147474,1598
cryerlj01,LJ Cryer,GSW,25,blk_pct,0.0,0.8889922207348814,0.04707067302716228,1.786419983888248,292
cunnica01,Cade Cunningham,DET,25,blk_pct,2.5,1.9547155770855666,1.3089008397408077,2.5279017582900556,2172
curryst01,Stephen Curry,GSW,38,blk_pct,1.2,1.1614161400207899,0.39723954577992393,1.8975538682632198,1329
daniedy01,Dyson Daniels,ATL,23,blk_pct,1.1,1.5730843896173219,0.927269652272563,2.1462705708218106,2520
dasiltr01,Tristan Da Silva,ORL,25,blk_pct,1.2,1.1928225933333452,0.5470078559885863,1.7660087745378341,1899
davisan02,Anthony Davis,DAL,33,blk_pct,4.5,5.378938817374184,4.537017269666465,6.276366580527551,626
demineg01,Egor Dëmin,BRK,20,blk_pct,1.2,1.2600854606085545,0.4959088663676886,1.9962231888509847,1308
derozde01,DeMar DeRozan,SAC,37,blk_pct,0.9,1.113833898235055,0.46801916089029616,1.6870200794395438,2406
diabamo01,Moussa Diabaté,CHO,25,blk_pct,3.5,3.2377385306990427,2.591923793354284,3.8109247119035317,1899
diawamo01,Mohamed Diawara,NYK,21,blk_pct,1.0,1.2771337902207414,0.43521224251302226,2.174561553374108,634
dickgr01,Gradey Dick,TOR,23,blk_pct,0.6,0.600795580830743,-0.24112596687697607,1.4982233439841095,1067
diengou01,Ousmane Dieng,2TM,23,blk_pct,1.5,1.5720060098363449,0.8078294155954789,2.308143738078775,1099
dilliro01,Rob Dillingham,2TM,22,blk_pct,0.5,0.6181631899311715,-0.22375835777654762,1.515590953084538,970
divindo01,Donte DiVincenzo,MIN,30,blk_pct,1.2,1.272981909186493,0.627167171841734,1.8461680903909818,2494
doncilu01,Luka Dončić,LAL,27,blk_pct,1.4,1.2528300620985733,0.6070153247538144,1.8260162433030622,2289
dortlu01,Luguentz Dort,OKC,27,blk_pct,1.4,1.6520531881861973,1.0062384508414384,2.2252393693906862,1849
dosunay01,Ayo Dosunmu,2TM,27,blk_pct,0.8,1.131034685956153,0.48521994861139417,1.7042208671606418,1881
drumman01,Andre Drummond,PHI,33,blk_pct,3.7,3.272314443003805,2.508137848762939,4.008452171246235,1231
dunnkr01,Kris Dunn,LAC,32,blk_pct,0.6,1.1112357285502594,0.4654209912055005,1.6844219097547484,2230
dunnry01,Ryan Dunn,PHO,24,blk_pct,2.0,2.2200497584280856,1.4558731641872198,2.956187486670516,1355
duranke01,Kevin Durant,HOU,38,blk_pct,2.3,2.626098056609451,1.9802833192646923,3.19928423781394,2840
durenja01,Jalen Duren,DET,23,blk_pct,3.0,3.1874595939637547,2.541644856618996,3.7606457751682436,1976
easonta01,Tari Eason,HOU,25,blk_pct,1.7,2.38255797902633,1.6183813847854642,3.11869570726876,1549
edeyza01,Zach Edey,MEM,24,blk_pct,6.8,5.063195205466678,4.2212736577589585,5.9606229686200445,284
edgecvj01,VJ Edgecombe,PHI,21,blk_pct,1.4,1.4576600442456995,0.8118453069009406,2.0308462254501882,2623
edwaran01,Anthony Edwards,MIN,25,blk_pct,2.0,1.6803335743563468,1.0345188370115879,2.2535197555608355,2137
edwarju01,Justin Edwards,PHI,23,blk_pct,1.1,1.3334300512524138,0.49150850354469466,2.2308578144057805,977
elliske01,Keon Ellis,2TM,27,blk_pct,2.9,2.8490027297777956,2.0848261355369297,3.5851404580202257,1478
embiijo01,Joel Embiid,PHI,32,blk_pct,3.6,3.5622440267592586,2.7980674325183927,4.298381755001689,1201
etienty01,Tyson Etienne,BRK,27,blk_pct,0.0,0.7248763133376579,-0.1170452343700612,1.6223040764910244,380
eubandr01,Drew Eubanks,SAC,29,blk_pct,4.3,4.226404846400227,3.3844832986925075,5.1238326095535935,552
fearsje01,Jeremiah Fears,NOP,20,blk_pct,1.3,1.3091658199913219,0.663351082646563,1.8823520011958106,2112
filipky01,Kyle Filipowski,UTA,23,blk_pct,2.1,1.829768395738562,1.0655918014976962,2.565906123980992,1801
finnedo01,Dorian Finney-Smith,HOU,33,blk_pct,0.9,1.442088805267531,0.6001672575598118,2.3395165684208976,620
flaggco01,Cooper Flagg,DAL,20,blk_pct,2.3,2.1962463275055626,1.5504315901608037,2.7694325087100515,2344
flemira01,Rasheer Fleming,PHO,22,blk_pct,3.0,2.6266695303135834,1.7847479826058643,3.52409729346695,673
fontesi01,Simone Fontecchio,MIA,31,blk_pct,0.7,0.9366172220201581,0.17244062777929214,1.672754950262588,1173
foxde01,De'Aaron Fox,SAS,29,blk_pct,0.8,0.9764701028419048,0.3306553654971459,1.5496562840463937,2231
furphjo01,Johnny Furphy,IND,22,blk_pct,0.9,1.5025774252819681,0.660655877574249,2.4000051884353346,643
gaffoda01,Daniel Gafford,DAL,28,blk_pct,4.9,5.901477179842638,5.137300585601772,6.637614908085069,1195
gardnmy01,Myron Gardner,MIA,25,blk_pct,1.7,1.7416040873181542,0.8996825396104351,2.639031850471521,411
garlada01,Darius Garland,2TM,27,blk_pct,0.6,0.4569467530628939,-0.30722984117797203,1.1930844813053239,1344
garzalu01,Luka Garza,BOS,28,blk_pct,2.5,2.3296583697501747,1.565481775509309,3.065796097992605,1118
georgke01,Keyonte George,UTA,23,blk_pct,0.8,0.6105448535444552,-0.15363174069641072,1.3466825817868853,1786
georgky01,Kyshawn George,WAS,23,blk_pct,2.7,2.540056821763001,1.7758802275221353,3.2761945500054312,1391
georgpa01,Paul George,PHI,36,blk_pct,1.3,1.3704315757190266,0.6062549814781607,2.106569303961457,1135
giddejo01,Josh Giddey,CHI,24,blk_pct,1.4,1.6602971951973686,0.8961206009565027,2.3964349234397986,1731
gilgesh01,Shai Gilgeous-Alexander,OKC,28,blk_pct,2.3,2.4997863756513303,1.8539716383065714,3.0729725568558193,2259
gillan01,Anthony Gill,WAS,34,blk_pct,1.9,1.642028438898006,0.8001068911902869,2.5394562020513725,951
gilleco01,Collin Gillespie,PHO,27,blk_pct,0.7,0.783183510768208,0.1373687734234491,1.3563696919726969,2282
goberru01,Rudy Gobert,MIN,34,blk_pct,4.5,4.4993331310259475,3.8535183936811883,5.072519312230436,2380
gonzahu01,Hugo González,BOS,20,blk_pct,2.0,1.9144341737517785,1.0725126260440594,2.811861936905145,1084
goodwjo01,Jordan Goodwin,PHO,28,blk_pct,0.9,1.2512752263704325,0.4870986321295666,1.9874129546128625,1572
gordoaa01,Aaron Gordon,DEN,31,blk_pct,0.9,1.1991594462222677,0.35723789851454857,2.096587209375634,1005
grantje01,Jerami Grant,POR,32,blk_pct,1.9,2.01130098944999,1.247124395209124,2.74743871769242,1695
greenaj01,A.J. Green,MIL,27,blk_pct,0.4,0.4482504910477626,-0.19756424629699632,1.0214366722522514,2270
greendr01,Draymond Green,GSW,36,blk_pct,2.1,2.662600017833538,2.0167852804887794,3.235786199038027,1869
greenja02,Javonte Green,DET,33,blk_pct,1.7,2.0183300943769953,1.2541535001361295,2.7544678226194255,1446
greenja05,Jalen Green,PHO,24,blk_pct,0.9,0.9369350550388432,0.09501350733112413,1.8343628181922098,828
greenjo02,Josh Green,CHO,26,blk_pct,0.6,0.735839329661803,-0.10608221804591611,1.6332670928151696,908
grimequ01,Quentin Grimes,PHI,26,blk_pct,1.2,1.07147125219484,0.42565651485008105,1.644657433399329,2206
gueyemo02,Mouhamed Gueye,ATL,24,blk_pct,3.0,3.388911005256225,2.624734411015359,4.125048733498655,1179
hachiru01,Rui Hachimura,LAL,28,blk_pct,1.0,1.1479545903289627,0.5021398529842038,1.7211407715334515,1927
hardati02,Tim Hardaway Jr.,DEN,34,blk_pct,0.4,0.3883606929365019,-0.25745404440825703,0.9615468741409907,2127
hardeja01,James Harden,2TM,37,blk_pct,1.1,1.6224393351222308,0.9766245977774719,2.1956255163267198,2438
hardyja02,Jaden Hardy,2TM,24,blk_pct,0.6,0.613903744017285,-0.22801780369043412,1.5113315071706515,898
harklej01,Elijah Harkless,UTA,26,blk_pct,1.1,1.3371013091518102,0.49517976144409115,2.2345290723051767,545
harpedy01,Dylan Harper,SAS,20,blk_pct,1.4,1.4136585984931782,0.6494820042523123,2.149796326735608,1558
harpero02,Ron Harper Jr.,BOS,26,blk_pct,2.9,2.3902300600602446,1.5483085123525255,3.2876578232136113,318
harriga01,Gary Harris,MIL,32,blk_pct,1.4,1.308052792944409,0.4661312452366899,2.2054805560977755,661
harrito02,Tobias Harris,DET,34,blk_pct,1.5,1.9046898369296565,1.1405132426887907,2.6408275651720867,1746
harteis01,Isaiah Hartenstein,OKC,28,blk_pct,3.1,3.5600821274638177,2.795905533222952,4.296219855706248,1137
hartjo01,Josh Hart,NYK,31,blk_pct,0.9,0.8573780294020352,0.2115632920572763,1.4305642106065242,1994
hausesa01,Sam Hauser,BOS,29,blk_pct,1.2,1.1084665727129435,0.46265183536818455,1.6816527539174322,1934
hawkijo01,Jordan Hawkins,NOP,24,blk_pct,1.4,1.3081362193856696,0.4662146716779505,2.205563982539036,692
hayesja02,Jaxson Hayes,LAL,26,blk_pct,4.0,3.6910906944293225,2.9269141001884567,4.427228422671752,1207
hayeski01,Killian Hayes,SAC,25,blk_pct,0.9,1.4602385393496216,0.6183169916419025,2.357666302502988,406
hendesc01,Scoot Henderson,POR,22,blk_pct,1.1,0.8417730712717403,-0.0001484764359788171,1.7392008344251069,748
hendrta01,Taylor Hendricks,2TM,23,blk_pct,2.5,2.575466567265643,1.8112899730247771,3.311604295508073,1118
herroty01,Tyler Herro,MIA,27,blk_pct,1.0,0.6333053568846616,-0.2086161908230575,1.530733120038028,1033
hieldbu01,Buddy Hield,2TM,34,blk_pct,1.0,1.330305020177736,0.4883834724700169,2.2277327833311027,819
hinsobl01,Blake Hinson,UTA,27,blk_pct,0.7,1.2098725315298118,0.3679509838220927,2.1073002946831783,285
holidaa01,Aaron Holiday,HOU,30,blk_pct,0.6,0.871163497559866,0.029241949852146898,1.7685912607132326,781
holidjr01,Jrue Holiday,POR,36,blk_pct,0.3,1.2102871017460006,0.4461105075051347,1.9464248299884308,1560
hollaro01,Ron Holland,DET,21,blk_pct,1.7,1.5865354700615228,0.8223588758206569,2.322673198303953,1551
holmgch01,Chet Holmgren,OKC,24,blk_pct,6.4,6.639865948178578,5.994051210833819,7.213052129383066,1997
horfoal01,Al Horford,GSW,40,blk_pct,4.9,3.431514416705663,2.5895928689979435,4.3289421798590295,969
howarje01,Jett Howard,ORL,23,blk_pct,1.4,1.5290553699562195,0.6871338222485004,2.426483133109586,695
huertke01,Kevin Huerter,2TM,28,blk_pct,1.9,1.5228300373906571,0.7586534431497912,2.2589677656330873,1549
huffja01,Jay Huff,IND,28,blk_pct,7.6,6.7760480961866065,6.01187150194574,7.512185824429037,1719
hukpoar01,Ariel Hukporti,NYK,24,blk_pct,5.3,4.006923722064832,3.165002174357113,4.904351485218199,498
huntede01,De'Andre Hunter,2TM,29,blk_pct,0.5,0.7295314260986955,-0.034645168142170446,1.4656691543411255,1176
hylanbo01,Bones Hyland,MIN,26,blk_pct,1.3,1.257908442412381,0.49373184817151505,1.9940461706548112,1177
ighodos01,Oso Ighodaro,PHO,24,blk_pct,3.0,2.7247402283880744,1.9605636341472086,3.4608779566305046,1808
ingrabr01,Brandon Ingram,TOR,29,blk_pct,2.0,1.8972666858436753,1.2514519484989164,2.4704528670481642,2604
isaacjo01,Jonathan Isaac,ORL,29,blk_pct,5.4,5.95291094471613,5.110989397008411,6.850338707869497,521
iveyja01,Jaden Ivey,2TM,24,blk_pct,2.0,1.5665666992644554,0.7246451515567363,2.463994462417822,670
jacksan01,Andre Jackson Jr.,MIL,25,blk_pct,1.0,1.2206061787608407,0.37868463105312156,2.118033941914207,408
jacksgg01,GG Jackson II,MEM,22,blk_pct,3.4,2.3893963322956666,1.6252197380548008,3.125534060538097,1178
jacksis01,Isaiah Jackson,2TM,25,blk_pct,4.8,4.696445051236001,3.8545235035282817,5.593872814389368,908
jacksja02,Jaren Jackson Jr.,2TM,27,blk_pct,4.4,4.37564786799727,3.6114712737564045,5.1117855962397005,1454
jacksqu01,Quenton Jackson,IND,28,blk_pct,0.6,0.9205259541117328,0.07860440640401367,1.8179537172650995,897
jackstr02,Trayce Jackson-Davis,2TM,26,blk_pct,4.5,4.354628417424287,3.5127068697165678,5.252056180577654,496
jakucka01,Kasparas Jakučionis,MIA,20,blk_pct,0.7,0.9092644767016673,0.06734292899394823,1.806692239855034,945
jamesbr02,Bronny James,LAL,22,blk_pct,1.0,1.3310144231061396,0.4890928753984205,2.2284421862595063,375
jamesle01,LeBron James,LAL,42,blk_pct,1.6,1.1386863159148761,0.4928715785701172,1.7118724971193648,1989
jamessi01,Sion James,CHO,24,blk_pct,1.0,1.0624528022477135,0.41663806490295463,1.6356389834522025,1843
jaqueja01,Jaime Jaquez Jr.,MIA,25,blk_pct,0.9,0.9566092550311275,0.31079451768636857,1.5297954362356163,2121
jenkida01,Daniss Jenkins,DET,25,blk_pct,1.0,1.1161561385488208,0.35197954430795486,1.8522938667912507,1455
jeromty01,Ty Jerome,MEM,29,blk_pct,1.1,0.5985572955113271,-0.24336425219639202,1.4959850586646937,339
joeis01,Isaiah Joe,OKC,27,blk_pct,0.7,0.8385619589537496,0.0743853647128837,1.5746996871961798,1507
johnsaj01,AJ Johnson,2TM,22,blk_pct,0.6,0.7649385508116276,-0.07698299689609145,1.6623663139649942,454
johnsca02,Cameron Johnson,DEN,30,blk_pct,1.2,1.255041480549834,0.4908648863089681,1.9911792087922642,1647
johnsch06,Chaney Johnson,BRK,24,blk_pct,2.4,2.1069336115111925,1.2650120638034734,3.004361374664559,348
johnsja05,Jalen Johnson,ATL,25,blk_pct,1.1,1.6803936120518892,1.0345788747071303,2.253579793256378,2532
johnske04,Keldon Johnson,SAS,27,blk_pct,0.5,0.7681936858499837,0.1223789485052248,1.3413798670544725,1911
johnske10,Keshad Johnson,MIA,25,blk_pct,2.5,2.155819379695163,1.313897831987444,3.0532471428485297,280
johnstr03,Tre Johnson,WAS,20,blk_pct,1.1,1.1672655593248267,0.40308896508396075,1.9034032875672566,1443
jokicni01,Nikola Jokić,DEN,31,blk_pct,2.2,1.9008728111435604,1.2550580737988015,2.4740589923480494,2265
jonesde02,Derrick Jones Jr.,LAC,29,blk_pct,3.5,2.446830976390921,1.682654382150055,3.182968704633351,1350
joneshe01,Herbert Jones,NOP,28,blk_pct,1.6,1.905009771568588,1.140833177327722,2.641147499811018,1588
joneska03,Kam Jones,IND,24,blk_pct,0.0,0.5313724198811604,-0.31054912782655875,1.428800183034527,616
jonessp01,Spencer Jones,DEN,25,blk_pct,1.9,1.8702406597892784,1.1060640655484124,2.6063783880317084,1417
jonestr01,Tre Jones,CHI,27,blk_pct,0.5,0.5549844511384527,-0.20919214310241319,1.2911221793808827,1752
jonesty01,Tyus Jones,3TM,30,blk_pct,0.3,0.5791768613576973,-0.2627446863500218,1.4766046245110638,979
jovicni01,Nikola Jović,MIA,23,blk_pct,1.9,1.5298519838866143,0.6879304361788952,2.427279747039981,808
kalkbry01,Ryan Kalkbrenner,CHO,25,blk_pct,6.3,5.567560105572707,4.803383511331841,6.3036978338151375,1479
kennalu01,Luke Kennard,2TM,30,blk_pct,0.4,0.480515613358274,-0.28366098088259195,1.2166533416007042,1681
kispeco01,Corey Kispert,2TM,27,blk_pct,0.7,0.7192923674200615,-0.12262918028765757,1.616720130573428,1080
klebima01,Maxi Kleber,LAL,35,blk_pct,2.2,2.384482633898839,1.5425610861911199,3.2819103970522057,461
knechda01,Dalton Knecht,LAL,25,blk_pct,1.8,1.0195816633323476,0.17766011562462847,1.917009426485714,553
knuepko01,Kon Knueppel,CHO,21,blk_pct,0.7,0.8282904241248764,0.1824756867801175,1.4014766053293652,2551
kolekty01,Tyler Kolek,NYK,25,blk_pct,0.6,0.9945278833455178,0.15260633563779868,1.8919556464988845,727
kolokch01,Christian Koloko,3TM,26,blk_pct,5.9,4.1824284377061876,3.3405068899984682,5.079856200859554,357
konanya01,Yanic Konan Niederhäuser,LAC,23,blk_pct,6.7,4.778217760652776,3.9362962129450567,5.675645523806143,424
konchjo01,John Konchar,2TM,30,blk_pct,3.2,3.177233454228156,2.4130568599872904,3.9133711824705864,1115
kornelu01,Luke Kornet,SAS,31,blk_pct,4.0,4.28046584910402,3.5162892548631546,5.016603577346451,1430
krejcvi01,Vít Krejčí,2TM,26,blk_pct,1.2,1.5043000717767896,0.7401234775359237,2.2404378000192198,1392
kuminjo01,Jonathan Kuminga,2TM,24,blk_pct,1.2,1.5328748889137027,0.6909533412059836,2.4303026520670694,830
kuzmaky01,Kyle Kuzma,MIL,31,blk_pct,1.5,1.3566529525425075,0.5924763583016416,2.0927906807849377,1806
landajo01,Jock Landale,2TM,31,blk_pct,2.2,2.3549240717177464,1.5907474774768806,3.0910617999601766,1506
laniech01,Chaz Lanier,DET,25,blk_pct,0.0,0.9393576552364927,0.09743610752877363,1.8367854183898593,262
laravja01,Jake LaRavia,LAL,25,blk_pct,1.7,1.6236976095689832,0.9778828722242243,2.196883790773472,2061
larsspe01,Pelle Larsson,MIA,25,blk_pct,0.8,0.9077953404964095,0.2619806031516506,1.4809815217008984,1849
lavinza01,Zach LaVine,SAC,31,blk_pct,0.8,0.6227213864270781,-0.14145520781378784,1.3588591146695082,1224
leonaka01,Kawhi Leonard,LAC,35,blk_pct,1.2,1.5802741636641835,0.9344594263194246,2.153460344868672,2085
leonsma01,Malevy Leons,GSW,27,blk_pct,3.0,2.3584370740774725,1.5165155263697534,3.255864837230839,276
leverca01,Caris LeVert,DET,32,blk_pct,3.5,2.2193588450619144,1.4551822508210486,2.9554965733043446,1154
liddeej01,E.J. Liddell,BRK,26,blk_pct,2.7,2.3035046082841006,1.4615830605763815,3.2009323714374673,349
liveris01,Isaiah Livers,PHO,28,blk_pct,2.2,1.6508774731540907,0.8089559254463716,2.548305236307457,347
looneke01,Kevon Looney,NOP,30,blk_pct,3.1,2.686434567709826,1.844513020002107,3.5838623308631927,308
lopezbr01,Brook Lopez,LAC,38,blk_pct,5.0,5.388761856984595,4.624585262743729,6.124899585227025,1635
loveca01,Caleb Love,POR,25,blk_pct,0.4,0.6940331366330044,-0.14788841107471473,1.5914608997863708,1013
loveke01,Kevin Love,UTA,38,blk_pct,1.4,1.3355903453070808,0.49366879759936166,2.2330181084604472,613
maluakh01,Khaman Maluach,PHO,20,blk_pct,7.7,5.27060849711784,4.428686949410121,6.168036260271207,411
mamuksa01,Sandro Mamukelashvili,TOR,27,blk_pct,2.3,2.181240072477377,1.417063478236511,2.917377800719807,1751
mannte01,Terance Mann,BRK,30,blk_pct,0.9,0.9732222729225076,0.2090456786816417,1.7093600011649377,1529
manntr01,Tre Mann,CHO,25,blk_pct,0.7,0.7975415397593316,-0.04438000794838748,1.6949693029126982,669
markkla01,Lauri Markkanen,UTA,29,blk_pct,1.4,1.2700740961460248,0.5058975019051589,2.006211824388455,1443
marshna01,Naji Marshall,DAL,29,blk_pct,0.2,0.45975167921697724,-0.18606305812778168,1.032937860421466,2184
martica02,Caleb Martin,DAL,31,blk_pct,1.5,1.597658882406313,0.7557373346985938,2.4950866455596796,856
martity01,Tyrese Martin,2TM,27,blk_pct,0.7,0.7887343646331902,-0.053187183074528854,1.6861621277865568,777
mashaja01,Jahmai Mashack,MEM,24,blk_pct,1.9,1.8366443332089766,0.9947227855012575,2.7340720963623433,673
mathube01,Bennedict Mathurin,2TM,24,blk_pct,0.7,0.834003751907468,0.06982715766660208,1.570141480149898,1620
matkoka01,Karlo Matković,NOP,25,blk_pct,5.6,4.7929948889011165,3.951073341193397,5.690422652054483,912
maxeyty01,Tyrese Maxey,PHI,26,blk_pct,1.9,1.4636631935990898,0.8178484562543309,2.0368493748035785,2661
mbengbe01,Bez Mbeng,UTA,23,blk_pct,1.0,1.320983459741829,0.47906191203410997,2.2184112228951958,492
mcbrimi01,Miles McBride,NYK,26,blk_pct,0.9,0.901630823633344,0.059709275925624916,1.7990585867867106,1080
mccaija01,Jared McCain,2TM,22,blk_pct,0.4,0.4782583752143308,-0.28591821902653514,1.2143961034567607,1160
mccolcj01,CJ McCollum,2TM,35,blk_pct,1.4,1.492962376919209,0.8471476395744502,2.066148558123698,2264
mccontj01,T.J. McConnell,IND,34,blk_pct,0.9,1.0223484366270867,0.18042688891936765,1.9197761997804532,963
mcdanja02,Jaden McDaniels,MIN,26,blk_pct,2.7,2.4129231695142703,1.7671084321695114,2.9861093507187593,2316
mcderdo01,Doug McDermott,SAC,35,blk_pct,0.8,0.720565111536525,-0.12135643617119407,1.6179928746898917,439
mcgowbr01,Bryce McGowens,NOP,24,blk_pct,0.9,1.0708796540453949,0.22895810633767577,1.9683074171987616,880
mclaujo01,Jordan McLaughlin,SAS,30,blk_pct,0.6,0.9947649924262604,0.15284344471854128,1.892192755579627,282
mcneeli01,Liam McNeeley,CHO,21,blk_pct,0.8,1.2718963921980915,0.4299748444903724,2.169324155351458,368
meltode01,De'Anthony Melton,GSW,28,blk_pct,1.6,1.5337685945851471,0.7695920003442812,2.2699063228275773,1125
merrisa01,Sam Merrill,CLE,30,blk_pct,0.5,0.7396421831954627,-0.024534411045403215,1.4757799114378929,1377
middlkh01,Khris Middleton,2TM,35,blk_pct,0.5,0.7811130555330353,0.016936461292169414,1.5172507837754654,1439
millebr02,Brandon Miller,CHO,24,blk_pct,2.1,1.8715975357478034,1.2257827984030445,2.4447837169522924,1968
millejo02,Jordan Miller,LAC,27,blk_pct,0.8,0.9568144624444811,0.19263786820361517,1.6929521906869112,1325
millele01,Leonard Miller,2TM,23,blk_pct,1.8,1.8251730661801782,0.9832515184724591,2.722600829333545,719
minotjo01,Josh Minott,2TM,24,blk_pct,2.8,2.748995774687603,1.9070742269798837,3.6464235378409695,834
missiyv01,Yves Missi,NOP,22,blk_pct,7.4,5.572730895505477,4.808554301264611,6.308868623747907,1297
mitchaj01,Ajay Mitchell,OKC,24,blk_pct,1.2,1.1247726609905582,0.36059606674969225,1.8609103892329881,1473
mitchda01,Davion Mitchell,MIA,28,blk_pct,0.5,0.6054109491291284,-0.04040378821563051,1.1785971303336171,2000
mitchdo01,Donovan Mitchell,CLE,30,blk_pct,0.8,0.98116533299357,0.3353505956488111,1.5543515141980588,2342
mobleev01,Evan Mobley,CLE,25,blk_pct,5.2,4.632810820085576,3.9869960827408173,5.205997001290065,2074
monkma01,Malik Monk,SAC,28,blk_pct,1.6,1.725875548670843,0.9616989544299771,2.462013276913273,1364
moodymo01,Moses Moody,GSW,24,blk_pct,2.0,1.851495336899398,1.0873187426585322,2.5876330651418282,1540
moranja01,Ja Morant,MEM,27,blk_pct,1.0,0.9220525169639977,0.0801309692562786,1.8194802801173644,569
murphtr02,Trey Murphy III,NOP,26,blk_pct,1.0,1.4345412812460974,0.7887265439013385,2.0077274624505863,2341
murraco01,Collin Murray-Boyles,TOR,21,blk_pct,4.1,3.7005802879721377,2.936403693731272,4.436718016214567,1246
murrade01,Dejounte Murray,NOP,30,blk_pct,0.7,0.9936592670983881,0.15173771939066905,1.8910870302517546,389
murraja01,Jamal Murray,DEN,29,blk_pct,1.0,1.20801897270346,0.5622042353587011,1.781205153907949,2652
murrake02,Keegan Murray,SAC,26,blk_pct,4.2,2.639033836561842,1.7971122888541229,3.5364615997152087,793
murrakr01,Kris Murray,POR,26,blk_pct,1.5,1.484958154485416,0.7207815602445501,2.221095882727846,1333
mykhasv01,Svi Mykhailiuk,UTA,29,blk_pct,0.3,0.5931978920984968,-0.1709787021423691,1.329335620340927,1156
nancela02,Larry Nance Jr.,CLE,34,blk_pct,1.3,1.7200961324888464,0.8781745847811273,2.617523895642213,449
nancepe01,Pete Nance,MIL,26,blk_pct,1.9,1.8674547292041603,1.0255331814964412,2.764882492357527,737
nembhan01,Andrew Nembhard,IND,27,blk_pct,0.4,0.434274848911107,-0.3299017453297589,1.1704125771535372,1786
nembhry01,Ryan Nembhard,DAL,23,blk_pct,0.1,0.44920001866835374,-0.3149765755725122,1.1853377469107838,1171
nesmiaa01,Aaron Nesmith,IND,27,blk_pct,1.5,1.5985949122077667,0.8344183179669008,2.3347326404501967,1335
newelas01,Asa Newell,ATL,21,blk_pct,2.7,2.410472051779473,1.568550504071754,3.30789981493284,500
nnajize01,Zeke Nnaji,DEN,26,blk_pct,3.6,4.254057090867296,3.412135543159577,5.151484854020663,626
nurkiju01,Jusuf Nurkić,UTA,32,blk_pct,2.0,2.7010326883998244,1.8591111406921053,3.598460451553191,1083
okogijo01,Josh Okogie,HOU,28,blk_pct,1.1,1.6844221297931359,0.92024553555227,2.420559858035566,1354
okongon01,Onyeka Okongwu,ATL,26,blk_pct,3.1,3.0937794944709003,2.447964757126141,3.6669656756753892,2297
okorois01,Isaac Okoro,CHI,26,blk_pct,1.5,1.5116803581315448,0.7475037638906789,2.2478180863739747,1695
olbrila01,Lachlan Olbrich,CHI,23,blk_pct,2.0,1.9451545742170824,1.1032330265093633,2.842582337370449,344
olynyke01,Kelly Olynyk,SAS,35,blk_pct,0.7,1.5444764018994543,0.7025548541917352,2.441904165052821,360
onealro01,Royce O'Neale,PHO,33,blk_pct,1.4,1.6921909196206133,1.0463761822758544,2.265377100825102,2213
oubreke01,Kelly Oubre Jr.,PHI,31,blk_pct,1.4,1.5489774550592426,0.7848008608183766,2.2851151833016727,1574
payneca01,Cameron Payne,PHI,32,blk_pct,1.8,1.255355427981556,0.4134338802738369,2.1527831911349224,374
paytoga02,Gary Payton II,GSW,34,blk_pct,1.7,1.8197720231842283,1.0555954289433624,2.5559097514266584,1142
peavymi01,Micah Peavy,NOP,25,blk_pct,0.9,1.1028416318549632,0.2609200841472441,2.00026939500833,913
pendano01,Noah Penda,ORL,22,blk_pct,2.2,2.070559723696038,1.228638175988319,2.9679874868494047,757
peterta01,Taelon Peter,IND,24,blk_pct,0.7,1.070230821001183,0.22830927329346395,1.9676585841545498,492
phillju01,Julian Phillips,2TM,23,blk_pct,1.4,1.6161839007365195,0.7742623530288004,2.513611663889886,428
pickeja02,Jalen Pickett,DEN,27,blk_pct,0.6,0.7855572223344859,-0.056364325373233215,1.6829849854878525,807
plowdda01,Daeqwon Plowden,SAC,28,blk_pct,0.8,1.0231336430439988,0.1812120953362797,1.9205614061973653,844
podzibr01,Brandin Podziemski,GSW,23,blk_pct,0.6,0.7036740607771289,0.05785932343236999,1.2768602419816177,2333
poeltja01,Jakob Poeltl,TOR,31,blk_pct,2.7,3.5969669078052857,2.83279031356442,4.3331046360477155,1149
poolejo01,Jordan Poole,NOP,27,blk_pct,1.5,1.1444607950412442,0.3025392473335251,2.0418885581946107,933
portecr01,Craig Porter Jr.,CLE,26,blk_pct,3.1,2.6554740136592905,1.8912974194184247,3.3916117419017207,1148
porteke02,Kevin Porter Jr.,MIL,26,blk_pct,1.5,1.2550173203920802,0.4908407261512143,1.9911550486345102,1261
portemi01,Michael Porter Jr.,BRK,28,blk_pct,0.7,1.242963385760482,0.4787867915196161,1.979101114002912,1689
portibo01,Bobby Portis,MIL,31,blk_pct,0.7,1.216563002378455,0.4523864081375891,1.9527007306208852,1619
porzikr01,Kristaps Porziņģis,2TM,31,blk_pct,4.5,4.725708257801879,3.88378671009416,5.623136020955246,769
postqu01,Quinten Post,GSW,26,blk_pct,2.8,2.5629763433275485,1.7987997490866827,3.2991140715699787,1159
pottemi01,Micah Potter,IND,28,blk_pct,1.4,1.5929532964855728,0.7510317487778537,2.4903810596389393,908
poulajo01,John Poulakidas,DAL,23,blk_pct,1.3,1.602821869336536,0.7609003216288168,2.5002496324899024,253
poweldr01,Drake Powell,BRK,21,blk_pct,1.0,1.164067465655577,0.399890871414711,1.9002051938980071,1320
poweldw01,Dwight Powell,DAL,35,blk_pct,2.0,2.2484642636883656,1.4065427159806465,3.1458920268417323,904
powelno01,Norman Powell,MIA,33,blk_pct,0.7,0.8221944544517314,0.058017860210865524,1.5583321826941616,1717
princta02,Taurean Prince,MIL,32,blk_pct,1.0,0.9519301371901423,0.1100085894824232,1.849357900343509,611
pritcpa01,Payton Pritchard,BOS,29,blk_pct,0.4,0.4692518365964442,-0.1765629007483147,1.042438017800933,2556
proctty01,Tyrese Proctor,CLE,22,blk_pct,0.0,0.5956325647091945,-0.24628898299852464,1.493060327862561,545
prospol01,Olivier-Maxence Prosper,MEM,24,blk_pct,1.2,1.1512358845146524,0.3093143368069333,2.048663647668019,984
queende01,Derik Queen,NOP,22,blk_pct,3.5,3.262667450979403,2.6168527136346444,3.835853632183892,2023
quetane01,Neemias Queta,BOS,27,blk_pct,5.2,4.694300730885292,4.048485993540533,5.2674869120897805,1926
quickim01,Immanuel Quickley,TOR,27,blk_pct,0.2,0.35303641754942494,-0.292778319795334,0.9262225987539138,2231
randlju01,Julius Randle,MIN,32,blk_pct,0.6,0.6494478085225291,0.0036330711777702307,1.222633989727018,2610
raynama01,Maxime Raynaud,SAC,23,blk_pct,1.8,1.815986669913515,1.170171932568756,2.389172851118004,1964
reathdu01,Duop Reath,POR,30,blk_pct,2.8,2.650429481491835,1.8085079337841161,3.547857244645202,258
reaveau01,Austin Reaves,LAL,28,blk_pct,1.1,0.904482666881753,0.14030607264088713,1.6406203951241831,1762
reedpa01,Paul Reed,DET,27,blk_pct,6.6,5.138469132343438,4.296547584635719,6.035896895496805,901
reeseju01,Julian Reese,WAS,23,blk_pct,1.7,1.7740190580124233,0.9320975103047042,2.67144682116579,402
reidna01,Naz Reid,MIN,27,blk_pct,3.4,3.094144606716648,2.4483298693718893,3.667330787921137,2007
richaja02,Jase Richardson,ORL,21,blk_pct,0.3,0.8181424730221372,-0.023779074685581936,1.7155702361755036,587
richani01,Nick Richards,2TM,29,blk_pct,4.1,3.8102456338142754,2.9683240861065565,4.707673396967642,701
richawi02,Will Richard,GSW,24,blk_pct,0.6,0.7622393272413216,-0.0019372669995443292,1.4983770554837517,1377
rileywi01,Will Riley,WAS,20,blk_pct,0.5,0.6431213135793101,-0.1210552806615558,1.37925904182174,1633
risacza01,Zaccharie Risacher,ATL,21,blk_pct,2.2,2.0028058215087516,1.2386292272678858,2.738943549751182,1503
robindu01,Duncan Robinson,DET,32,blk_pct,1.0,0.7391650230936085,0.09335028574884963,1.3123512042980974,2113
robinje02,Jeremiah Robinson-Earl,2TM,26,blk_pct,0.2,0.704619056835249,-0.13730249087247015,1.6020468199886155,361
robinmi01,Mitchell Robinson,NYK,28,blk_pct,6.1,5.085192460539038,4.321015866298172,5.821330188781468,1175
rolliry01,Ryan Rollins,MIL,24,blk_pct,1.3,1.4149839102774933,0.7691691729327343,1.9881700914819822,2376
ruperra01,Rayan Rupert,2TM,22,blk_pct,0.8,0.8323601811887419,-0.00956136651897721,1.7297879443421085,1072
russeda01,D'Angelo Russell,DAL,30,blk_pct,0.3,1.3050743625825514,0.4631528148748323,2.202502125735918,495
ryanco01,Cormac Ryan,MIL,28,blk_pct,1.1,1.444968368977875,0.6030468212701559,2.3423961321312414,271
sabondo01,Domantas Sabonis,SAC,30,blk_pct,0.7,1.2435256549926914,0.4016041072849723,2.140953418146058,564
salauti01,Tidjane Salaün,CHO,21,blk_pct,1.1,1.2284938892173558,0.3865723415096367,2.1259216523707223,575
sandeko01,Kobe Sanders,LAC,24,blk_pct,0.7,0.8484118250709143,0.08423523083004836,1.5845495533133445,1351
santogu01,Gui Santos,GSW,24,blk_pct,1.5,1.4128970451097886,0.6487204508689227,2.1490347733522186,1395
sarafbe01,Ben Saraf,BRK,20,blk_pct,0.8,0.9922141864442349,0.15029263873651577,1.8896419495976016,916
sarral01,Alex Sarr,WAS,21,blk_pct,6.4,5.3239276351117235,4.559751040870857,6.060065363354154,1305
sassema01,Marcus Sasser,DET,26,blk_pct,0.9,0.8465222537820363,0.0046007060743171735,1.7439500169354027,457
scheiba01,Baylor Scheierman,BOS,26,blk_pct,0.4,0.59738169081196,-0.1667949034289059,1.3335194190543902,1429
schrode01,Dennis Schröder,2TM,33,blk_pct,0.6,0.7129594006119956,-0.05121719362887034,1.4490971288544257,1697
sengual01,Alperen Şengün,HOU,24,blk_pct,3.0,2.4735633965666572,1.8277486592218983,3.046749577771146,2398
sensabr01,Brice Sensabaugh,UTA,23,blk_pct,0.7,0.755749933136294,-0.008426661104571909,1.491887661378724,1762
sextoco01,Collin Sexton,2TM,28,blk_pct,0.6,0.5983261306472732,-0.16585046359359268,1.3344638588897033,1614
shamela01,Landry Shamet,NYK,29,blk_pct,0.8,0.7788364200034187,0.014659825762552758,1.5149741482458488,1171
shannte01,Terrence Shannon Jr.,MIN,26,blk_pct,0.2,0.9050730501076689,0.06315150239994982,1.8025008132610356,538
sharpda01,Day'Ron Sharpe,BRK,25,blk_pct,2.1,3.1666420487661773,2.4024654545253115,3.9027797770086075,1160
sharpsh01,Shaedon Sharpe,POR,23,blk_pct,0.4,0.6835540029306285,-0.08062259131023741,1.4196917311730586,1471
sheadja01,Jamal Shead,TOR,24,blk_pct,0.8,0.8033061263258338,0.15749138898107484,1.3764923075303226,1852
sheppbe01,Ben Sheppard,IND,25,blk_pct,0.4,0.6642031586133237,-0.09997343562754224,1.4003408868557536,1390
sheppre01,Reed Sheppard,HOU,22,blk_pct,2.3,2.2209167580326894,1.5751020206879305,2.7941029392371783,2147
siakapa01,Pascal Siakam,IND,32,blk_pct,1.0,1.09571223482967,0.44989749748491104,1.6688984160341587,2057
simonan01,Anfernee Simons,2TM,27,blk_pct,0.6,0.38457157988112456,-0.37960501435974137,1.1207093081235546,1372
simpskj01,KJ Simpson,2TM,24,blk_pct,0.0,0.7692224301718229,-0.0726991175358962,1.6666501933251894,257
simsje01,Jericho Sims,MIL,28,blk_pct,1.3,1.8742915936490137,1.1101149994081476,2.6104293218914436,1318
slawsja01,Jalen Slawson,IND,27,blk_pct,3.8,2.8125997931913242,1.9706782454836052,3.710027556344691,311
smallja01,Javon Small,MEM,24,blk_pct,1.0,1.1661083521946405,0.3241868044869214,2.063536115348007,830
smartma01,Marcus Smart,LAL,32,blk_pct,1.2,1.1515195661148192,0.3873429718739533,1.8876572943572492,1769
smithdr01,Dru Smith,MIA,29,blk_pct,1.6,1.6637244988712334,0.8995479046303675,2.3998622271136636,1141
smithja04,Jalen Smith,CHI,26,blk_pct,3.3,3.236336241981748,2.4721596477408823,3.9724739702241783,1095
smithja05,Jabari Smith Jr.,HOU,23,blk_pct,2.4,2.2865729535434367,1.6407582161986778,2.8597591347479256,2705
smithma02,Malachi Smith,BRK,27,blk_pct,1.0,1.3115712940763802,0.4696497463686611,2.2089990572297467,359
smithni01,Nick Smith Jr.,LAL,22,blk_pct,0.5,0.667422768449222,-0.1744987792584971,1.5648505316025885,375
sochaje01,Jeremy Sochan,2TM,23,blk_pct,1.4,1.6294065806488482,0.7874850329411291,2.5268343438022147,469
spencca01,Cam Spencer,MEM,26,blk_pct,0.6,0.721592437247895,-0.04258415699297091,1.4577301654903252,1714
spencpa01,Pat Spencer,GSW,30,blk_pct,0.4,0.7560992691600185,-0.008077325080847464,1.4922369974024485,1229
stewais01,Isaiah Stewart,DET,25,blk_pct,7.0,5.364825432111679,4.600648837870812,6.100963160354109,1317
strawju01,Julian Strawther,DEN,24,blk_pct,0.7,0.9549318808172568,0.11301033310953768,1.8523596439706234,861
strusma01,Max Strus,CLE,30,blk_pct,0.0,1.0754212140655488,0.2334996663578297,1.9728489772189155,288
suggsja01,Jalen Suggs,ORL,25,blk_pct,2.3,2.399959028898366,1.6357824346575,3.136096757140796,1574
tateja01,Jae'Sean Tate,HOU,31,blk_pct,0.7,1.1387837597619463,0.29686221205422725,2.036211522915313,405
tatumja01,Jayson Tatum,BOS,28,blk_pct,0.6,1.2474637125364956,0.4055421648287765,2.144891475689862,522
terryda01,Dalen Terry,2TM,24,blk_pct,2.4,1.9064074050288151,1.064485857321096,2.803835168182182,551
thomaca02,Cam Thomas,2TM,25,blk_pct,0.4,0.6149279101861604,-0.22699363752155866,1.5123556733395271,881
thompam01,Amen Thompson,HOU,24,blk_pct,1.5,2.247744940832684,1.6019302034879253,2.820931122037173,2953
thompau01,Ausar Thompson,DET,24,blk_pct,3.6,3.163684175011647,2.5178694376668878,3.736870356216136,1896
thompet01,Ethan Thompson,IND,27,blk_pct,1.2,1.3326394832198143,0.4907179355120952,2.230067246373181,653
thompkl01,Klay Thompson,DAL,36,blk_pct,1.2,1.3080336260988374,0.5438570318579715,2.0441713543412674,1497
thybuma01,Matisse Thybulle,POR,29,blk_pct,3.0,2.732657044451401,1.8907354967436818,3.6300848076047676,480
tomlina01,Nae'Qwan Tomlin,CLE,26,blk_pct,3.2,2.8853731661765853,2.0434516184688665,3.782800929329952,1004
toppiob01,Obi Toppin,IND,28,blk_pct,0.2,1.523053945907721,0.6811323982000019,2.4204817090610877,424
townska01,Karl-Anthony Towns,NYK,31,blk_pct,1.8,1.7774955657488065,1.1316808284040476,2.3506817469532955,2322
traorno01,Nolan Traoré,BRK,20,blk_pct,1.7,1.6728125003990517,0.9086359061581858,2.4089502286414817,1243
trentga02,Gary Trent Jr.,MIL,28,blk_pct,0.2,0.3200367643703457,-0.4441398298705202,1.0561744926127759,1377
tshieos01,Oscar Tshiebwe,UTA,27,blk_pct,1.1,1.1099630372600067,0.26804148955228757,2.0073908004133734,448
turnemy01,Myles Turner,MIL,30,blk_pct,6.0,5.689187258975646,5.043372521630887,6.262373440180134,1912
tysonja01,Jaylon Tyson,CLE,24,blk_pct,1.5,1.355701651744965,0.591525057504099,2.091839379987395,1777
valanjo01,Jonas Valančiūnas,DEN,34,blk_pct,4.0,3.2420154293469396,2.4000938816392203,4.139443192500306,871
vandeja01,Jarred Vanderbilt,LAL,27,blk_pct,1.6,1.4258986985135942,0.6617221042727283,2.1620364267560244,1128
vassede01,Devin Vassell,SAS,26,blk_pct,1.1,1.163075282788858,0.517260545444099,1.7362614639933467,2044
vincega01,Gabe Vincent,2TM,30,blk_pct,0.3,0.7748478886675159,-0.06707365904020324,1.6722756518208826,879
vucevni01,Nikola Vučević,2TM,36,blk_pct,2.0,2.084340233630844,1.3201636393899783,2.8204779618732743,1818
vukcetr01,Tristan Vukcevic,WAS,23,blk_pct,4.3,3.714484895858614,2.872563348150895,4.61191265901198,671
wadede01,Dean Wade,CLE,30,blk_pct,1.7,1.7170976910593967,0.9529210968185308,2.453235419301827,1318
wagnefr01,Franz Wagner,ORL,25,blk_pct,1.0,1.0653937384312089,0.22347219072348978,1.9628215015845756,1019
wagnemo01,Moritz Wagner,ORL,29,blk_pct,0.4,1.3401762397915047,0.4982546920837856,2.237604002944871,427
walkeja01,Jabari Walker,PHI,24,blk_pct,1.6,1.2202970641663249,0.3783755164586058,2.1177248273196914,762
walkeja02,Jarace Walker,IND,23,blk_pct,1.1,1.4861642156476493,0.8403494783028904,2.059350396852138,1953
wallaca01,Cason Wallace,OKC,23,blk_pct,1.3,1.6737143048085144,1.0278995674637554,2.2469004860130033,2046
wallake01,Keaton Wallace,ATL,27,blk_pct,0.8,1.2749308864371887,0.43300933872946956,2.172358649590555,536
walshjo01,Jordan Walsh,BOS,22,blk_pct,2.6,2.43040614408018,1.666229549839314,3.16654387232261,1212
walteja01,Ja'Kobe Walter,TOR,22,blk_pct,0.9,0.9651739654821596,0.2009973712412937,1.7013116937245898,1474
wareke01,Kel'el Ware,MIA,22,blk_pct,4.4,4.2798391819841495,3.5156625877432837,5.01597691022658,1704
washipj01,P.J. Washington,DAL,28,blk_pct,2.9,2.6289621427746552,1.8647855485337894,3.3650998710170854,1736
waterli01,Lindy Waters III,SAS,29,blk_pct,0.3,1.283345043822043,0.44142349611432397,2.1807728069754098,285
watfotr01,Trendon Watford,PHI,26,blk_pct,2.4,1.8928491081463417,1.0509275604386226,2.7902768712997084,864
watkija01,Jamir Watkins,WAS,25,blk_pct,2.1,2.0254199551306646,1.1834984074229455,2.9228477182840313,1032
watsope01,Peyton Watson,DEN,24,blk_pct,3.6,4.187064131545759,3.422887537304893,4.923201859788189,1598
wellsja01,Jaylen Wells,MEM,23,blk_pct,0.5,0.5671329815400716,-0.1970436127007943,1.3032707097825016,1821
wembavi01,Victor Wembanyama,SAS,23,blk_pct,9.4,9.378214069951314,8.732399332606555,9.951400251155803,1866
weslebl01,Blake Wesley,POR,23,blk_pct,1.2,1.0972133861415736,0.2552918384338545,1.99464114929494,361
westbru01,Russell Westbrook,SAC,38,blk_pct,0.6,1.1304384452598402,0.48462370791508125,1.7036246264643289,1853
whiteco01,Coby White,2TM,26,blk_pct,0.4,0.5987666133576129,-0.16540998088325298,1.334904341600043,1249
whitede01,Derrick White,BOS,32,blk_pct,3.8,3.2286932287665118,2.582878491421753,3.8018794099710007,2625
whitmca01,Cam Whitmore,WAS,22,blk_pct,2.0,1.6657959512708056,0.8238744035630865,2.563223714424172,354
wiggiaa01,Aaron Wiggins,OKC,28,blk_pct,1.9,1.431126481412306,0.66694988717144,2.167264209654736,1414
wiggian01,Andrew Wiggins,MIA,31,blk_pct,3.0,2.5019817368260595,1.8561669994813006,3.0751679180305485,2063
willibr03,Brandon Williams,DAL,27,blk_pct,1.2,1.1663589414086097,0.4021823471677438,1.9024966696510397,1463
willico04,Cody Williams,UTA,22,blk_pct,1.5,1.4687846573144494,0.7046080630735835,2.2049223855568796,1631
willigr01,Grant Williams,CHO,28,blk_pct,2.3,1.9323675985191757,1.0904460508114566,2.8297953616725424,711
willija06,Jalen Williams,OKC,25,blk_pct,0.9,1.7412013773049984,0.8992798295972793,2.638629140458365,936
willija07,Jaylin Williams,OKC,24,blk_pct,3.2,3.0463879926095663,2.2822113983687005,3.7825257208519965,1277
willike04,Kenrich Williams,OKC,32,blk_pct,0.6,0.8196904035530818,-0.02223114415463734,1.7171181667064483,855
willima07,Mark Williams,PHO,25,blk_pct,3.7,3.7558939367104633,2.9917173424695975,4.4920316649528935,1416
willipa01,Patrick Williams,CHI,25,blk_pct,1.5,1.8709056005170055,1.1067290062761397,2.6070433287594357,1474
williro04,Robert Williams,POR,29,blk_pct,7.7,6.750632359661192,5.908710811953473,7.648060122814559,1008
willivi01,Vince Williams Jr.,2TM,26,blk_pct,1.8,1.8472192087915014,1.0052976610837823,2.744646971944868,820
willizi01,Zion Williamson,NOP,26,blk_pct,1.7,2.033505575805904,1.3876908384611453,2.606691757010393,1841
willizi02,Ziaire Williams,BRK,25,blk_pct,1.5,1.487226947372683,0.723050353131817,2.223364675615113,1281
wilsoja03,Jalen Wilson,BRK,26,blk_pct,0.2,0.3640452848933275,-0.4778762628143916,1.261473048046694,859
wolfda01,Danny Wolf,BRK,22,blk_pct,2.5,2.3401578198907758,1.57598122564991,3.076295548133206,1187
yabusgu01,Guerschon Yabusele,2TM,31,blk_pct,1.5,1.3139372712217794,0.4720157235140603,2.211365034375146,1007
yangha01,Yang Hansen,POR,21,blk_pct,3.0,2.4611422477162157,1.6192207000084966,3.3585700108695824,300
youngtr01,Trae Young,2TM,28,blk_pct,0.5,0.49902998094862816,-0.34289156675909094,1.3964577441019947,384
zubaciv01,Ivica Zubac,2TM,29,blk_pct,2.6,3.205037686665081,2.4408610924242153,3.9411754149075113,1446
achiupr01,Precious Achiuwa,SAC,27,bpm,-1.6,-1.5495739634302643,-4.072137955206782,0.3805264075554915,1745
adamsst01,Steven Adams,HOU,33,bpm,-0.5,-0.4725101382690392,-3.3817490280919147,1.1929046038201796,730
adebaba01,Bam Adebayo,MIA,29,bpm,2.0,1.6956163240319775,-0.32168444804606144,3.7633496890809206,2365
agbajoc01,Ochai Agbaji,2TM,26,bpm,-4.0,-2.4975662808715775,-5.406805170694453,-0.8321515387823586,973
aldamsa01,Santi Aldama,MEM,26,bpm,1.7,1.648643499495951,-0.8739204922805663,3.5787438704817065,1198
alexani01,Nickeil Alexander-Walker,ATL,28,bpm,1.2,0.43381448282958196,-1.583486289248457,2.501547847878525,2603
allengr01,Grayson Allen,PHO,31,bpm,2.1,0.6178786268058475,-1.9046853649706699,2.547978997791603,1467
allenja01,Jarrett Allen,CLE,28,bpm,2.6,3.1093082165910615,0.5867442248145442,5.039408587576817,1519
alvarjo01,Jose Alvarado,2TM,28,bpm,-1.0,-0.917599078197267,-3.440163069973784,1.0125012927884889,1370
anderky01,Kyle Anderson,3TM,33,bpm,0.4,0.5334045583937701,-2.3758343314291057,2.198819300482989,853
antetgi01,Giannis Antetokounmpo,MIL,32,bpm,9.5,8.646937202190319,5.737698312367444,10.312351944279538,1039
anthoco01,Cole Anthony,MIL,26,bpm,-4.7,-0.7487131536707866,-3.6579520434936623,0.9167015884184323,527
anunoog01,OG Anunoby,NYK,29,bpm,2.0,0.6332642168064335,-1.3840365552716054,2.7009975818553764,2224
avdijde01,Deni Avdija,POR,26,bpm,4.3,2.1677579925654697,0.15045722048743082,4.235491357614412,2199
aytonde01,Deandre Ayton,LAL,28,bpm,-0.9,-0.5327052225375357,-2.5500059946155744,1.5350281425114074,1958
baglema01,Marvin Bagley III,2TM,27,bpm,0.8,0.15627614268935813,-2.366287849087159,2.086376513675114,1201
baileac01,Ace Bailey,UTA,20,bpm,-4.4,-2.5081285592632327,-4.525429331341272,-0.44039519421428963,1988
ballla01,LaMelo Ball,CHO,25,bpm,4.7,4.007415651076204,1.9901148789981646,6.075149016125147,2017
balllo01,Lonzo Ball,CLE,29,bpm,-1.1,-0.7135817544007821,-3.6228206442236575,0.9518329876884368,728
banchpa01,Paolo Banchero,ORL,24,bpm,1.4,2.075231141898601,0.05793036982056199,4.1429645069475445,2502
banede01,Desmond Bane,ORL,28,bpm,1.4,2.0660882444526165,0.04878747237457759,4.13382160950156,2756
barlodo01,Dominick Barlow,PHI,23,bpm,-1.1,-0.5806972822766815,-3.1032612740531986,1.3494030887090744,1689
barneha02,Harrison Barnes,SAS,34,bpm,-0.1,-1.0123224718039414,-3.0296232438819803,1.0554108932450017,1986
barnesc01,Scottie Barnes,TOR,25,bpm,4.2,3.6300291489840957,1.6127283769060567,5.697762514033039,2681
barnhbr01,Brooks Barnhizer,OKC,24,bpm,-3.1,-1.3789725823864771,-4.288211472209353,0.2864421597027418,348
barrerj01,RJ Barrett,TOR,26,bpm,0.2,0.11344595996612125,-2.409118031810396,2.043546330951877,1726
battlja01,Jamison Battle,TOR,25,bpm,-2.6,-1.7365315487952522,-4.645770438618127,-0.07111680670603326,517
batumni01,Nicolas Batum,LAC,38,bpm,-1.0,-0.8206919513474819,-3.343255943123999,1.109408419638274,1295
berinjo01,Joan Beringer,MIN,20,bpm,0.4,1.5806737064795833,-1.3285651833432923,3.246088448568802,314
beysa01,Saddiq Bey,NOP,27,bpm,0.5,-0.3350868250322579,-2.352387597110297,1.7326465400166853,2246
bitadgo01,Goga Bitadze,ORL,27,bpm,2.8,2.2437435544557394,-0.6654953353671362,3.909158296544958,972
blackan01,Anthony Black,ORL,23,bpm,-0.6,-0.8044553405748333,-2.821756112652872,1.26327802447411,1910
blackle01,Leaky Black,WAS,27,bpm,-5.3,-3.0823448575159142,-5.99158374733879,-1.4169301154266953,433
bogdabo01,Bogdan Bogdanović,LAC,34,bpm,-3.1,-1.509928699308231,-4.419167589131106,0.15548604278098788,452
bonaad01,Adem Bona,PHI,23,bpm,-2.9,-1.8827697470391795,-4.405333738815697,0.04733062394657628,1234
bookede01,Devin Booker,PHO,30,bpm,2.2,1.5331546145469475,-0.48414615753109147,3.600887979595891,2146
bouyeja01,Jamaree Bouyea,PHO,27,bpm,-0.4,-0.30510236139899777,-3.214341251221873,1.360312380690221,644
bradlto01,Tony Bradley,2TM,29,bpm,-4.2,-2.8695409258235807,-5.778779815646456,-1.2041261837343618,450
branhma01,Malaki Branham,WAS,23,bpm,-2.2,-3.214210850648156,-6.123449740471031,-1.548796108558937,275
braunch01,Christian Braun,DEN,25,bpm,-1.2,-0.35274943538376025,-2.8753134271602776,1.5773509356019955,1399
bridgmi01,Mikal Bridges,NYK,30,bpm,2.7,0.6531646965795468,-1.3641360754984921,2.72089806162849,2692
bridgmi02,Miles Bridges,CHO,28,bpm,1.1,0.6194917455891732,-1.3978090264888658,2.687225110638116,2387
brookdi01,Dillon Brooks,PHO,31,bpm,-2.3,-2.6022954501142386,-5.124859441890756,-0.6721950791284828,1702
brownbr01,Bruce Brown,DEN,30,bpm,-2.4,-2.829720956306725,-4.847021728384764,-0.7619875912577818,1998
brownja02,Jaylen Brown,BOS,30,bpm,3.3,1.4436816158660912,-0.5736191562119477,3.5114149809150343,2443
brownko01,Kobe Brown,2TM,27,bpm,-2.7,-2.3649781843325828,-5.274217074155459,-0.6995634422433639,963
brunsja01,Jalen Brunson,NYK,30,bpm,3.1,3.6151921368405,1.5978913647624609,5.682925501889443,2590
bryanca01,Carter Bryant,SAS,21,bpm,-3.0,-1.1096664463744594,-4.018905336197335,0.5557482957147595,818
bryanth01,Thomas Bryant,CLE,29,bpm,0.1,-0.09134377014555925,-3.0005826599684347,1.5740709719436596,732
burtoty01,Tyler Burton,MEM,26,bpm,-5.3,-2.7034245301009654,-5.612663419923841,-1.0380097880117465,307
butleji01,Jimmy Butler,GSW,37,bpm,5.5,3.968305748156623,1.4457417563801056,5.898406119142379,1182
buzelma01,Matas Buzelis,CHI,22,bpm,-1.0,-0.48469587994857033,-2.5019966520266093,1.5830374851003728,2248
cainja01,Jamal Cain,ORL,27,bpm,-1.4,-1.8476044592555567,-4.756843349078432,-0.1821897171663378,486
caldwke01,Kentavious Caldwell-Pope,MEM,33,bpm,-2.5,-1.9471589569918437,-4.856397846814719,-0.2817442149026248,1088
camarto01,Toumani Camara,POR,26,bpm,-1.0,-0.9780991978711558,-2.9953999699491947,1.0896341671777874,2731
capelca01,Clint Capela,HOU,32,bpm,0.4,-0.2573603642287908,-3.1665992540516665,1.4080543778604282,926
cardwdy01,Dylan Cardwell,SAC,25,bpm,-1.9,-1.1839245752254688,-4.093163465048344,0.4814901668637501,907
carlsbr01,Branden Carlson,OKC,27,bpm,0.8,0.4849373483966115,-2.424301541426264,2.15035209048583,488
carrica01,Bub Carrington,WAS,21,bpm,-4.7,-3.2539192195532327,-5.271219991631272,-1.1861858545042896,2271
cartede02,Devin Carter,SAC,24,bpm,-2.6,-1.862804880316852,-4.772043770139728,-0.19739013822763307,700
carteje01,Jevon Carter,2TM,31,bpm,-1.1,-2.3609725933421184,-5.270211483164994,-0.6955578512528995,867
cartewe01,Wendell Carter Jr.,ORL,27,bpm,-0.6,-0.5204189440973225,-2.5377197161753613,1.5473144209516208,2288
carusal01,Alex Caruso,OKC,32,bpm,1.9,2.3624601663140297,-0.5467787235088459,4.027874908403248,1020
castlst01,Stephon Castle,SAS,22,bpm,1.9,0.5141469395259654,-1.5031538325520737,2.5818803045749084,2038
champju01,Justin Champagnie,WAS,25,bpm,-0.4,-0.14047797802594236,-2.6630419698024594,1.7896223929598134,1377
champju02,Julian Champagnie,SAS,25,bpm,1.4,0.15189639052773096,-1.865404381550308,2.219629755576674,2266
chandke01,Kennedy Chandler,UTA,24,bpm,-5.7,-2.8453429297309523,-5.754581819553827,-1.1799281876417334,355
chrisca02,Cam Christie,LAC,21,bpm,-4.6,-1.7703106481582327,-4.679549537981108,-0.10489590606901378,480
chrisma02,Max Christie,DAL,23,bpm,-1.5,-1.4311957461698492,-3.448496518247888,0.6365376188790939,2244
cissemo01,Moussa Cisse,DAL,24,bpm,-2.9,-1.5657639895541768,-4.475002879377053,0.09965075253504208,530
cissosi01,Sidy Cissoko,POR,22,bpm,-4.0,-2.413593471669818,-4.936157463446335,-0.48349310068406215,1435
clarkja02,Jaylen Clark,MIN,25,bpm,-2.4,-1.133222448859132,-4.042461338682008,0.5321922932300869,888
clarkjo01,Jordan Clarkson,NYK,34,bpm,-3.3,-3.4745420737351784,-5.997106065511696,-1.5444417027494226,1279
claxtni01,Nic Claxton,BRK,27,bpm,0.9,0.7313814001715132,-1.2859193719065258,2.799114765220456,1920
claytwa01,Walter Clayton,2TM,23,bpm,-4.3,-2.993958844587446,-5.516522836363963,-1.06385847360169,1410
cliffni01,Nique Clifford,SAC,24,bpm,-4.9,-3.948392633380497,-5.965693405458536,-1.880659268331554,1882
clingdo01,Donovan Clingan,POR,22,bpm,3.0,2.662206136292074,0.644905364214035,4.729939501341017,2094
clownno01,Noah Clowney,BRK,22,bpm,-3.4,-2.162014817775128,-4.684578809551645,-0.23191444678937234,1780
coffeam01,Amir Coffey,2TM,29,bpm,-3.1,-2.2161560454652394,-5.125394935288115,-0.5507413033760205,490
colliis01,Isaiah Collier,UTA,22,bpm,-2.4,-2.5726887558854012,-5.0952527476619185,-0.6425883848996454,1517
collijo01,John Collins,LAC,29,bpm,-0.5,-0.5368597826547921,-2.5541605547328308,1.530873582394151,1872
conlemi01,Mike Conley,MIN,39,bpm,-1.3,1.006289225160858,-1.9029496646620176,2.671703967250077,991
connapa01,Pat Connaughton,CHO,34,bpm,0.1,-1.8025292665412824,-4.711768156364158,-0.1371145244520635,297
coopesh01,Sharife Cooper,WAS,25,bpm,-3.9,-2.512587752446556,-5.421826642269432,-0.8471730103573372,700
coulibi01,Bilal Coulibaly,WAS,22,bpm,-2.1,-2.112635391242272,-4.635199383018789,-0.18253502025651613,1468
cowarce01,Cedric Coward,MEM,23,bpm,-0.2,0.4198979895049215,-2.1026660022715955,2.3499983604906776,1598
cryerlj01,LJ Cryer,GSW,25,bpm,-4.7,-2.1110786010685083,-5.020317490891384,-0.4456638589792894,292
cunnica01,Cade Cunningham,DET,25,bpm,6.3,4.0897950571621,2.0724942850840606,6.157528422211042,2172
curryst01,Stephen Curry,GSW,38,bpm,5.4,4.758803794133512,2.236239802356995,6.688904165119268,1329
daniedy01,Dyson Daniels,ATL,23,bpm,1.3,1.7908886385808191,-0.22641213349721978,3.8586220036297623,2520
dasiltr01,Tristan Da Silva,ORL,25,bpm,-0.6,-1.0436825506779703,-3.0609833227560093,1.0240508143709728,1899
davisan02,Anthony Davis,DAL,33,bpm,2.4,4.029376472738873,1.1201375829159974,5.694791214828092,626
demineg01,Egor Dëmin,BRK,20,bpm,-1.6,0.03323678052123413,-2.489327211255283,1.96333715150699,1308
derozde01,DeMar DeRozan,SAC,37,bpm,-0.1,-0.2666541117506978,-2.283954883828737,1.8010792532982454,2406
diabamo01,Moussa Diabaté,CHO,25,bpm,1.7,0.6795756059140434,-1.3377251661639955,2.7473089709629868,1899
diawamo01,Mohamed Diawara,NYK,21,bpm,-1.7,-0.05140115763231079,-2.960640047455186,1.6140135844569081,634
dickgr01,Gradey Dick,TOR,23,bpm,-3.6,-2.969807635891302,-5.879046525714178,-1.3043928938020832,1067
diengou01,Ousmane Dieng,2TM,23,bpm,-3.8,-2.0749813178552943,-4.597545309631812,-0.14488094686953845,1099
dilliro01,Rob Dillingham,2TM,22,bpm,-7.3,-4.365987024411277,-7.275225914234152,-2.7005722823220584,970
divindo01,Donte DiVincenzo,MIN,30,bpm,0.8,1.588594595041249,-0.4287061770367899,3.6563279600901923,2494
doncilu01,Luka Dončić,LAL,27,bpm,9.3,8.29431036925954,6.2770095971815,10.362043734308482,2289
dortlu01,Luguentz Dort,OKC,27,bpm,-2.0,-1.118349324441876,-3.1356500965199148,0.949384040607067,1849
dosunay01,Ayo Dosunmu,2TM,27,bpm,1.0,-0.2523147165526725,-2.2696154886307114,1.8154186484962707,1881
drumman01,Andre Drummond,PHI,33,bpm,-0.6,-1.2539960375176873,-3.7765600292942043,0.6761043334680685,1231
dunnkr01,Kris Dunn,LAC,32,bpm,-0.8,-0.3335313467088902,-2.350832118786929,1.7342020183400528,2230
dunnry01,Ryan Dunn,PHO,24,bpm,-0.9,-1.8015066135960014,-4.324070605372519,0.12859375738975443,1355
duranke01,Kevin Durant,HOU,38,bpm,4.5,3.2216510213287224,1.2043502492506835,5.289384386377666,2840
durenja01,Jalen Duren,DET,23,bpm,5.0,3.576947749051767,1.559646976973728,5.64468111410071,1976
easonta01,Tari Eason,HOU,25,bpm,-1.6,0.8932078283320266,-1.6293561634444906,2.8233081993177827,1549
edeyza01,Zach Edey,MEM,24,bpm,0.5,0.33391095696927664,-2.575327932853599,1.9993256990584956,284
edgecvj01,VJ Edgecombe,PHI,21,bpm,-0.5,0.6607726028743979,-1.356528169203641,2.7285059679233408,2623
edwaran01,Anthony Edwards,MIN,25,bpm,4.5,4.170481366627946,2.1531805945499074,6.238214731676889,2137
edwarju01,Justin Edwards,PHI,23,bpm,-1.3,-1.560105726785308,-4.469344616608184,0.1053090153039109,977
elliske01,Keon Ellis,2TM,27,bpm,-0.5,0.7074410403367289,-1.8151229514397884,2.6375414113224847,1478
embiijo01,Joel Embiid,PHI,32,bpm,4.9,5.972062762707527,3.4494987709310094,7.902163133693282,1201
etienty01,Tyson Etienne,BRK,27,bpm,-2.8,-1.627852607449859,-4.537091497272734,0.03756213463935998,380
eubandr01,Drew Eubanks,SAC,29,bpm,-3.7,-1.850584452439827,-4.7598233422627025,-0.18516971035060803,552
fearsje01,Jeremiah Fears,NOP,20,bpm,-2.7,-1.0365533897573527,-3.0538541618353916,1.0311799752915904,2112
filipky01,Kyle Filipowski,UTA,23,bpm,-1.1,-0.3836482742485756,-2.9062122660250926,1.5464520967371802,1801
finnedo01,Dorian Finney-Smith,HOU,33,bpm,-4.3,-2.2045271594826623,-5.1137660493055375,-0.5391124173934434,620
flaggco01,Cooper Flagg,DAL,20,bpm,1.4,2.5955496724889535,0.5782489004109146,4.663283037537896,2344
flemira01,Rasheer Fleming,PHO,22,bpm,-3.8,-1.7404996497701326,-4.649738539593008,-0.07508490768091369,673
fontesi01,Simone Fontecchio,MIA,31,bpm,0.5,-1.3739365810473032,-3.8965005728238205,0.5561637899384526,1173
foxde01,De'Aaron Fox,SAS,29,bpm,2.2,1.3764164527389378,-0.6408843193391012,3.444149817787881,2231
furphjo01,Johnny Furphy,IND,22,bpm,-3.7,-1.6205736771123607,-4.529812566935236,0.04484106497685825,643
gaffoda01,Daniel Gafford,DAL,28,bpm,0.7,2.0487623911454365,-0.4738016006310808,3.9788627621311923,1195
gardnmy01,Myron Gardner,MIA,25,bpm,0.9,0.8120092916813603,-2.0972295981415154,2.4774240337705793,411
garlada01,Darius Garland,2TM,27,bpm,-0.2,0.8900833883476245,-1.6324806034288928,2.8201837593333803,1344
garzalu01,Luka Garza,BOS,28,bpm,2.4,1.8890380598736531,-0.6335259319028641,3.819138430859409,1118
georgke01,Keyonte George,UTA,23,bpm,0.9,-1.0845402806841724,-3.6071042724606897,0.8455600903015834,1786
georgky01,Kyshawn George,WAS,23,bpm,-1.2,-1.848197671757155,-4.370761663533672,0.08190269922860072,1391
georgpa01,Paul George,PHI,36,bpm,1.7,1.2662608914197353,-1.256303100356782,3.196361262405491,1135
giddejo01,Josh Giddey,CHI,24,bpm,2.7,2.663960649995876,0.14139665821935887,4.594061020981632,1731
gilgesh01,Shai Gilgeous-Alexander,OKC,28,bpm,11.7,10.386141256940139,8.3688404848621,12.453874621989081,2259
gillan01,Anthony Gill,WAS,34,bpm,-2.6,-3.2595108908918338,-6.168749780714709,-1.5940961488026149,951
gilleco01,Collin Gillespie,PHO,27,bpm,2.5,2.2198096623048844,0.20250889022684548,4.287543027353827,2282
goberru01,Rudy Gobert,MIN,34,bpm,1.0,0.9307231881952605,-1.0865775838827785,2.9984565532442033,2380
gonzahu01,Hugo González,BOS,20,bpm,-1.5,0.16100995241666438,-2.7482289374062114,1.8264246945058833,1084
goodwjo01,Jordan Goodwin,PHO,28,bpm,1.8,0.5975694844599114,-1.924994507316606,2.527669855445667,1572
gordoaa01,Aaron Gordon,DEN,31,bpm,1.7,0.8579759677166231,-2.0512629221062526,2.523390709805842,1005
grantje01,Jerami Grant,POR,32,bpm,0.0,-0.5990777386690511,-3.1216417304455684,1.3310226323167047,1695
greenaj01,A.J. Green,MIL,27,bpm,-3.3,-2.6760096362640517,-4.693310408342091,-0.6082762712151086,2270
greendr01,Draymond Green,GSW,36,bpm,-1.4,-0.2475174814414015,-2.2648182535194405,1.8202158836075415,1869
greenja02,Javonte Green,DET,33,bpm,2.1,-0.1069697431856117,-2.629533734962129,1.8231306278001442,1446
greenja05,Jalen Green,PHO,24,bpm,-1.1,0.1830645316066429,-2.7261743582162326,1.8484792736958617,828
greenjo02,Josh Green,CHO,26,bpm,-0.7,-2.6192309506321254,-5.528469840455001,-0.9538162085429065,908
grimequ01,Quentin Grimes,PHI,26,bpm,-1.6,-0.8642204952815417,-2.8815212673595805,1.2035128697674016,2206
gueyemo02,Mouhamed Gueye,ATL,24,bpm,-1.3,-0.6321199189821853,-3.1546839107587026,1.2979804520035705,1179
hachiru01,Rui Hachimura,LAL,28,bpm,-2.2,-1.3449928643060014,-3.3622936363840403,0.7227405007429417,1927
hardati02,Tim Hardaway Jr.,DEN,34,bpm,-0.7,-2.13463828321521,-4.15193905529325,-0.06690491816626709,2127
hardeja01,James Harden,2TM,37,bpm,3.9,3.234636792265493,1.217336020187454,5.302370157314436,2438
hardyja02,Jaden Hardy,2TM,24,bpm,-4.8,-3.750898609048981,-6.6601374988718565,-2.0854838669597617,898
harklej01,Elijah Harkless,UTA,26,bpm,-5.6,-3.6403094384959283,-6.549548328318804,-1.9748946964067093,545
harpedy01,Dylan Harper,SAS,20,bpm,1.4,2.5344868786619474,0.011922886885430195,4.464587249647703,1558
harpero02,Ron Harper Jr.,BOS,26,bpm,1.1,0.646009887887199,-2.2632290019356764,2.311424629976418,318
harriga01,Gary Harris,MIL,32,bpm,-2.5,-1.9160340532206175,-4.825272943043493,-0.25061931113139857,661
harrito02,Tobias Harris,DET,34,bpm,1.4,0.23159080526448783,-2.2909731865120295,2.1616911762502435,1746
harteis01,Isaiah Hartenstein,OKC,28,bpm,4.2,3.3140606703111573,0.79149667853464,5.244161041296913,1137
hartjo01,Josh Hart,NYK,31,bpm,3.0,1.5828530737416715,-0.4344476983363674,3.6505864387906146,1994
hausesa01,Sam Hauser,BOS,29,bpm,0.6,0.45081071940726636,-1.5664900526707726,2.5185440844562095,1934
hawkijo01,Jordan Hawkins,NOP,24,bpm,-6.2,-4.145941246636995,-7.055180136459871,-2.4805265045477762,692
hayesja02,Jaxson Hayes,LAL,26,bpm,1.2,0.10214387692942734,-2.42042011484709,2.032244247915183,1207
hayeski01,Killian Hayes,SAC,25,bpm,-6.0,-2.8841857464426486,-5.793424636265524,-1.2187710043534297,406
hendesc01,Scoot Henderson,POR,22,bpm,-2.2,-2.1882097575153936,-5.097448647338269,-0.5227950154261747,748
hendrta01,Taylor Hendricks,2TM,23,bpm,-2.4,-1.2425747218410064,-3.7651387136175236,0.6875256491447495,1118
herroty01,Tyler Herro,MIA,27,bpm,2.0,2.1471231532872506,-0.762115736535625,3.8125378953764697,1033
hieldbu01,Buddy Hield,2TM,34,bpm,-1.0,-0.9662390549619366,-3.8754779447848122,0.6991756871272823,819
hinsobl01,Blake Hinson,UTA,27,bpm,-0.6,-0.3159554443208275,-3.225194334143703,1.3494592977683915,285
holidaa01,Aaron Holiday,HOU,30,bpm,-2.4,-1.3757449985876677,-4.284983888410544,0.28966974350155117,781
holidjr01,Jrue Holiday,POR,36,bpm,1.9,1.141148247920937,-1.3814157438555803,3.0712486189066928,1560
hollaro01,Ron Holland,DET,21,bpm,-2.0,-1.0458197359021333,-3.5683837276786505,0.8842806350836225,1551
holmgch01,Chet Holmgren,OKC,24,bpm,4.2,3.6966811344887955,1.6793803624107566,5.764414499537739,1997
horfoal01,Al Horford,GSW,40,bpm,1.6,1.026498845503773,-1.8827400443191027,2.6919135875929916,969
howarje01,Jett Howard,ORL,23,bpm,-1.8,-2.1555445095225476,-5.064783399345423,-0.4901297674333287,695
huertke01,Kevin Huerter,2TM,28,bpm,-0.6,-1.0994138277967815,-3.621977819573299,0.8306865431889743,1549
huffja01,Jay Huff,IND,28,bpm,0.4,1.03581782124458,-1.4867461705319371,2.965918192230336,1719
hukpoar01,Ariel Hukporti,NYK,24,bpm,-2.3,-1.1400686235795132,-4.049307513402389,0.5253461185097057,498
huntede01,De'Andre Hunter,2TM,29,bpm,-3.9,-1.9773439743457628,-4.49990796612228,-0.04724360336000699,1176
hylanbo01,Bones Hyland,MIN,26,bpm,1.7,0.5098888053403425,-2.0126751864361747,2.4399891763260984,1177
ighodos01,Oso Ighodaro,PHO,24,bpm,0.1,-0.36884654437955117,-2.8914105361560685,1.5612538266062046,1808
ingrabr01,Brandon Ingram,TOR,29,bpm,0.5,0.2721322190683132,-1.7451685530097256,2.3398655841172564,2604
isaacjo01,Jonathan Isaac,ORL,29,bpm,-1.6,0.5353809135549386,-2.373857976267937,2.2007956556441575,521
iveyja01,Jaden Ivey,2TM,24,bpm,0.0,-1.062383590401507,-3.971622480224383,0.6030311516877118,670
jacksan01,Andre Jackson Jr.,MIL,25,bpm,-7.1,-3.481511660947937,-6.390750550770813,-1.8160969188587182,408
jacksgg01,GG Jackson II,MEM,22,bpm,-1.2,-0.958388980111877,-3.480952971888394,0.9717113908738788,1178
jacksis01,Isaiah Jackson,2TM,25,bpm,-1.2,0.07848617469060531,-2.8307527151322702,1.7439009167798243,908
jacksja02,Jaren Jackson Jr.,2TM,27,bpm,-0.6,0.7315996086850673,-1.79096438309145,2.661699979670823,1454
jacksqu01,Quenton Jackson,IND,28,bpm,-1.8,-1.1797774345189167,-4.0890163243417925,0.4856373075703022,897
jackstr02,Trayce Jackson-Davis,2TM,26,bpm,-0.4,1.2188115694678257,-1.69042732035505,2.8842263115570446,496
jakucka01,Kasparas Jakučionis,MIA,20,bpm,-0.4,1.0453176726378701,-1.8639212171850055,2.7107324147270893,945
jamesbr02,Bronny James,LAL,22,bpm,-4.3,-1.5088354391656433,-4.418074328988519,0.15657930292357558,375
jamesle01,LeBron James,LAL,42,bpm,3.5,2.521191834436785,0.503891062358746,4.588925199485728,1989
jamessi01,Sion James,CHO,24,bpm,-2.0,-1.4204401867235843,-3.4377409588016232,0.6472931783253588,1843
jaqueja01,Jaime Jaquez Jr.,MIA,25,bpm,0.1,-0.4131205934437745,-2.4304213655218136,1.6546127716051686,2121
jenkida01,Daniss Jenkins,DET,25,bpm,-0.7,-0.32514141003614316,-2.8477054018126604,1.6049589609496127,1455
jeromty01,Ty Jerome,MEM,29,bpm,7.7,3.9679442910282914,1.0587054012054158,5.63335903311751,339
joeis01,Isaiah Joe,OKC,27,bpm,2.5,1.5362540544639862,-0.986309937312531,3.466354425449742,1507
johnsaj01,AJ Johnson,2TM,22,bpm,-8.9,-5.6288741567276475,-8.538113046550523,-3.9634594146384288,454
johnsca02,Cameron Johnson,DEN,30,bpm,-0.6,0.7920220499524852,-1.7305419418240322,2.722122420938241,1647
johnsch06,Chaney Johnson,BRK,24,bpm,0.1,0.3908939147527474,-2.518344975070128,2.056308656841966,348
johnsja05,Jalen Johnson,ATL,25,bpm,4.2,3.037790430732137,1.020489658654098,5.10552379578108,2532
johnske04,Keldon Johnson,SAS,27,bpm,0.9,-0.597977333998011,-2.61527810607605,1.469756031050932,1911
johnske10,Keshad Johnson,MIA,25,bpm,-1.3,-0.3647178206330892,-3.273956710455965,1.3006969214561297,280
johnstr03,Tre Johnson,WAS,20,bpm,-5.0,-2.8353390474162357,-5.3579030391927525,-0.9052386764304798,1443
jokicni01,Nikola Jokić,DEN,31,bpm,14.2,12.578104885634298,10.560804113556259,14.64583825068324,2265
jonesde02,Derrick Jones Jr.,LAC,29,bpm,-0.7,-1.0199382217355843,-3.5425022135121016,0.9101621492501715,1350
joneshe01,Herbert Jones,NOP,28,bpm,-3.1,-1.6119051080653801,-4.134469099841898,0.3181952629203757,1588
joneska03,Kam Jones,IND,24,bpm,-6.2,-3.9300346826967787,-6.839273572519654,-2.2646199406075596,616
jonessp01,Spencer Jones,DEN,25,bpm,-2.4,-1.7408669420521834,-4.263430933828701,0.18923342893357242,1417
jonestr01,Tre Jones,CHI,27,bpm,1.3,0.6634040055969197,-1.8591599861795975,2.5935043765826755,1752
jonesty01,Tyus Jones,3TM,30,bpm,-2.4,-0.4275561848530602,-3.3367950746759356,1.2378585572361587,979
jovicni01,Nikola Jović,MIA,23,bpm,-3.5,-0.349020325069165,-3.258259214892041,1.3163944170200539,808
kalkbry01,Ryan Kalkbrenner,CHO,25,bpm,1.8,1.7737803985393081,-0.7487835932372091,3.703880769525064,1479
kennalu01,Luke Kennard,2TM,30,bpm,0.1,0.24414271183848402,-2.2784212799380335,2.1742430828242396,1681
kispeco01,Corey Kispert,2TM,27,bpm,-1.9,-2.4623555355487308,-5.371594425371606,-0.7969407934595119,1080
klebima01,Maxi Kleber,LAL,35,bpm,-3.9,-2.867915060643773,-5.777153950466649,-1.2025003185545542,461
knechda01,Dalton Knecht,LAL,25,bpm,-3.6,-1.7811378560780344,-4.69037674590091,-0.11572311398881552,553
knuepko01,Kon Knueppel,CHO,21,bpm,2.8,3.634519645361993,1.6172188732839539,5.702253010410936,2551
kolekty01,Tyler Kolek,NYK,25,bpm,-0.6,-0.6172166661825572,-3.5264555560054327,1.0481980759066616,727
kolokch01,Christian Koloko,3TM,26,bpm,-4.7,-2.6287904382493656,-5.538029328072241,-0.9633756961601467,357
konanya01,Yanic Konan Niederhäuser,LAC,23,bpm,-2.2,-0.7163137970802355,-3.625552686903111,0.9491009450089835,424
konchjo01,John Konchar,2TM,30,bpm,0.9,0.48472822282626904,-2.037835768950248,2.414828593812025,1115
kornelu01,Luke Kornet,SAS,31,bpm,3.6,2.7495540976069974,0.22699010583048018,4.679654468592753,1430
krejcvi01,Vít Krejčí,2TM,26,bpm,-1.6,-0.9152751256753491,-3.4378391174518663,1.0148252453104067,1392
kuminjo01,Jonathan Kuminga,2TM,24,bpm,-2.0,-0.5257562238218096,-3.4349951136446855,1.1396585182674093,830
kuzmaky01,Kyle Kuzma,MIL,31,bpm,-2.3,-3.069659868195897,-5.592223859972414,-1.1395594972101413,1806
landajo01,Jock Landale,2TM,31,bpm,-0.1,-0.4328613484503517,-2.955425340226869,1.4972390225354042,1506
laniech01,Chaz Lanier,DET,25,bpm,-5.1,-2.174877984443153,-5.084116874266028,-0.5094632423539343,262
laravja01,Jake LaRavia,LAL,25,bpm,-1.2,-0.6321316279689296,-2.6494324000469684,1.4356017370800136,2061
larsspe01,Pelle Larsson,MIA,25,bpm,-1.2,-1.2513509508739906,-3.2686517229520295,0.8163824141749525,1849
lavinza01,Zach LaVine,SAC,31,bpm,-1.5,-0.5010661609243083,-3.0236301527008256,1.4290342100614475,1224
leonaka01,Kawhi Leonard,LAC,35,bpm,8.0,5.410443077473102,3.3931423053950627,7.478176442522045,2085
leonsma01,Malevy Leons,GSW,27,bpm,-2.8,-1.4003466175110595,-4.309585507333935,0.2650681245781594,276
leverca01,Caris LeVert,DET,32,bpm,-0.4,0.11863896097542276,-2.4039250308010947,2.0487393319611784,1154
liddeej01,E.J. Liddell,BRK,26,bpm,-3.3,-1.7668089770503705,-4.676047866873246,-0.10139423496115163,349
liveris01,Isaiah Livers,PHO,28,bpm,-2.5,-2.9860809313090364,-5.8953198211319116,-1.3206661892198175,347
looneke01,Kevon Looney,NOP,30,bpm,-1.8,-0.0282289779416727,-2.9374678677645485,1.6371857641475462,308
lopezbr01,Brook Lopez,LAC,38,bpm,-0.9,-0.30585809212599485,-2.8284220839025123,1.624242278859761,1635
loveca01,Caleb Love,POR,25,bpm,-3.1,-2.161301393516704,-5.07054028333958,-0.4958866514274851,1013
loveke01,Kevin Love,UTA,38,bpm,0.2,0.7378737120317971,-2.1713651777910785,2.403288454121016,613
maluakh01,Khaman Maluach,PHO,20,bpm,-3.7,-0.8316309739361993,-3.740869863759075,0.8337837681530196,411
mamuksa01,Sandro Mamukelashvili,TOR,27,bpm,2.8,2.0740161709975093,-0.4485478207790079,4.004116541983265,1751
mannte01,Terance Mann,BRK,30,bpm,-3.4,-2.154763472514273,-4.677327464290791,-0.2246631015285172,1529
manntr01,Tre Mann,CHO,25,bpm,-5.3,-2.4803362744454747,-5.389575164268351,-0.8149215323562558,669
markkla01,Lauri Markkanen,UTA,29,bpm,2.6,1.5280530422966638,-0.9945109494798534,3.4581534132824197,1443
marshna01,Naji Marshall,DAL,29,bpm,-0.6,-0.9512072379708336,-2.9685080100488728,1.1165261270781095,2184
martica02,Caleb Martin,DAL,31,bpm,-2.2,-2.6660849964015125,-5.575323886224388,-1.0006702543122936,856
martity01,Tyrese Martin,2TM,27,bpm,-3.4,-2.586053904326383,-5.495292794149258,-0.9206391622371639,777
mashaja01,Jahmai Mashack,MEM,24,bpm,-7.0,-4.6115930076762455,-7.5208318974991215,-2.946178265587027,673
mathube01,Bennedict Mathurin,2TM,24,bpm,-2.5,-2.3692892199324946,-4.891853211709012,-0.4391888489467388,1620
matkoka01,Karlo Matković,NOP,25,bpm,0.7,-0.08252479271652574,-2.991763682539401,1.5828899493726931,912
maxeyty01,Tyrese Maxey,PHI,26,bpm,5.4,3.7132911817942853,1.6959904097162464,5.781024546843229,2661
mbengbe01,Bez Mbeng,UTA,23,bpm,-4.9,-2.5138371486994973,-5.423076038522373,-0.8484224066102783,492
mcbrimi01,Miles McBride,NYK,26,bpm,1.2,0.3909990348535404,-2.5182398549693352,2.056413776942759,1080
mccaija01,Jared McCain,2TM,22,bpm,-2.4,-0.47458834431849417,-2.997152336095011,1.4555120266672616,1160
mccolcj01,CJ McCollum,2TM,35,bpm,-0.3,-0.1453059696483633,-2.1626067417264023,1.9224273954005797,2264
mccontj01,T.J. McConnell,IND,34,bpm,2.5,1.42843873236026,-1.4808001574626155,3.093853474449479,963
mcdanja02,Jaden McDaniels,MIN,26,bpm,-0.3,-0.6341715660003897,-2.6514723380784284,1.4335617990485534,2316
mcderdo01,Doug McDermott,SAC,35,bpm,-4.4,-3.4066079618508853,-6.315846851673761,-1.7411932197616664,439
mcgowbr01,Bryce McGowens,NOP,24,bpm,-2.9,-2.7266594914329656,-5.635898381255841,-1.0612447493437467,880
mclaujo01,Jordan McLaughlin,SAS,30,bpm,0.6,1.0415793151072996,-1.867659574715576,2.7069940571965185,282
mcneeli01,Liam McNeeley,CHO,21,bpm,-1.3,0.3976768433229484,-2.511562046499927,2.063091585412167,368
meltode01,De'Anthony Melton,GSW,28,bpm,-2.5,-1.2731065157114236,-3.795670507487941,0.6569938552743322,1125
merrisa01,Sam Merrill,CLE,30,bpm,0.1,0.1336369037576185,-2.3889270880188986,2.0637372747433744,1377
middlkh01,Khris Middleton,2TM,35,bpm,-4.4,-1.8694161765703532,-4.391980168346871,0.060684194415402626,1439
millebr02,Brandon Miller,CHO,24,bpm,1.6,0.1815464408316383,-1.8357543312464006,2.2492798058805814,1968
millejo02,Jordan Miller,LAC,27,bpm,0.2,-0.38514844988163954,-2.907712441658157,1.5449519211041163,1325
millele01,Leonard Miller,2TM,23,bpm,-1.3,-0.33585299753784925,-3.245091887360725,1.3295617445513697,719
minotjo01,Josh Minott,2TM,24,bpm,2.5,2.244183616474035,-0.6650552733488406,3.9095983585632537,834
missiyv01,Yves Missi,NOP,22,bpm,-1.7,-1.2690420362613448,-3.791606028037862,0.661058334724411,1297
mitchaj01,Ajay Mitchell,OKC,24,bpm,1.9,1.2259935251860183,-1.296570466590499,3.1560938961717744,1473
mitchda01,Davion Mitchell,MIA,28,bpm,-0.9,-1.8483733519855094,-3.865674124063548,0.21936001306343367,2000
mitchdo01,Donovan Mitchell,CLE,30,bpm,5.1,4.439774006030052,2.422473233952013,6.5075073710789955,2342
mobleev01,Evan Mobley,CLE,25,bpm,3.0,3.621553274116402,1.6042525020383631,5.689286639165346,2074
monkma01,Malik Monk,SAC,28,bpm,-1.3,-0.5848547333991331,-3.10741872517565,1.3452456375866229,1364
moodymo01,Moses Moody,GSW,24,bpm,-0.1,-0.057028735962885435,-2.579592727739403,1.8730716350228704,1540
moranja01,Ja Morant,MEM,27,bpm,-1.5,1.1379940319716468,-1.7712448578512288,2.8034087740608657,569
murphtr02,Trey Murphy III,NOP,26,bpm,2.4,1.8592755569999946,-0.15802521507804435,3.9270089220489375,2341
murraco01,Collin Murray-Boyles,TOR,21,bpm,1.0,1.9340009931642366,-0.5885629986122807,3.8641013641499926,1246
murrade01,Dejounte Murray,NOP,30,bpm,1.4,0.5646898577648298,-2.3445490320580458,2.230104599854049,389
murraja01,Jamal Murray,DEN,29,bpm,4.1,2.5335543847542494,0.5162536126762105,4.601287749803193,2652
murrake02,Keegan Murray,SAC,26,bpm,-3.1,-1.4911623701238983,-4.400401259946774,0.17425237196532062,793
murrakr01,Kris Murray,POR,26,bpm,-1.5,-2.238701553706915,-4.7612655454834325,-0.308601182721159,1333
mykhasv01,Svi Mykhailiuk,UTA,29,bpm,-1.7,-2.281664942501444,-4.804228934277962,-0.3515645715156883,1156
nancela02,Larry Nance Jr.,CLE,34,bpm,-3.4,-0.17259173231473057,-3.0818306221376064,1.4928230097744883,449
nancepe01,Pete Nance,MIL,26,bpm,-2.3,-1.6153301745395987,-4.524569064362474,0.05008456754962021,737
nembhan01,Andrew Nembhard,IND,27,bpm,-0.8,-1.5959947288054488,-4.118558720581966,0.334105642180307,1786
nembhry01,Ryan Nembhard,DAL,23,bpm,-4.1,-2.71320954589941,-5.235773537675927,-0.7831091749136543,1171
nesmiaa01,Aaron Nesmith,IND,27,bpm,-3.4,-1.547168945846602,-4.069732937623119,0.3829314251391538,1335
newelas01,Asa Newell,ATL,21,bpm,-1.5,0.169686087754104,-2.7395528020687716,1.835100829843323,500
nnajize01,Zeke Nnaji,DEN,26,bpm,-3.5,-2.3166735761334856,-5.225912465956361,-0.6512588340442667,626
nurkiju01,Jusuf Nurkić,UTA,32,bpm,1.1,0.3028929283750856,-2.60634596144779,1.9683076704643045,1083
okogijo01,Josh Okogie,HOU,28,bpm,-1.2,-0.46394319219786206,-2.9865071839743793,1.4661571787878938,1354
okongon01,Onyeka Okongwu,ATL,26,bpm,0.7,0.7085813203087624,-1.3087194517692766,2.7763146853577054,2297
okorois01,Isaac Okoro,CHI,26,bpm,-3.8,-2.0162219884509702,-4.5387859802274875,-0.0861216174652144,1695
olbrila01,Lachlan Olbrich,CHI,23,bpm,-3.4,-1.2609582299732138,-4.170197119796089,0.4044565121160051,344
olynyke01,Kelly Olynyk,SAS,35,bpm,-0.1,0.18322271668856766,-2.7260161731343078,1.8486374587777865,360
onealro01,Royce O'Neale,PHO,33,bpm,0.7,-0.044009198583619846,-2.0613099706616587,2.0237241664653234,2213
oubreke01,Kelly Oubre Jr.,PHI,31,bpm,-1.4,-2.287884099005966,-4.810448090782483,-0.3577837280202103,1574
payneca01,Cameron Payne,PHI,32,bpm,0.3,-0.5150000484714569,-3.4242389382943323,1.150414693617762,374
paytoga02,Gary Payton II,GSW,34,bpm,1.9,0.8866463552394934,-1.6359176365370238,2.816746726225249,1142
peavymi01,Micah Peavy,NOP,25,bpm,-5.2,-3.7092065708252315,-6.618445460648108,-2.043791828736013,913
pendano01,Noah Penda,ORL,22,bpm,-1.5,-0.15564420371509935,-3.0648830935379747,1.5097705383741196,757
peterta01,Taelon Peter,IND,24,bpm,-4.6,-2.5969707638216932,-5.506209653644569,-0.9315560217324743,492
phillju01,Julian Phillips,2TM,23,bpm,-3.6,-2.3312968315862497,-5.240535721409126,-0.6658820894970308,428
pickeja02,Jalen Pickett,DEN,27,bpm,-2.3,-1.673359718579172,-4.582598608402048,-0.00794497648995307,807
plowdda01,Daeqwon Plowden,SAC,28,bpm,-4.4,-3.325786378418033,-6.235025268240909,-1.660371636328814,844
podzibr01,Brandin Podziemski,GSW,23,bpm,0.2,0.8370702104807042,-1.1802305615973347,2.9048035755296473,2333
poeltja01,Jakob Poeltl,TOR,31,bpm,1.6,1.0046770689553766,-1.5178869228211407,2.9347774399411324,1149
poolejo01,Jordan Poole,NOP,27,bpm,-3.5,-1.9641183485420028,-4.873357238364878,-0.29870360645278393,933
portecr01,Craig Porter Jr.,CLE,26,bpm,2.0,1.3594946030839052,-1.163069388692612,3.289594974069661,1148
porteke02,Kevin Porter Jr.,MIL,26,bpm,2.1,0.7480338056842364,-1.7745301860922809,2.6781341766699924,1261
portemi01,Michael Porter Jr.,BRK,28,bpm,3.0,0.8593089237069661,-1.6632550680695513,2.789409294692722,1689
portibo01,Bobby Portis,MIL,31,bpm,0.0,-0.6081278537537204,-3.1306918455302375,1.3219725172320356,1619
porzikr01,Kristaps Porziņģis,2TM,31,bpm,1.9,3.267780275157609,0.35854138533473323,4.9331950172468275,769
postqu01,Quinten Post,GSW,26,bpm,-1.1,-0.5728203231208506,-3.095384314897368,1.3572800478649052,1159
pottemi01,Micah Potter,IND,28,bpm,0.7,-0.7947146898014044,-3.70395357962428,0.8707000522878146,908
poulajo01,John Poulakidas,DAL,23,bpm,-2.2,-0.4270658703917761,-3.336304760214652,1.238348871697443,253
poweldr01,Drake Powell,BRK,21,bpm,-6.0,-3.8287237733280253,-6.3512877651045425,-1.8986234023422695,1320
poweldw01,Dwight Powell,DAL,35,bpm,-1.4,-1.0477635397989897,-3.9570024296218653,0.6176512022902292,904
powelno01,Norman Powell,MIA,33,bpm,1.6,0.4964009960286613,-2.026162995747856,2.426501367014417,1717
princta02,Taurean Prince,MIL,32,bpm,-3.1,-2.2733879688879357,-5.182626858710812,-0.6079732267987168,611
pritcpa01,Payton Pritchard,BOS,29,bpm,2.3,2.01218751211841,-0.0051132599596290795,4.079920877167353,2556
proctty01,Tyrese Proctor,CLE,22,bpm,-2.8,-0.9043422320469217,-3.813581121869797,0.7610725100422973,545
prospol01,Olivier-Maxence Prosper,MEM,24,bpm,-0.1,-0.544814108950856,-3.4540529987737316,1.120600633138363,984
queende01,Derik Queen,NOP,22,bpm,-0.8,0.22587256250141963,-1.7914282095766194,2.2936059275503626,2023
quetane01,Neemias Queta,BOS,27,bpm,2.8,1.6410434156220464,-0.37625735645599256,3.7087767806709895,1926
quickim01,Immanuel Quickley,TOR,27,bpm,2.4,1.8770192279636015,-0.14028154411443738,3.9447525930125447,2231
randlju01,Julius Randle,MIN,32,bpm,1.5,1.311357340746057,-0.7059434313319819,3.379090705795,2610
raynama01,Maxime Raynaud,SAC,23,bpm,-2.4,-1.511053591169722,-3.528354363247761,0.5566797738792211,1964
reathdu01,Duop Reath,POR,30,bpm,-0.9,-0.7017201367723984,-3.610959026595274,0.9636946053168205,258
reaveau01,Austin Reaves,LAL,28,bpm,2.8,1.6291400734949435,-0.8934239182815737,3.5592404444806993,1762
reedpa01,Paul Reed,DET,27,bpm,5.3,2.4432432639442636,-0.465995625878612,4.108658006033482,901
reeseju01,Julian Reese,WAS,23,bpm,-5.1,-2.3935982194269707,-5.302837109249847,-0.7281834773377518,402
reidna01,Naz Reid,MIN,27,bpm,0.9,1.1793684465902992,-0.8379323254877398,3.2471018116392423,2007
richaja02,Jase Richardson,ORL,21,bpm,-2.5,-0.5629147048194423,-3.472153594642318,1.1025000372697766,587
richani01,Nick Richards,2TM,29,bpm,-6.1,-3.5972956669061134,-6.5065345567289885,-1.9318809248168944,701
richawi02,Will Richard,GSW,24,bpm,-1.7,-1.0944518985978084,-3.6170158903743257,0.8356484723879474,1377
rileywi01,Will Riley,WAS,20,bpm,-4.5,-2.4907999269019614,-5.013363918678479,-0.5606995559162056,1633
risacza01,Zaccharie Risacher,ATL,21,bpm,-2.5,-1.625063316995354,-4.147627308771871,0.30503705399040193,1503
robindu01,Duncan Robinson,DET,32,bpm,0.8,-0.47560851141443167,-2.4929092834924704,1.5921248536345114,2113
robinje02,Jeremiah Robinson-Earl,2TM,26,bpm,-5.2,-2.5740239699725933,-5.4832628597954685,-0.9086092278833744,361
robinmi01,Mitchell Robinson,NYK,28,bpm,3.5,2.2366768519493436,-0.2858871398271736,4.1667772229350994,1175
rolliry01,Ryan Rollins,MIL,24,bpm,0.2,0.3560904810390225,-1.6612102910390165,2.4238238460879655,2376
ruperra01,Rayan Rupert,2TM,22,bpm,-5.1,-3.70756050202085,-6.616799391843726,-2.042145759931631,1072
russeda01,D'Angelo Russell,DAL,30,bpm,-2.3,-0.17719606378295433,-3.08643495360583,1.4882186783062645,495
ryanco01,Cormac Ryan,MIL,28,bpm,-0.8,-0.40087083736444745,-3.310109727187323,1.2645439047247715,271
sabondo01,Domantas Sabonis,SAC,30,bpm,0.6,4.7099309734466,1.8006920836237241,6.375345715535818,564
salauti01,Tidjane Salaün,CHO,21,bpm,-0.8,-1.9276660091482705,-4.836904898971146,-0.26225126705905155,575
sandeko01,Kobe Sanders,LAC,24,bpm,-2.9,-2.082941758563851,-4.6055057503403685,-0.1528413875780954,1351
santogu01,Gui Santos,GSW,24,bpm,-0.6,-0.5053638737622954,-3.0279278655388127,1.4247364972234604,1395
sarafbe01,Ben Saraf,BRK,20,bpm,-7.3,-4.2314116616978,-7.140650551520675,-2.5659969196085815,916
sarral01,Alex Sarr,WAS,21,bpm,0.7,-0.1638342290893633,-2.6863982208658808,1.7662661418963925,1305
sassema01,Marcus Sasser,DET,26,bpm,-1.7,-1.4500122297302018,-4.359251119553077,0.21540251235901708,457
scheiba01,Baylor Scheierman,BOS,26,bpm,0.6,0.20656640228994094,-2.3159975894865763,2.1366667732756968,1429
schrode01,Dennis Schröder,2TM,33,bpm,-2.2,-2.3384357361465753,-4.860999727923092,-0.4083353651608195,1697
sengual01,Alperen Şengün,HOU,24,bpm,4.2,4.519803483055479,2.50250271097744,6.587536848104422,2398
sensabr01,Brice Sensabaugh,UTA,23,bpm,-2.6,-1.6420408108607094,-4.164604802637227,0.2880595601250464,1762
sextoco01,Collin Sexton,2TM,28,bpm,0.6,0.5098528834007022,-2.012711108375815,2.439953254386458,1614
shamela01,Landry Shamet,NYK,29,bpm,-0.3,-1.7268978191291338,-4.249461810905651,0.20320255185662206,1171
shannte01,Terrence Shannon Jr.,MIN,26,bpm,-3.6,-2.2502705535433476,-5.159509443366224,-0.5848558114541287,538
sharpda01,Day'Ron Sharpe,BRK,25,bpm,1.4,1.0949633122765072,-1.42760067950001,3.025063683262263,1160
sharpsh01,Shaedon Sharpe,POR,23,bpm,-1.4,-0.8908472376377995,-3.413411229414317,1.0392531333479562,1471
sheadja01,Jamal Shead,TOR,24,bpm,-2.3,-2.4315712358941797,-4.448872007972218,-0.36383787084523656,1852
sheppbe01,Ben Sheppard,IND,25,bpm,-3.0,-2.224201420993564,-4.746765412770081,-0.29410105000780806,1390
sheppre01,Reed Sheppard,HOU,22,bpm,2.7,2.589230457334839,0.5719296852568001,4.656963822383782,2147
siakapa01,Pascal Siakam,IND,32,bpm,0.7,1.2084606981680495,-0.8088400739099895,3.276194063216993,2057
simonan01,Anfernee Simons,2TM,27,bpm,-0.1,-0.07203892210757515,-2.5946029138840925,1.8580614488781806,1372
simpskj01,KJ Simpson,2TM,24,bpm,-5.1,-3.761910031714693,-6.6711489215375686,-2.096495289625474,257
simsje01,Jericho Sims,MIL,28,bpm,-3.1,-2.572986065514792,-5.095550057291309,-0.6428856945290362,1318
slawsja01,Jalen Slawson,IND,27,bpm,-0.4,-0.2254470191938932,-3.1346859090167687,1.4399677228953256,311
smallja01,Javon Small,MEM,24,bpm,1.0,1.0697159884471574,-1.8395229013757182,2.735130730536376,830
smartma01,Marcus Smart,LAL,32,bpm,-2.2,-2.003776768204947,-4.526340759981464,-0.07367639721919117,1769
smithdr01,Dru Smith,MIA,29,bpm,2.2,1.5100891735011552,-1.012474818275362,3.440189544486911,1141
smithja04,Jalen Smith,CHI,26,bpm,-0.7,0.5547977777723607,-1.9677662140041565,2.4848981487581163,1095
smithja05,Jabari Smith Jr.,HOU,23,bpm,-0.7,-0.007807365595721483,-2.0251081376737603,2.0599259994532217,2705
smithma02,Malachi Smith,BRK,27,bpm,-0.8,-0.4663451895535303,-3.375584079376406,1.1990695525356885,359
smithni01,Nick Smith Jr.,LAL,22,bpm,-4.7,-3.9076813709629428,-6.816920260785818,-2.2422666288737236,375
sochaje01,Jeremy Sochan,2TM,23,bpm,-1.2,-1.4240283580900694,-4.333267247912945,0.24138638399914947,469
spencca01,Cam Spencer,MEM,26,bpm,2.2,1.802061246799149,-0.7205027449773682,3.7321616177849046,1714
spencpa01,Pat Spencer,GSW,30,bpm,-2.3,-1.9332145260765945,-4.455778517853112,-0.0031141550908386773,1229
stewais01,Isaiah Stewart,DET,25,bpm,0.0,-0.09841720780890767,-2.620981199585425,1.8316831631768482,1317
strawju01,Julian Strawther,DEN,24,bpm,-2.3,-3.1507535685985393,-6.059992458421415,-1.4853388265093204,861
strusma01,Max Strus,CLE,30,bpm,-1.2,-0.0390011401584323,-2.948240029981308,1.6264136019307867,288
suggsja01,Jalen Suggs,ORL,25,bpm,2.5,1.668526272693784,-0.8540377190827333,3.5986266436795398,1574
tateja01,Jae'Sean Tate,HOU,31,bpm,-3.9,-2.2923887392563778,-5.201627629079253,-0.6269739971671588,405
tatumja01,Jayson Tatum,BOS,28,bpm,4.8,4.754660828710425,1.8454219388875495,6.420075570799644,522
terryda01,Dalen Terry,2TM,24,bpm,-1.7,-2.0867646255274552,-4.996003515350331,-0.4213498834382363,551
thomaca02,Cam Thomas,2TM,25,bpm,-5.2,-1.6849626970365712,-4.594201586859446,-0.019547954947352286,881
thompam01,Amen Thompson,HOU,24,bpm,2.6,3.1268886992099096,1.1095879271318707,5.194622064258853,2953
thompau01,Ausar Thompson,DET,24,bpm,3.1,1.6457925631927397,-0.37150820888529923,3.713525928241683,1896
thompet01,Ethan Thompson,IND,27,bpm,-4.9,-3.451939137297841,-6.361178027120717,-1.786524395208622,653
thompkl01,Klay Thompson,DAL,36,bpm,-1.4,-1.2102729365861022,-3.7328369283626195,0.7198274343996536,1497
thybuma01,Matisse Thybulle,POR,29,bpm,4.4,1.746539706495187,-1.1626991833276885,3.4119544485844058,480
tomlina01,Nae'Qwan Tomlin,CLE,26,bpm,-2.1,-1.5948436957646017,-4.5040825855874775,0.07057104632461719,1004
toppiob01,Obi Toppin,IND,28,bpm,3.0,1.6192016510228617,-1.2900372388000139,3.2846163931120804,424
townska01,Karl-Anthony Towns,NYK,31,bpm,3.3,2.654784993961368,0.6374842218833292,4.722518359010311,2322
traorno01,Nolan Traoré,BRK,20,bpm,-6.8,-4.194842071945702,-6.717406063722219,-2.2647417009599464,1243
trentga02,Gary Trent Jr.,MIL,28,bpm,-5.4,-3.0061798606222365,-5.528743852398754,-1.0760794896364807,1377
tshieos01,Oscar Tshiebwe,UTA,27,bpm,-1.8,-1.1970154118773508,-4.106254301700226,0.4683993302118681,448
turnemy01,Myles Turner,MIL,30,bpm,-0.9,-0.08200626531333689,-2.099307037391376,1.9857270997356062,1912
tysonja01,Jaylon Tyson,CLE,24,bpm,0.1,-0.01708860770291437,-2.5396525994794317,1.9130117632828414,1777
valanjo01,Jonas Valančiūnas,DEN,34,bpm,0.0,0.0955397681376674,-2.8136991216852083,1.7609545102268864,871
vandeja01,Jarred Vanderbilt,LAL,27,bpm,-1.5,-1.259743876161112,-3.782307867937629,0.6703564948246439,1128
vassede01,Devin Vassell,SAS,26,bpm,0.5,-0.10269609181419792,-2.119996863892237,1.9650372732347452,2044
vincega01,Gabe Vincent,2TM,30,bpm,-4.3,-3.7347846226408725,-6.644023512463749,-2.069369880551654,879
vucevni01,Nikola Vučević,2TM,36,bpm,1.5,1.0711957080250412,-1.451368283751476,3.001296079010797,1818
vukcetr01,Tristan Vukcevic,WAS,23,bpm,0.0,0.44312469564451196,-2.4661141941783637,2.108539437733731,671
wadede01,Dean Wade,CLE,30,bpm,0.2,0.09466233939192803,-2.4279016523845893,2.0247627103776837,1318
wagnefr01,Franz Wagner,ORL,25,bpm,2.5,2.3952372814380833,-0.5140016083847923,4.060652023527302,1019
wagnemo01,Moritz Wagner,ORL,29,bpm,-2.2,0.9754302410963576,-1.933808648726518,2.6408449831855765,427
walkeja01,Jabari Walker,PHI,24,bpm,-2.7,-1.9040493025565195,-4.813288192379395,-0.23863456046730058,762
walkeja02,Jarace Walker,IND,23,bpm,-2.4,-1.0382122085481291,-3.055512980626168,1.029521156500814,1953
wallaca01,Cason Wallace,OKC,23,bpm,1.2,1.4216957118759495,-0.5956050602020895,3.4894290769248926,2046
wallake01,Keaton Wallace,ATL,27,bpm,-2.7,-1.9765286903433388,-4.885767580166214,-0.31111394825411987,536
walshjo01,Jordan Walsh,BOS,22,bpm,0.2,0.3713904929011923,-2.151173498875325,2.301490863886948,1212
walteja01,Ja'Kobe Walter,TOR,22,bpm,-0.3,-0.24406926382942862,-2.766633255605946,1.6860311071563272,1474
wareke01,Kel'el Ware,MIA,22,bpm,2.1,2.035594109154156,-0.4869698826223612,3.965694480139912,1704
washipj01,P.J. Washington,DAL,28,bpm,-1.6,-1.4696725991681814,-3.9922365909446986,0.46042777181757444,1736
waterli01,Lindy Waters III,SAS,29,bpm,-3.2,-2.018062059334235,-4.927300949157111,-0.35264731724501597,285
watfotr01,Trendon Watford,PHI,26,bpm,-1.9,-1.7032751088959668,-4.612513998718843,-0.03786036680674787,864
watkija01,Jamir Watkins,WAS,25,bpm,-3.3,-2.328427810725849,-5.237666700548725,-0.6630130686366302,1032
watsope01,Peyton Watson,DEN,24,bpm,-1.2,-1.2189946353676742,-3.741558627144191,0.7111057356180817,1598
wellsja01,Jaylen Wells,MEM,23,bpm,-3.1,-1.8879897668902448,-4.410553758666762,0.04211060409551104,1821
wembavi01,Victor Wembanyama,SAS,23,bpm,10.7,8.026741061252343,6.009440289174304,10.094474426301286,1866
weslebl01,Blake Wesley,POR,23,bpm,-3.6,-2.7324240471991517,-5.641662937022027,-1.0670093051099327,361
westbru01,Russell Westbrook,SAC,38,bpm,-0.4,-1.0519164936729242,-3.069217265750963,1.015816871376019,1853
whiteco01,Coby White,2TM,26,bpm,-1.3,-0.8462101104007399,-3.368774102177257,1.083890260585016,1249
whitede01,Derrick White,BOS,32,bpm,3.2,3.169368332831283,1.152067560753244,5.237101697880226,2625
whitmca01,Cam Whitmore,WAS,22,bpm,-3.3,0.4278837224228325,-2.481355167400043,2.0932984645120514,354
wiggiaa01,Aaron Wiggins,OKC,28,bpm,-0.9,0.1661963261186623,-2.3563676656578547,2.0962966971044183,1414
wiggian01,Andrew Wiggins,MIA,31,bpm,1.2,-0.23690498133662397,-2.254205753414663,1.8308283837123192,2063
willibr03,Brandon Williams,DAL,27,bpm,0.4,0.41878597908781184,-2.1037780126887053,2.3488863500735677,1463
willico04,Cody Williams,UTA,22,bpm,-5.5,-4.565771779315739,-7.088335771092256,-2.635671408329983,1631
willigr01,Grant Williams,CHO,28,bpm,1.6,-1.0895230392852933,-3.998761929108169,0.5758917028039257,711
willija06,Jalen Williams,OKC,25,bpm,2.1,3.0638314366375443,0.15459254681466872,4.729246178726763,936
willija07,Jaylin Williams,OKC,24,bpm,2.7,2.786396545906169,0.2638325541296518,4.716496916891925,1277
willike04,Kenrich Williams,OKC,32,bpm,0.2,-0.03359360919785198,-2.9428324990207275,1.631821132891367,855
willima07,Mark Williams,PHO,25,bpm,2.0,2.419429766702557,-0.1031342250739602,4.349530137688313,1416
willipa01,Patrick Williams,CHI,25,bpm,-4.5,-3.2164521039664904,-5.739016095743008,-1.2863517329807346,1474
williro04,Robert Williams,POR,29,bpm,4.5,3.1274067906528042,0.21816790082992865,4.792821532742023,1008
willivi01,Vince Williams Jr.,2TM,26,bpm,-1.0,-1.0366444146386686,-3.9458833044615442,0.6287703274505503,820
willizi01,Zion Williamson,NOP,26,bpm,2.9,3.7070782800614137,1.6897775079833748,5.774811645110357,1841
willizi02,Ziaire Williams,BRK,25,bpm,-1.7,-2.0305562383918296,-4.553120230168346,-0.10045586740607382,1281
wilsoja03,Jalen Wilson,BRK,26,bpm,-5.6,-3.8519104195263347,-6.761149309349211,-2.186495677437116,859
wolfda01,Danny Wolf,BRK,22,bpm,-2.5,-1.08834849785356,-3.6109124896300773,0.8417518731321958,1187
yabusgu01,Guerschon Yabusele,2TM,31,bpm,-2.2,-1.7501528103943103,-4.659391700217186,-0.08473806830509134,1007
yangha01,Yang Hansen,POR,21,bpm,-9.5,-3.7657150715107037,-6.674953961333579,-2.1003003294214846,300
youngtr01,Trae Young,2TM,28,bpm,2.8,1.2558084931194604,-1.6534303967034152,2.9212232352086795,384
zubaciv01,Ivica Zubac,2TM,29,bpm,-0.3,1.1080941935199755,-1.4144697982565417,3.0381945645057313,1446
achiupr01,Precious Achiuwa,SAC,27,drb_pct,20.8,20.31823220760985,17.22029603434875,22.831844529635767,1745
adamsst01,Steven Adams,HOU,33,drb_pct,19.6,19.703797420415423,16.09447772491165,22.789176474601582,730
adebaba01,Bam Adebayo,MIA,29,drb_pct,25.7,24.590488317814437,22.03232771271371,27.056771106092437,2365
agbajoc01,Ochai Agbaji,2TM,26,drb_pct,11.5,11.232115526666817,7.622795831163044,14.317494580852978,973
aldamsa01,Santi Aldama,MEM,26,drb_pct,20.2,19.73484942955544,16.636913256294335,22.248461751581356,1198
alexani01,Nickeil Alexander-Walker,ATL,28,drb_pct,9.1,9.767248047572053,7.209087442471324,12.233530835850054,2603
allengr01,Grayson Allen,PHO,31,drb_pct,9.2,10.35793556768174,7.259999394420637,12.871547889707657,1467
allenja01,Jarrett Allen,CLE,28,drb_pct,24.0,25.109203077938663,22.011266904677562,27.62281539996458,1519
alvarjo01,Jose Alvarado,2TM,28,drb_pct,11.6,11.007534486809305,7.909598313548203,13.521146808835223,1370
anderky01,Kyle Anderson,3TM,33,drb_pct,13.8,14.405513534052025,10.796193838548252,17.490892588238186,853
antetgi01,Giannis Antetokounmpo,MIL,32,drb_pct,27.4,27.45620730202754,23.846887606523765,30.5415863562137,1039
anthoco01,Cole Anthony,MIL,26,drb_pct,15.1,15.615928661229036,12.006608965725263,18.701307715415197,527
anunoog01,OG Anunoby,NYK,29,drb_pct,13.4,11.95606610502015,9.397905499919421,14.422348893298151,2224
avdijde01,Deni Avdija,POR,26,drb_pct,19.0,20.25565995528274,17.697499350182014,22.721942743560742,2199
aytonde01,Deandre Ayton,LAL,28,drb_pct,22.6,24.559472682077764,22.001312076977037,27.025755470355765,1958
baglema01,Marvin Bagley III,2TM,27,drb_pct,19.3,18.602954889814367,15.505018716553264,21.116567211840284,1201
baileac01,Ace Bailey,UTA,20,drb_pct,11.0,12.297665420447842,9.739504815347113,14.763948208725843,1988
ballla01,LaMelo Ball,CHO,25,drb_pct,15.5,14.678518936012066,12.120358330911337,17.14480172429007,2017
balllo01,Lonzo Ball,CLE,29,drb_pct,17.2,14.822849779701682,11.21353008419791,17.908228833887843,728
banchpa01,Paolo Banchero,ORL,24,drb_pct,23.4,21.929950257570518,19.371789652469786,24.39623304584852,2502
banede01,Desmond Bane,ORL,28,drb_pct,9.8,12.690959512027346,10.132798906926617,15.157242300305347,2756
barlodo01,Dominick Barlow,PHI,23,drb_pct,13.5,14.34712913573113,11.249192962470028,16.860741457757047,1689
barneha02,Harrison Barnes,SAS,34,drb_pct,7.9,8.98322376639992,6.425063161299191,11.449506554677921,1986
barnesc01,Scottie Barnes,TOR,25,drb_pct,19.3,19.328137305518666,16.769976700417935,21.794420093796667,2681
barnhbr01,Brooks Barnhizer,OKC,24,drb_pct,17.7,16.58083121228473,12.971511516780955,19.66621026647089,348
barrerj01,RJ Barrett,TOR,26,drb_pct,16.3,16.685920493499854,13.587984320238752,19.19953281552577,1726
battlja01,Jamison Battle,TOR,25,drb_pct,15.3,14.006118920788529,10.396799225284756,17.09149797497469,517
batumni01,Nicolas Batum,LAC,38,drb_pct,14.1,13.50027533884743,10.402339165586328,16.013887660873348,1295
berinjo01,Joan Beringer,MIN,20,drb_pct,16.1,16.31872383882812,12.709404143324347,19.404102893014283,314
beysa01,Saddiq Bey,NOP,27,drb_pct,13.5,13.537830152199128,10.979669547098398,16.00411294047713,2246
bitadgo01,Goga Bitadze,ORL,27,drb_pct,21.2,22.16655342333328,18.557233727829505,25.25193247751944,972
blackan01,Anthony Black,ORL,23,drb_pct,11.6,11.712216113693007,9.154055508592277,14.178498901971007,1910
blackle01,Leaky Black,WAS,27,drb_pct,15.2,15.185554498277162,11.576234802773389,18.270933552463323,433
bogdabo01,Bogdan Bogdanović,LAC,34,drb_pct,13.3,11.118259725221128,7.508940029717355,14.203638779407289,452
bonaad01,Adem Bona,PHI,23,drb_pct,16.0,17.21468030628525,14.116744133024147,19.728292628311166,1234
bookede01,Devin Booker,PHO,30,drb_pct,10.7,10.226802874842079,7.668642269741349,12.69308566312008,2146
bouyeja01,Jamaree Bouyea,PHO,27,drb_pct,11.4,12.410998395875405,8.801678700371632,15.496377450061566,644
bradlto01,Tony Bradley,2TM,29,drb_pct,13.8,14.092688366895906,10.483368671392133,17.17806742108207,450
branhma01,Malaki Branham,WAS,23,drb_pct,12.7,10.507449470804625,6.898129775300852,13.592828524990786,275
braunch01,Christian Braun,DEN,25,drb_pct,11.5,12.752231026574702,9.6542948533136,15.265843348600619,1399
bridgmi01,Mikal Bridges,NYK,30,drb_pct,9.7,9.432717441948672,6.874556836847942,11.899000230226672,2692
bridgmi02,Miles Bridges,CHO,28,drb_pct,17.4,19.209635085844013,16.651474480743282,21.675917874122014,2387
brookdi01,Dillon Brooks,PHO,31,drb_pct,10.8,9.795971676324784,6.698035503063682,12.309583998350702,1702
brownbr01,Bruce Brown,DEN,30,drb_pct,12.5,13.390128624592187,10.831968019491457,15.856411412870187,1998
brownja02,Jaylen Brown,BOS,30,drb_pct,18.1,15.622065361158121,13.063904756057392,18.088348149436122,2443
brownko01,Kobe Brown,2TM,27,drb_pct,13.6,14.174597383521403,10.56527768801763,17.259976437707564,963
brunsja01,Jalen Brunson,NYK,30,drb_pct,9.4,9.180905682709326,6.622745077608597,11.647188470987327,2590
bryanca01,Carter Bryant,SAS,21,drb_pct,17.9,17.42743339368062,13.818113698176846,20.51281244786678,818
bryanth01,Thomas Bryant,CLE,29,drb_pct,21.9,20.368931108328503,16.75961141282473,23.454310162514666,732
burtoty01,Tyler Burton,MEM,26,drb_pct,15.1,14.99379157019209,11.384471874688318,18.07917062437825,307
butleji01,Jimmy Butler,GSW,37,drb_pct,11.8,11.633383819403406,8.535447646142304,14.146996141429323,1182
buzelma01,Matas Buzelis,CHI,22,drb_pct,17.3,16.84308534524736,14.28492474014663,19.30936813352536,2248
cainja01,Jamal Cain,ORL,27,drb_pct,11.6,12.396504972842918,8.787185277339145,15.481884027029079,486
caldwke01,Kentavious Caldwell-Pope,MEM,33,drb_pct,10.6,8.330888435967516,4.721568740463743,11.416267490153677,1088
camarto01,Toumani Camara,POR,26,drb_pct,11.7,12.400251442497801,9.842090837397071,14.866534230775802,2731
capelca01,Clint Capela,HOU,32,drb_pct,21.8,24.701881418743493,21.09256172323972,27.787260472929653,926
cardwdy01,Dylan Cardwell,SAC,25,drb_pct,23.5,21.511585047407205,17.90226535190343,24.596964101593365,907
carlsbr01,Branden Carlson,OKC,27,drb_pct,20.3,18.26804657326643,14.658726877762659,21.353425627452594,488
carrica01,Bub Carrington,WAS,21,drb_pct,11.7,12.819243554755676,10.261082949654947,15.285526343033677,2271
cartede02,Devin Carter,SAC,24,drb_pct,14.6,15.206672393375227,11.597352697871454,18.292051447561388,700
carteje01,Jevon Carter,2TM,31,drb_pct,9.6,9.093856233955744,5.484536538451971,12.179235288141905,867
cartewe01,Wendell Carter Jr.,ORL,27,drb_pct,20.5,21.372128025801896,18.813967420701168,23.838410814079896,2288
carusal01,Alex Caruso,OKC,32,drb_pct,13.0,12.560348908179508,8.951029212675735,15.645727962365669,1020
castlst01,Stephon Castle,SAS,22,drb_pct,13.5,12.633439203313914,10.075278598213185,15.099721991591915,2038
champju01,Justin Champagnie,WAS,25,drb_pct,19.0,18.478536422339896,15.380600249078794,20.992148744365814,1377
champju02,Julian Champagnie,SAS,25,drb_pct,18.4,15.767408581033967,13.209247975933238,18.23369136931197,2266
chandke01,Kennedy Chandler,UTA,24,drb_pct,9.7,12.13099992336351,8.521680227859736,15.21637897754967,355
chrisca02,Cam Christie,LAC,21,drb_pct,13.9,14.554957738053291,10.945638042549518,17.640336792239452,480
chrisma02,Max Christie,DAL,23,drb_pct,10.9,11.728465342818845,9.170304737718116,14.194748131096846,2244
cissemo01,Moussa Cisse,DAL,24,drb_pct,25.2,21.769996256289062,18.160676560785287,24.855375310475225,530
cissosi01,Sidy Cissoko,POR,22,drb_pct,8.0,9.525997648071707,6.428061474810605,12.039609970097624,1435
clarkja02,Jaylen Clark,MIN,25,drb_pct,8.0,8.642915572976586,5.033595877472813,11.728294627162747,888
clarkjo01,Jordan Clarkson,NYK,34,drb_pct,5.7,8.26082929875446,5.162893125493358,10.774441620780378,1279
claxtni01,Nic Claxton,BRK,27,drb_pct,19.9,22.320135117549377,19.761974512448646,24.786417905827378,1920
claytwa01,Walter Clayton,2TM,23,drb_pct,8.9,9.986114862089474,6.888178688828372,12.499727184115391,1410
cliffni01,Nique Clifford,SAC,24,drb_pct,13.3,13.66629919213485,11.108138587034121,16.13258198041285,1882
clingdo01,Donovan Clingan,POR,22,drb_pct,28.6,27.109440279205817,24.55127967410509,29.575723067483818,2094
clownno01,Noah Clowney,BRK,22,drb_pct,15.3,15.898853099680176,12.800916926419074,18.41246542170609,1780
coffeam01,Amir Coffey,2TM,29,drb_pct,8.8,9.010219954698638,5.400900259194865,12.095599008884799,490
colliis01,Isaiah Collier,UTA,22,drb_pct,9.4,11.35487494597367,8.256938772712568,13.868487267999587,1517
collijo01,John Collins,LAC,29,drb_pct,15.6,18.905211501385686,16.347050896284955,21.371494289663687,1872
conlemi01,Mike Conley,MIN,39,drb_pct,8.2,9.287273080380434,5.677953384876661,12.372652134566595,991
connapa01,Pat Connaughton,CHO,34,drb_pct,17.2,13.683687911980394,10.074368216476621,16.769066966166555,297
coopesh01,Sharife Cooper,WAS,25,drb_pct,10.6,11.875079294852476,8.265759599348703,14.960458349038637,700
coulibi01,Bilal Coulibaly,WAS,22,drb_pct,14.5,13.232449123452309,10.134512950191207,15.746061445478226,1468
cowarce01,Cedric Coward,MEM,23,drb_pct,19.4,18.816478986224567,15.718542812963465,21.330091308250484,1598
cryerlj01,LJ Cryer,GSW,25,drb_pct,9.3,12.073187186848783,8.46386749134501,15.158566241034944,292
cunnica01,Cade Cunningham,DET,25,drb_pct,15.2,15.192225604941816,12.634064999841087,17.65850839321982,2172
curryst01,Stephen Curry,GSW,38,drb_pct,11.7,12.461398027057852,9.36346185379675,14.97501034908377,1329
daniedy01,Dyson Daniels,ATL,23,drb_pct,14.7,14.54054394386351,11.98238333876278,17.006826732141512,2520
dasiltr01,Tristan Da Silva,ORL,25,drb_pct,13.4,13.318920088775622,10.760759483674892,15.785202877053623,1899
davisan02,Anthony Davis,DAL,33,drb_pct,26.7,27.343740695040925,23.73442099953715,30.429119749227084,626
demineg01,Egor Dëmin,BRK,20,drb_pct,13.5,14.557729357105993,11.45979318384489,17.07134167913191,1308
derozde01,DeMar DeRozan,SAC,37,drb_pct,9.1,10.197816107194198,7.639655502093468,12.664098895472199,2406
diabamo01,Moussa Diabaté,CHO,25,drb_pct,21.1,20.89120282064551,18.33304221554478,23.35748560892351,1899
diawamo01,Mohamed Diawara,NYK,21,drb_pct,14.0,14.567192549025174,10.957872853521401,17.652571603211335,634
dickgr01,Gradey Dick,TOR,23,drb_pct,11.3,10.86880842115019,7.259488725646417,13.95418747533635,1067
diengou01,Ousmane Dieng,2TM,23,drb_pct,15.2,15.067191781766018,11.969255608504916,17.580804103791934,1099
dilliro01,Rob Dillingham,2TM,22,drb_pct,12.2,12.009357564350665,8.400037868846892,15.094736618536826,970
divindo01,Donte DiVincenzo,MIN,30,drb_pct,11.6,11.95925773530697,9.40109713020624,14.42554052358497,2494
doncilu01,Luka Dončić,LAL,27,drb_pct,22.5,22.64720374098247,20.089043135881738,25.11348652926047,2289
dortlu01,Luguentz Dort,OKC,27,drb_pct,10.7,10.5848894748769,8.02672886977617,13.0511722631549,1849
dosunay01,Ayo Dosunmu,2TM,27,drb_pct,10.7,10.06243539150779,7.504274786407061,12.528718179785791,1881
drumman01,Andre Drummond,PHI,33,drb_pct,29.8,30.83070262194419,27.732766448683087,33.344314943970105,1231
dunnkr01,Kris Dunn,LAC,32,drb_pct,10.8,11.795762750639428,9.237602145538698,14.262045538917429,2230
dunnry01,Ryan Dunn,PHO,24,drb_pct,16.8,15.42070780096772,12.322771627706619,17.934320122993636,1355
duranke01,Kevin Durant,HOU,38,drb_pct,14.8,15.69112027486015,13.13295966975942,18.15740306313815,2840
durenja01,Jalen Duren,DET,23,drb_pct,26.4,28.02169499186331,25.463534386762582,30.48797778014131,1976
easonta01,Tari Eason,HOU,25,drb_pct,17.8,18.209967237920498,15.112031064659396,20.723579559946415,1549
edeyza01,Zach Edey,MEM,24,drb_pct,30.6,23.3519608241572,19.742641128653425,26.43733987834336,284
edgecvj01,VJ Edgecombe,PHI,21,drb_pct,12.7,13.221016861919901,10.662856256819172,15.687299650197902,2623
edwaran01,Anthony Edwards,MIN,25,drb_pct,13.4,14.397986501559322,11.839825896458592,16.864269289837324,2137
edwarju01,Justin Edwards,PHI,23,drb_pct,7.7,9.86261015348646,6.253290457982686,12.94798920767262,977
elliske01,Keon Ellis,2TM,27,drb_pct,7.3,8.938429919842937,5.840493746581835,11.452042241868854,1478
embiijo01,Joel Embiid,PHI,32,drb_pct,20.0,22.801991693569413,19.70405552030831,25.31560401559533,1201
etienty01,Tyson Etienne,BRK,27,drb_pct,7.1,10.35447087913217,6.745151183628398,13.439849933318332,380
eubandr01,Drew Eubanks,SAC,29,drb_pct,18.3,19.958269951502427,16.348950255998652,23.043649005688586,552
fearsje01,Jeremiah Fears,NOP,20,drb_pct,12.4,13.50865414867721,10.95049354357648,15.97493693695521,2112
filipky01,Kyle Filipowski,UTA,23,drb_pct,25.1,23.587958161382456,20.490021988121356,26.101570483408373,1801
finnedo01,Dorian Finney-Smith,HOU,33,drb_pct,10.2,11.273766659561263,7.66444696405749,14.359145713747424,620
flaggco01,Cooper Flagg,DAL,20,drb_pct,17.0,17.590817917234183,15.032657312133454,20.057100705512184,2344
flemira01,Rasheer Fleming,PHO,22,drb_pct,11.4,12.816088930821628,9.206769235317855,15.90146798500779,673
fontesi01,Simone Fontecchio,MIA,31,drb_pct,13.8,13.383908174688305,10.285972001427202,15.897520496714222,1173
foxde01,De'Aaron Fox,SAS,29,drb_pct,10.7,11.520389249357372,8.962228644256642,13.986672037635373,2231
furphjo01,Johnny Furphy,IND,22,drb_pct,20.9,18.210959665662173,14.6016399701584,21.296338719848336,643
gaffoda01,Daniel Gafford,DAL,28,drb_pct,21.1,20.814000258646534,17.716064085385433,23.32761258067245,1195
gardnmy01,Myron Gardner,MIA,25,drb_pct,21.1,18.61419868127552,15.004878985771748,21.69957773546168,411
garlada01,Darius Garland,2TM,27,drb_pct,7.4,7.830702588880769,4.7327664156196665,10.344314910906686,1344
garzalu01,Luka Garza,BOS,28,drb_pct,12.0,12.692625809452958,9.594689636191855,15.206238131478875,1118
georgke01,Keyonte George,UTA,23,drb_pct,10.9,11.354382189974277,8.256446016713175,13.867994512000195,1786
georgky01,Kyshawn George,WAS,23,drb_pct,15.9,14.88589467690735,11.787958503646248,17.399506998933266,1391
georgpa01,Paul George,PHI,36,drb_pct,17.1,16.06056303996291,12.96262686670181,18.57417536198883,1135
giddejo01,Josh Giddey,CHI,24,drb_pct,23.1,21.815823853029755,18.71788767976865,24.329436175055672,1731
gilgesh01,Shai Gilgeous-Alexander,OKC,28,drb_pct,11.7,13.020212174682857,10.462051569582128,15.486494962960858,2259
gillan01,Anthony Gill,WAS,34,drb_pct,11.5,12.20358106892461,8.594261373420837,15.28896012311077,951
gilleco01,Collin Gillespie,PHO,27,drb_pct,12.0,12.393441118937712,9.835280513836983,14.859723907215713,2282
goberru01,Rudy Gobert,MIN,34,drb_pct,25.9,25.286600197122677,22.72843959202195,27.752882985400678,2380
gonzahu01,Hugo González,BOS,20,drb_pct,18.3,18.40729277709023,14.797973081586457,21.49267183127639,1084
goodwjo01,Jordan Goodwin,PHO,28,drb_pct,14.8,15.484775565677417,12.386839392416315,17.998387887703334,1572
gordoaa01,Aaron Gordon,DEN,31,drb_pct,16.8,13.94353152153536,10.334211826031588,17.028910575721522,1005
grantje01,Jerami Grant,POR,32,drb_pct,9.3,10.083127972976579,6.985191799715476,12.596740295002496,1695
greenaj01,A.J. Green,MIL,27,drb_pct,9.1,9.71299599790677,7.15483539280604,12.17927878618477,2270
greendr01,Draymond Green,GSW,36,drb_pct,19.5,19.493085049097427,16.9349244439967,21.959367837375428,1869
greenja02,Javonte Green,DET,33,drb_pct,12.8,13.407190241531778,10.309254068270675,15.920802563557695,1446
greenja05,Jalen Green,PHO,24,drb_pct,13.9,14.54555790780743,10.936238212303657,17.63093696199359,828
greenjo02,Josh Green,CHO,26,drb_pct,7.0,8.365802465254221,4.756482769750448,11.451181519440382,908
grimequ01,Quentin Grimes,PHI,26,drb_pct,11.4,12.486354396504497,9.928193791403768,14.952637184782498,2206
gueyemo02,Mouhamed Gueye,ATL,24,drb_pct,17.4,17.7717518220675,14.673815648806398,20.285364144093418,1179
hachiru01,Rui Hachimura,LAL,28,drb_pct,10.9,12.424813861806927,9.866653256706197,14.891096650084927,1927
hardati02,Tim Hardaway Jr.,DEN,34,drb_pct,9.5,9.703413653672218,7.1452530485714885,12.169696441950219,2127
hardeja01,James Harden,2TM,37,drb_pct,13.6,14.734473292320963,12.176312687220234,17.200756080598964,2438
hardyja02,Jaden Hardy,2TM,24,drb_pct,8.5,10.520406976787722,6.911087281283949,13.605786030973883,898
harklej01,Elijah Harkless,UTA,26,drb_pct,8.7,10.810943608666923,7.20162391316315,13.896322662853084,545
harpedy01,Dylan Harper,SAS,20,drb_pct,12.1,13.340088158194247,10.242151984933145,15.853700480220164,1558
harpero02,Ron Harper Jr.,BOS,26,drb_pct,11.2,12.926510273253223,9.31719057774945,16.011889327439384,318
harriga01,Gary Harris,MIL,32,drb_pct,7.6,7.995779667892118,4.386459972388344,11.081158722078278,661
harrito02,Tobias Harris,DET,34,drb_pct,16.9,16.925513097205457,13.827576923944354,19.439125419231374,1746
harteis01,Isaiah Hartenstein,OKC,28,drb_pct,27.0,25.817476070500373,22.719539897239272,28.33108839252629,1137
hartjo01,Josh Hart,NYK,31,drb_pct,22.1,21.898520724939623,19.34036011983889,24.364803513217623,1994
hausesa01,Sam Hauser,BOS,29,drb_pct,13.6,13.353842244240454,10.795681639139724,15.820125032518455,1934
hawkijo01,Jordan Hawkins,NOP,24,drb_pct,10.7,11.64080112669144,8.031481431187666,14.7261801808776,692
hayesja02,Jaxson Hayes,LAL,26,drb_pct,16.1,17.094176090938547,13.996239917677444,19.607788412964464,1207
hayeski01,Killian Hayes,SAC,25,drb_pct,14.2,13.4645619484759,9.855242252972127,16.54994100266206,406
hendesc01,Scoot Henderson,POR,22,drb_pct,9.1,10.130350306286639,6.521030610782866,13.2157293604728,748
hendrta01,Taylor Hendricks,2TM,23,drb_pct,15.4,16.034128273629836,12.936192100368734,18.547740595655753,1118
herroty01,Tyler Herro,MIA,27,drb_pct,14.6,14.956092438856151,11.346772743352378,18.041471493042312,1033
hieldbu01,Buddy Hield,2TM,34,drb_pct,12.3,11.880972129201249,8.271652433697476,14.96635118338741,819
hinsobl01,Blake Hinson,UTA,27,drb_pct,8.6,11.660209096991865,8.050889401488092,14.745588151178026,285
holidaa01,Aaron Holiday,HOU,30,drb_pct,6.3,8.525474307493141,4.916154611989368,11.610853361679302,781
holidjr01,Jrue Holiday,POR,36,drb_pct,12.3,11.999796325226175,8.901860151965073,14.513408647252092,1560
hollaro01,Ron Holland,DET,21,drb_pct,16.5,16.29369813852634,13.19576196526524,18.80731046055226,1551
holmgch01,Chet Holmgren,OKC,24,drb_pct,25.3,24.03635182394257,21.478191218841843,26.50263461222057,1997
horfoal01,Al Horford,GSW,40,drb_pct,20.5,18.664625257111698,15.055305561607925,21.750004311297857,969
howarje01,Jett Howard,ORL,23,drb_pct,10.4,10.65363779149079,7.044318095987016,13.73901684567695,695
huertke01,Kevin Huerter,2TM,28,drb_pct,14.2,13.284199692095504,10.186263518834402,15.79781201412142,1549
huffja01,Jay Huff,IND,28,drb_pct,16.2,15.647135231183974,12.549199057922872,18.16074755320989,1719
hukpoar01,Ariel Hukporti,NYK,24,drb_pct,23.2,20.34395824701778,16.734638551514006,23.429337301203944,498
huntede01,De'Andre Hunter,2TM,29,drb_pct,14.5,13.609274211888668,10.511338038627565,16.122886533914585,1176
hylanbo01,Bones Hyland,MIN,26,drb_pct,9.5,10.476899576018996,7.378963402757893,12.990511898044913,1177
ighodos01,Oso Ighodaro,PHO,24,drb_pct,17.8,17.225055726221854,14.127119552960751,19.73866804824777,1808
ingrabr01,Brandon Ingram,TOR,29,drb_pct,16.1,15.47944776435057,12.921287159249841,17.94573055262857,2604
isaacjo01,Jonathan Isaac,ORL,29,drb_pct,19.3,20.706388558777714,17.09706886327394,23.791767612963874,521
iveyja01,Jaden Ivey,2TM,24,drb_pct,10.9,10.494393638004102,6.885073942500329,13.579772692190263,670
jacksan01,Andre Jackson Jr.,MIL,25,drb_pct,12.9,13.12837251089418,9.519052815390406,16.21375156508034,408
jacksgg01,GG Jackson II,MEM,22,drb_pct,17.4,15.943117512640608,12.845181339379506,18.456729834666525,1178
jacksis01,Isaiah Jackson,2TM,25,drb_pct,21.8,20.509657436968318,16.900337741464543,23.59503649115448,908
jacksja02,Jaren Jackson Jr.,2TM,27,drb_pct,17.4,15.877177804806964,12.779241631545862,18.39079012683288,1454
jacksqu01,Quenton Jackson,IND,28,drb_pct,10.7,11.196069802612381,7.5867501071086085,14.281448856798542,897
jackstr02,Trayce Jackson-Davis,2TM,26,drb_pct,18.1,19.359660195047837,15.750340499544064,22.445039249234,496
jakucka01,Kasparas Jakučionis,MIA,20,drb_pct,10.5,12.314727258175864,8.705407562672091,15.400106312362025,945
jamesbr02,Bronny James,LAL,22,drb_pct,5.4,9.844636914715442,6.2353172192116695,12.930015968901603,375
jamesle01,LeBron James,LAL,42,drb_pct,18.3,17.821930432970337,15.263769827869607,20.288213221248338,1989
jamessi01,Sion James,CHO,24,drb_pct,14.3,14.537541927749913,11.979381322649184,17.003824716027914,1843
jaqueja01,Jaime Jaquez Jr.,MIA,25,drb_pct,13.7,13.757031266575432,11.198870661474702,16.223314054853432,2121
jenkida01,Daniss Jenkins,DET,25,drb_pct,8.7,9.75719004609353,6.659253872832428,12.270802368119448,1455
jeromty01,Ty Jerome,MEM,29,drb_pct,10.1,10.25216361120198,6.642843915698206,13.33754266538814,339
joeis01,Isaiah Joe,OKC,27,drb_pct,10.2,10.645496393575609,7.547560220314507,13.159108715601526,1507
johnsaj01,AJ Johnson,2TM,22,drb_pct,9.7,10.689314485518503,7.07999479001473,13.774693539704664,454
johnsca02,Cameron Johnson,DEN,30,drb_pct,10.6,12.21411885481399,9.116182681552887,14.727731176839907,1647
johnsch06,Chaney Johnson,BRK,24,drb_pct,16.3,15.806514619786318,12.197194924282545,18.89189367397248,348
johnsja05,Jalen Johnson,ATL,25,drb_pct,27.8,26.077026939487908,23.518866334387177,28.54330972776591,2532
johnske04,Keldon Johnson,SAS,27,drb_pct,16.6,15.642764917675127,13.084604312574397,18.109047705953127,1911
johnske10,Keshad Johnson,MIA,25,drb_pct,13.4,14.17668302893228,10.567363333428506,17.26206208311844,280
johnstr03,Tre Johnson,WAS,20,drb_pct,10.7,12.196127295720549,9.098191122459447,14.709739617746466,1443
jokicni01,Nikola Jokić,DEN,31,drb_pct,30.4,28.522106102465372,25.96394549736464,30.988388890743373,2265
jonesde02,Derrick Jones Jr.,LAC,29,drb_pct,9.4,10.143162690419578,7.045226517158476,12.656775012445495,1350
joneshe01,Herbert Jones,NOP,28,drb_pct,9.8,10.124829340556827,7.026893167295725,12.638441662582744,1588
joneska03,Kam Jones,IND,24,drb_pct,8.1,10.374450330313786,6.7651306348100135,13.459829384499947,616
jonessp01,Spencer Jones,DEN,25,drb_pct,10.1,10.9475394471138,7.849603273852697,13.461151769139716,1417
jonestr01,Tre Jones,CHI,27,drb_pct,9.9,10.81785290601191,7.719916732750807,13.331465228037827,1752
jonesty01,Tyus Jones,3TM,30,drb_pct,7.2,8.366449357969437,4.757129662465664,11.451828412155598,979
jovicni01,Nikola Jović,MIA,23,drb_pct,16.5,16.73945493050096,13.130135234997185,19.824833984687118,808
kalkbry01,Ryan Kalkbrenner,CHO,25,drb_pct,15.7,15.625398316871628,12.527462143610526,18.139010638897545,1479
kennalu01,Luke Kennard,2TM,30,drb_pct,10.0,10.643357751833896,7.545421578572794,13.156970073859814,1681
kispeco01,Corey Kispert,2TM,27,drb_pct,10.7,10.446638984671653,6.83731928916788,13.532018038857814,1080
klebima01,Maxi Kleber,LAL,35,drb_pct,11.8,12.52954657485576,8.920226879351986,15.61492562904192,461
knechda01,Dalton Knecht,LAL,25,drb_pct,12.5,13.240865067429114,9.631545371925341,16.326244121615275,553
knuepko01,Kon Knueppel,CHO,21,drb_pct,14.6,14.937584447022685,12.379423841921955,17.403867235300687,2551
kolekty01,Tyler Kolek,NYK,25,drb_pct,12.7,12.217570187745569,8.608250492241796,15.30294924193173,727
kolokch01,Christian Koloko,3TM,26,drb_pct,15.4,16.089368866698617,12.480049171194844,19.174747920884776,357
konanya01,Yanic Konan Niederhäuser,LAC,23,drb_pct,21.4,18.87743603244086,15.268116336937085,21.962815086627018,424
konchjo01,John Konchar,2TM,30,drb_pct,16.5,17.48640071154227,14.388464538281168,20.000013033568187,1115
kornelu01,Luke Kornet,SAS,31,drb_pct,17.0,15.861576704525902,12.7636405312648,18.37518902655182,1430
krejcvi01,Vít Krejčí,2TM,26,drb_pct,9.3,10.982603958842514,7.884667785581412,13.496216280868431,1392
kuminjo01,Jonathan Kuminga,2TM,24,drb_pct,20.7,16.585628107067233,12.97630841156346,19.671007161253392,830
kuzmaky01,Kyle Kuzma,MIL,31,drb_pct,15.9,16.898986263841127,13.801050090580025,19.412598585867045,1806
landajo01,Jock Landale,2TM,31,drb_pct,14.9,14.53895526872557,11.441019095464467,17.052567590751487,1506
laniech01,Chaz Lanier,DET,25,drb_pct,6.3,10.77569945938771,7.166379763883937,13.86107851357387,262
laravja01,Jake LaRavia,LAL,25,drb_pct,11.5,12.228416314844756,9.670255709744026,14.694699103122757,2061
larsspe01,Pelle Larsson,MIA,25,drb_pct,9.9,10.263843197459023,7.7056825923582934,12.730125985737024,1849
lavinza01,Zach LaVine,SAC,31,drb_pct,9.4,11.660848215249302,8.5629120419882,14.17446053727522,1224
leonaka01,Kawhi Leonard,LAC,35,drb_pct,18.6,16.845353510131005,14.287192905030276,19.311636298409006,2085
leonsma01,Malevy Leons,GSW,27,drb_pct,9.5,12.155886487456208,8.546566791952435,15.241265541642369,276
leverca01,Caris LeVert,DET,32,drb_pct,9.0,11.542423568891344,8.444487395630242,14.056035890917261,1154
liddeej01,E.J. Liddell,BRK,26,drb_pct,19.4,17.384096519373838,13.774776823870065,20.469475573559997,349
liveris01,Isaiah Livers,PHO,28,drb_pct,13.9,12.484776998514317,8.875457303010544,15.570156052700478,347
looneke01,Kevon Looney,NOP,30,drb_pct,24.8,24.23374508514337,20.624425389639594,27.31912413932953,308
lopezbr01,Brook Lopez,LAC,38,drb_pct,15.7,13.08981313793374,9.991876964672638,15.603425459959658,1635
loveca01,Caleb Love,POR,25,drb_pct,9.7,10.878303230079922,7.268983534576149,13.963682284266083,1013
loveke01,Kevin Love,UTA,38,drb_pct,28.9,28.31603423521055,24.706714539706777,31.401413289396714,613
maluakh01,Khaman Maluach,PHO,20,drb_pct,23.5,20.797441964187875,17.1881222686841,23.882821018374038,411
mamuksa01,Sandro Mamukelashvili,TOR,27,drb_pct,18.8,19.111858996989493,16.013922823728393,21.62547131901541,1751
mannte01,Terance Mann,BRK,30,drb_pct,10.5,10.448279931194776,7.350343757933674,12.961892253220693,1529
manntr01,Tre Mann,CHO,25,drb_pct,11.9,13.018128709008195,9.408809013504422,16.103507763194358,669
markkla01,Lauri Markkanen,UTA,29,drb_pct,15.7,16.368427629734978,13.270491456473875,18.882039951760895,1443
marshna01,Naji Marshall,DAL,29,drb_pct,13.6,14.14666301609887,11.58850241099814,16.61294580437687,2184
martica02,Caleb Martin,DAL,31,drb_pct,14.1,12.983837318636215,9.374517623132443,16.069216372822375,856
martity01,Tyrese Martin,2TM,27,drb_pct,12.9,13.97530896132104,10.365989265817268,17.060688015507203,777
mashaja01,Jahmai Mashack,MEM,24,drb_pct,9.5,11.236104671907437,7.626784976403664,14.321483726093598,673
mathube01,Bennedict Mathurin,2TM,24,drb_pct,16.5,15.3214232817601,12.223487108498999,17.835035603786018,1620
matkoka01,Karlo Matković,NOP,25,drb_pct,18.8,18.807564585169843,15.19824488966607,21.892943639356005,912
maxeyty01,Tyrese Maxey,PHI,26,drb_pct,11.0,10.456136607309379,7.897976002208649,12.92241939558738,2661
mbengbe01,Bez Mbeng,UTA,23,drb_pct,8.8,11.090683052144172,7.481363356640399,14.176062106330333,492
mcbrimi01,Miles McBride,NYK,26,drb_pct,7.9,8.105497408664185,4.496177713160412,11.190876462850346,1080
mccaija01,Jared McCain,2TM,22,drb_pct,10.6,11.133638384070126,8.035702210809024,13.647250706096044,1160
mccolcj01,CJ McCollum,2TM,35,drb_pct,9.2,10.234215887110164,7.676055282009434,12.700498675388165,2264
mccontj01,T.J. McConnell,IND,34,drb_pct,11.8,12.152240838600795,8.542921143097022,15.237619892786956,963
mcdanja02,Jaden McDaniels,MIN,26,drb_pct,10.9,11.806570891724924,9.248410286624194,14.272853680002925,2316
mcderdo01,Doug McDermott,SAC,35,drb_pct,7.9,7.795285061823449,4.185965366319676,10.88066411600961,439
mcgowbr01,Bryce McGowens,NOP,24,drb_pct,9.4,11.033758231114163,7.42443853561039,14.119137285300324,880
mclaujo01,Jordan McLaughlin,SAS,30,drb_pct,9.3,10.365115076918514,6.755795381414741,13.450494131104675,282
mcneeli01,Liam McNeeley,CHO,21,drb_pct,18.1,16.99421467078004,13.384894975276266,20.0795937249662,368
meltode01,De'Anthony Melton,GSW,28,drb_pct,12.0,12.64014363775613,9.542207464495029,15.153755959782048,1125
merrisa01,Sam Merrill,CLE,30,drb_pct,8.4,9.327590039127937,6.229653865866835,11.841202361153854,1377
middlkh01,Khris Middleton,2TM,35,drb_pct,13.4,14.158631757571616,11.060695584310514,16.672244079597533,1439
millebr02,Brandon Miller,CHO,24,drb_pct,14.0,13.452311468683376,10.894150863582647,15.918594256961377,1968
millejo02,Jordan Miller,LAC,27,drb_pct,11.3,11.435565557236131,8.33762938397503,13.949177879262049,1325
millele01,Leonard Miller,2TM,23,drb_pct,18.6,17.638783258763354,14.029463563259581,20.724162312949517,719
minotjo01,Josh Minott,2TM,24,drb_pct,14.8,14.807457780178698,11.198138084674925,17.892836834364857,834
missiyv01,Yves Missi,NOP,22,drb_pct,17.0,18.55791896990527,15.459982796644168,21.071531291931187,1297
mitchaj01,Ajay Mitchell,OKC,24,drb_pct,10.6,10.915231340924088,7.817295167662985,13.428843662950005,1473
mitchda01,Davion Mitchell,MIA,28,drb_pct,8.0,8.212181674665189,5.654021069564459,10.67846446294319,2000
mitchdo01,Donovan Mitchell,CLE,30,drb_pct,12.4,12.661643049900093,10.103482444799363,15.127925838178093,2342
mobleev01,Evan Mobley,CLE,25,drb_pct,22.7,23.361131444422924,20.802970839322192,25.827414232700924,2074
monkma01,Malik Monk,SAC,28,drb_pct,8.6,10.96477184472989,7.866835671468788,13.478384166755808,1364
moodymo01,Moses Moody,GSW,24,drb_pct,11.0,11.028675014571306,7.930738841310204,13.542287336597223,1540
moranja01,Ja Morant,MEM,27,drb_pct,11.0,12.284881017143944,8.67556132164017,15.370260071330105,569
murphtr02,Trey Murphy III,NOP,26,drb_pct,14.6,14.413401545731048,11.855240940630319,16.87968433400905,2341
murraco01,Collin Murray-Boyles,TOR,21,drb_pct,14.0,14.466522961546605,11.368586788285503,16.980135283572523,1246
murrade01,Dejounte Murray,NOP,30,drb_pct,19.9,16.48035545235998,12.871035756856207,19.565734506546143,389
murraja01,Jamal Murray,DEN,29,drb_pct,12.0,11.086330238340723,8.528169633239994,13.552613026618724,2652
murrake02,Keegan Murray,SAC,26,drb_pct,14.4,14.776161789811804,11.16684209430803,17.861540843997965,793
murrakr01,Kris Murray,POR,26,drb_pct,9.6,11.184971098308253,8.087034925047151,13.69858342033417,1333
mykhasv01,Svi Mykhailiuk,UTA,29,drb_pct,8.4,9.579456553514156,6.481520380253054,12.093068875540073,1156
nancela02,Larry Nance Jr.,CLE,34,drb_pct,15.6,17.43609497369488,13.826775278191105,20.52147402788104,449
nancepe01,Pete Nance,MIL,26,drb_pct,14.9,14.906040472525918,11.296720777022145,17.99141952671208,737
nembhan01,Andrew Nembhard,IND,27,drb_pct,8.4,9.208877456295337,6.110941283034235,11.722489778321254,1786
nembhry01,Ryan Nembhard,DAL,23,drb_pct,10.8,11.680138007325299,8.582201834064197,14.193750329351216,1171
nesmiaa01,Aaron Nesmith,IND,27,drb_pct,11.6,12.501469789248004,9.403533615986902,15.015082111273921,1335
newelas01,Asa Newell,ATL,21,drb_pct,11.5,13.010181020748822,9.40086132524505,16.095560074934983,500
nnajize01,Zeke Nnaji,DEN,26,drb_pct,17.6,13.924466538424083,10.31514684292031,17.009845592610244,626
nurkiju01,Jusuf Nurkić,UTA,32,drb_pct,32.6,30.727739057181193,27.118419361677418,33.81311811136735,1083
okogijo01,Josh Okogie,HOU,28,drb_pct,9.6,10.545778416205032,7.4478422429439295,13.059390738230949,1354
okongon01,Onyeka Okongwu,ATL,26,drb_pct,20.3,20.946785440646575,18.388624835545848,23.413068228924576,2297
okorois01,Isaac Okoro,CHI,26,drb_pct,6.4,7.9062359685484465,4.808299795287344,10.419848290574363,1695
olbrila01,Lachlan Olbrich,CHI,23,drb_pct,20.4,17.99135234038071,14.382032644876938,21.07673139456687,344
olynyke01,Kelly Olynyk,SAS,35,drb_pct,15.1,17.2063784874023,13.597058791898528,20.29175754158846,360
onealro01,Royce O'Neale,PHO,33,drb_pct,16.3,16.922079523762708,14.363918918661978,19.38836231204071,2213
oubreke01,Kelly Oubre Jr.,PHI,31,drb_pct,14.2,14.233438254169698,11.135502080908596,16.747050576195615,1574
payneca01,Cameron Payne,PHI,32,drb_pct,12.1,10.100387676548959,6.491067981045186,13.18576673073512,374
paytoga02,Gary Payton II,GSW,34,drb_pct,16.3,14.786345723552115,11.688409550291013,17.29995804557803,1142
peavymi01,Micah Peavy,NOP,25,drb_pct,8.5,10.053980525173094,6.444660829669321,13.139359579359255,913
pendano01,Noah Penda,ORL,22,drb_pct,17.9,17.47405338753293,13.864733692029157,20.55943244171909,757
peterta01,Taelon Peter,IND,24,drb_pct,11.1,12.621052942814263,9.01173324731049,15.706431997000424,492
phillju01,Julian Phillips,2TM,23,drb_pct,6.4,9.538268957605695,5.928949262101922,12.623648011791856,428
pickeja02,Jalen Pickett,DEN,27,drb_pct,12.7,11.757743336041273,8.1484236405375,14.843122390227434,807
plowdda01,Daeqwon Plowden,SAC,28,drb_pct,8.7,10.35522369639041,6.745904000886638,13.440602750576572,844
podzibr01,Brandin Podziemski,GSW,23,drb_pct,16.9,16.816606049261587,14.258445444160857,19.282888837539588,2333
poeltja01,Jakob Poeltl,TOR,31,drb_pct,20.8,21.763371983146282,18.66543580988518,24.2769843051722,1149
poolejo01,Jordan Poole,NOP,27,drb_pct,7.9,8.916630143341498,5.307310447837725,12.00200919752766,933
portecr01,Craig Porter Jr.,CLE,26,drb_pct,12.9,13.002690175813779,9.904754002552677,15.516302497839696,1148
porteke02,Kevin Porter Jr.,MIL,26,drb_pct,14.6,15.82474512890756,12.726808955646458,18.338357450933476,1261
portemi01,Michael Porter Jr.,BRK,28,drb_pct,21.7,18.774906622329265,15.676970449068163,21.288518944355182,1689
portibo01,Bobby Portis,MIL,31,drb_pct,23.5,23.89469574169697,20.796759568435867,26.408308063722888,1619
porzikr01,Kristaps Porziņģis,2TM,31,drb_pct,18.5,18.373182042863878,14.763862347360105,21.458561097050037,769
postqu01,Quinten Post,GSW,26,drb_pct,19.7,18.652250076587393,15.55431390332629,21.16586239861331,1159
pottemi01,Micah Potter,IND,28,drb_pct,21.4,19.50550744652778,15.896187751024007,22.590886500713943,908
poulajo01,John Poulakidas,DAL,23,drb_pct,10.8,13.01702563719571,9.407705941691937,16.10240469138187,253
poweldr01,Drake Powell,BRK,21,drb_pct,8.4,9.843027932003741,6.745091758742639,12.356640254029658,1320
poweldw01,Dwight Powell,DAL,35,drb_pct,18.7,15.928455717776517,12.319136022272744,19.013834771962678,904
powelno01,Norman Powell,MIA,33,drb_pct,11.0,10.458323492390424,7.360387319129321,12.97193581441634,1717
princta02,Taurean Prince,MIL,32,drb_pct,14.1,12.178858495275486,8.569538799771713,15.264237549461647,611
pritcpa01,Payton Pritchard,BOS,29,drb_pct,10.2,10.372217975337092,7.8140573702363625,12.838500763615093,2556
proctty01,Tyrese Proctor,CLE,22,drb_pct,10.7,12.51037151161923,8.901051816115457,15.59575056580539,545
prospol01,Olivier-Maxence Prosper,MEM,24,drb_pct,14.3,15.046948614261359,11.437628918757586,18.13232766844752,984
queende01,Derik Queen,NOP,22,drb_pct,23.5,22.84934829773782,20.291187692637088,25.31563108601582,2023
quetane01,Neemias Queta,BOS,27,drb_pct,22.7,20.943088719822832,18.3849281147221,23.409371508100833,1926
quickim01,Immanuel Quickley,TOR,27,drb_pct,12.5,12.875000164485716,10.316839559384986,15.341282952763716,2231
randlju01,Julius Randle,MIN,32,drb_pct,16.5,17.576046551049625,15.017885945948896,20.042329339327626,2610
raynama01,Maxime Raynaud,SAC,23,drb_pct,24.3,23.214557822175877,20.656397217075146,25.680840610453878,1964
reathdu01,Duop Reath,POR,30,drb_pct,11.9,13.735679299377413,10.12635960387364,16.821058353563572,258
reaveau01,Austin Reaves,LAL,28,drb_pct,13.3,12.462933047945155,9.364996874684053,14.976545369971072,1762
reedpa01,Paul Reed,DET,27,drb_pct,20.1,19.880471250896317,16.271151555392542,22.965850305082476,901
reeseju01,Julian Reese,WAS,23,drb_pct,22.3,19.3224823304855,15.713162634981726,22.407861384671662,402
reidna01,Naz Reid,MIN,27,drb_pct,20.8,19.607106460866518,17.048945855765787,22.07338924914452,2007
richaja02,Jase Richardson,ORL,21,drb_pct,8.1,10.591734163028363,6.98241446752459,13.677113217214524,587
richani01,Nick Richards,2TM,29,drb_pct,25.6,24.646608464044462,21.037288768540687,27.731987518230625,701
richawi02,Will Richard,GSW,24,drb_pct,8.7,9.906454235009974,6.808518061748872,12.420066557035891,1377
rileywi01,Will Riley,WAS,20,drb_pct,10.4,11.873542019863265,8.775605846602163,14.387154341889183,1633
risacza01,Zaccharie Risacher,ATL,21,drb_pct,13.6,12.889891421083183,9.79195524782208,15.4035037431091,1503
robindu01,Duncan Robinson,DET,32,drb_pct,9.2,9.602324167605348,7.044163562504618,12.068606955883348,2113
robinje02,Jeremiah Robinson-Earl,2TM,26,drb_pct,20.4,18.1748262020317,14.565506506527926,21.26020525621786,361
robinmi01,Mitchell Robinson,NYK,28,drb_pct,26.1,22.20396993189653,19.106033758635427,24.717582253922448,1175
rolliry01,Ryan Rollins,MIL,24,drb_pct,13.4,13.233947078889747,10.675786473789017,15.700229867167748,2376
ruperra01,Rayan Rupert,2TM,22,drb_pct,14.4,13.910001738581295,10.300682043077522,16.995380792767456,1072
russeda01,D'Angelo Russell,DAL,30,drb_pct,11.2,10.331358822222096,6.7220391267183235,13.416737876408257,495
ryanco01,Cormac Ryan,MIL,28,drb_pct,8.3,11.745363799745094,8.136044104241321,14.830742853931255,271
sabondo01,Domantas Sabonis,SAC,30,drb_pct,31.0,31.083955945554006,27.47463625005023,34.169334999740165,564
salauti01,Tidjane Salaün,CHO,21,drb_pct,23.7,19.81791849983343,16.208598804329654,22.903297554019588,575
sandeko01,Kobe Sanders,LAC,24,drb_pct,10.4,11.330099158289658,8.232162985028555,13.843711480315575,1351
santogu01,Gui Santos,GSW,24,drb_pct,15.6,15.379412233312097,12.281476060050995,17.893024555338013,1395
sarafbe01,Ben Saraf,BRK,20,drb_pct,9.7,11.726616733220544,8.11729703771677,14.811995787406705,916
sarral01,Alex Sarr,WAS,21,drb_pct,20.9,19.219544872100656,16.12160869883955,21.733157194126573,1305
sassema01,Marcus Sasser,DET,26,drb_pct,7.7,9.104191942473726,5.494872246969953,12.189570996659887,457
scheiba01,Baylor Scheierman,BOS,26,drb_pct,16.0,15.407159315924712,12.30922314266361,17.92077163795063,1429
schrode01,Dennis Schröder,2TM,33,drb_pct,10.5,9.92922717387555,6.831291000614447,12.442839495901467,1697
sengual01,Alperen Şengün,HOU,24,drb_pct,19.4,21.238285794806085,18.680125189705358,23.704568583084086,2398
sensabr01,Brice Sensabaugh,UTA,23,drb_pct,11.0,12.4283302027272,9.330394029466097,14.941942524753117,1762
sextoco01,Collin Sexton,2TM,28,drb_pct,7.6,7.788384045788719,4.690447872527617,10.301996367814636,1614
shamela01,Landry Shamet,NYK,29,drb_pct,6.6,7.698634072512835,4.600697899251733,10.212246394538752,1171
shannte01,Terrence Shannon Jr.,MIN,26,drb_pct,7.8,10.65828087688845,7.048961181384676,13.74365993107461,538
sharpda01,Day'Ron Sharpe,BRK,25,drb_pct,25.7,24.580948640008685,21.48301246674758,27.094560962034603,1160
sharpsh01,Shaedon Sharpe,POR,23,drb_pct,12.4,12.929987422257517,9.832051248996414,15.443599744283434,1471
sheadja01,Jamal Shead,TOR,24,drb_pct,7.2,7.732875203330236,5.174714598229507,10.199157991608237,1852
sheppbe01,Ben Sheppard,IND,25,drb_pct,12.2,12.142739699551829,9.044803526290726,14.656352021577746,1390
sheppre01,Reed Sheppard,HOU,22,drb_pct,10.7,11.430334154066205,8.872173548965476,13.896616942344206,2147
siakapa01,Pascal Siakam,IND,32,drb_pct,17.4,17.577507518367355,15.019346913266626,20.043790306645356,2057
simonan01,Anfernee Simons,2TM,27,drb_pct,8.1,9.0559028620741,5.9579666888129985,11.569515184100018,1372
simpskj01,KJ Simpson,2TM,24,drb_pct,12.0,11.155249289477464,7.545929593973691,14.240628343663625,257
simsje01,Jericho Sims,MIL,28,drb_pct,19.0,19.050712811828912,15.95277663856781,21.56432513385483,1318
slawsja01,Jalen Slawson,IND,27,drb_pct,17.9,16.408627894857638,12.799308199353865,19.4940069490438,311
smallja01,Javon Small,MEM,24,drb_pct,12.2,13.031432233364916,9.422112537861143,16.116811287551077,830
smartma01,Marcus Smart,LAL,32,drb_pct,8.7,9.276638991932819,6.178702818671717,11.790251313958736,1769
smithdr01,Dru Smith,MIA,29,drb_pct,10.2,10.842338518858371,7.744402345597269,13.355950840884288,1141
smithja04,Jalen Smith,CHI,26,drb_pct,24.6,24.706694351135074,21.608758177873973,27.22030667316099,1095
smithja05,Jabari Smith Jr.,HOU,23,drb_pct,17.0,18.450222624423777,15.892062019323047,20.916505412701778,2705
smithma02,Malachi Smith,BRK,27,drb_pct,13.4,13.994936663804646,10.385616968300873,17.080315717990807,359
smithni01,Nick Smith Jr.,LAL,22,drb_pct,6.0,9.612453288619012,6.003133593115239,12.697832342805173,375
sochaje01,Jeremy Sochan,2TM,23,drb_pct,16.0,16.95951268867407,13.350192993170298,20.04489174286023,469
spencca01,Cam Spencer,MEM,26,drb_pct,9.2,9.791865065602273,6.693928892341171,12.30547738762819,1714
spencpa01,Pat Spencer,GSW,30,drb_pct,9.9,11.051572758548772,7.95363658528767,13.56518508057469,1229
stewais01,Isaiah Stewart,DET,25,drb_pct,16.3,18.119279645756706,15.021343472495603,20.632891967782623,1317
strawju01,Julian Strawther,DEN,24,drb_pct,12.7,11.521882554248943,7.91256285874517,14.607261608435104,861
strusma01,Max Strus,CLE,30,drb_pct,21.3,14.326186667709582,10.716866972205809,17.41156572189574,288
suggsja01,Jalen Suggs,ORL,25,drb_pct,13.2,12.774983829845503,9.677047656584401,15.28859615187142,1574
tateja01,Jae'Sean Tate,HOU,31,drb_pct,10.8,12.838660713294857,9.229341017791084,15.924039767481018,405
tatumja01,Jayson Tatum,BOS,28,drb_pct,31.3,23.163887993474322,19.554568297970548,26.24926704766048,522
terryda01,Dalen Terry,2TM,24,drb_pct,11.6,11.706635303275501,8.097315607771728,14.792014357461662,551
thomaca02,Cam Thomas,2TM,25,drb_pct,8.1,10.084580834051888,6.475261138548115,13.169959888238049,881
thompam01,Amen Thompson,HOU,24,drb_pct,14.0,16.398512203373073,13.840351598272344,18.864794991651074,2953
thompau01,Ausar Thompson,DET,24,drb_pct,15.6,16.69944391731634,14.141283312215611,19.16572670559434,1896
thompet01,Ethan Thompson,IND,27,drb_pct,8.9,10.653506910479683,7.04418721497591,13.738885964665844,653
thompkl01,Klay Thompson,DAL,36,drb_pct,8.8,10.070505852306367,6.9725696790452645,12.584118174332284,1497
thybuma01,Matisse Thybulle,POR,29,drb_pct,9.6,10.28125562085492,6.671935925351146,13.36663467504108,480
tomlina01,Nae'Qwan Tomlin,CLE,26,drb_pct,10.9,11.785962415291474,8.1766427197877,14.871341469477635,1004
toppiob01,Obi Toppin,IND,28,drb_pct,24.4,18.121368345337284,14.512048649833512,21.206747399523444,424
townska01,Karl-Anthony Towns,NYK,31,drb_pct,31.7,28.85161681463745,26.29345620953672,31.31789960291545,2322
traorno01,Nolan Traoré,BRK,20,drb_pct,8.4,10.408571950066237,7.310635776805135,12.922184272092155,1243
trentga02,Gary Trent Jr.,MIL,28,drb_pct,4.8,7.954535196051862,4.85659902279076,10.468147518077778,1377
tshieos01,Oscar Tshiebwe,UTA,27,drb_pct,25.2,23.508394647095407,19.899074951591633,26.59377370128157,448
turnemy01,Myles Turner,MIL,30,drb_pct,17.8,19.3008868183673,16.74272621326657,21.7671696066453,1912
tysonja01,Jaylon Tyson,CLE,24,drb_pct,13.6,13.925441881816251,10.82750570855515,16.43905420384217,1777
valanjo01,Jonas Valančiūnas,DEN,34,drb_pct,27.5,28.322648539432056,24.71332884392828,31.408027593618215,871
vandeja01,Jarred Vanderbilt,LAL,27,drb_pct,21.3,19.92931712494243,16.831380951681325,22.442929446968346,1128
vassede01,Devin Vassell,SAS,26,drb_pct,11.8,11.922216577723182,9.364055972622452,14.388499366001183,2044
vincega01,Gabe Vincent,2TM,30,drb_pct,4.7,6.049551126568953,2.4402314310651794,9.134930180755113,879
vucevni01,Nikola Vučević,2TM,36,drb_pct,23.9,24.181522608502668,21.083586435241564,26.695134930528585,1818
vukcetr01,Tristan Vukcevic,WAS,23,drb_pct,18.7,18.75394178668866,15.144622091184887,21.83932084087482,671
wadede01,Dean Wade,CLE,30,drb_pct,16.1,16.469042556156328,13.371106382895226,18.982654878182245,1318
wagnefr01,Franz Wagner,ORL,25,drb_pct,14.8,16.02107023348882,12.411750537985048,19.106449287674984,1019
wagnemo01,Moritz Wagner,ORL,29,drb_pct,23.2,20.256617793891166,16.64729809838739,23.34199684807733,427
walkeja01,Jabari Walker,PHI,24,drb_pct,17.4,21.37824297101218,17.768923275508406,24.46362202519834,762
walkeja02,Jarace Walker,IND,23,drb_pct,19.5,18.922833753022086,16.36467314792136,21.389116541300087,1953
wallaca01,Cason Wallace,OKC,23,drb_pct,8.9,9.251889057956278,6.693728452855549,11.718171846234279,2046
wallake01,Keaton Wallace,ATL,27,drb_pct,10.9,11.348946382713862,7.739626687210089,14.434325436900023,536
walshjo01,Jordan Walsh,BOS,22,drb_pct,16.6,15.987070314924864,12.889134141663762,18.50068263695078,1212
walteja01,Ja'Kobe Walter,TOR,22,drb_pct,10.0,10.956000077613368,7.8580639043522655,13.469612399639285,1474
wareke01,Kel'el Ware,MIA,22,drb_pct,29.2,27.694543014151932,24.59660684089083,30.20815533617785,1704
washipj01,P.J. Washington,DAL,28,drb_pct,18.7,18.66159188981009,15.563655716548988,21.175204211836007,1736
waterli01,Lindy Waters III,SAS,29,drb_pct,9.5,12.401514599439617,8.792194903935844,15.486893653625778,285
watfotr01,Trendon Watford,PHI,26,drb_pct,17.5,17.012485138997555,13.403165443493782,20.097864193183717,864
watkija01,Jamir Watkins,WAS,25,drb_pct,15.4,15.341654717361333,11.73233502185756,18.427033771547492,1032
watsope01,Peyton Watson,DEN,24,drb_pct,14.4,13.800497688485583,10.702561515224481,16.3141100105115,1598
wellsja01,Jaylen Wells,MEM,23,drb_pct,9.6,9.963613071360855,6.865676898099753,12.477225393386773,1821
wembavi01,Victor Wembanyama,SAS,23,drb_pct,33.9,30.889743874317425,28.331583269216694,33.356026662595426,1866
weslebl01,Blake Wesley,POR,23,drb_pct,9.4,9.624680665465647,6.015360969961874,12.710059719651808,361
westbru01,Russell Westbrook,SAC,38,drb_pct,16.6,15.223764833658247,12.665604228557518,17.690047621936248,1853
whiteco01,Coby White,2TM,26,drb_pct,13.1,11.975459910106771,8.877523736845669,14.489072232132688,1249
whitede01,Derrick White,BOS,32,drb_pct,10.4,11.193572279894722,8.635411674793993,13.659855068172723,2625
whitmca01,Cam Whitmore,WAS,22,drb_pct,12.0,15.326987628869084,11.71766793336531,18.412366683055247,354
wiggiaa01,Aaron Wiggins,OKC,28,drb_pct,11.7,12.358125805539792,9.26018963227869,14.87173812756571,1414
wiggian01,Andrew Wiggins,MIA,31,drb_pct,10.8,11.017764485369133,8.459603880268403,13.484047273647134,2063
willibr03,Brandon Williams,DAL,27,drb_pct,11.6,11.72242129916389,8.624485125902789,14.236033621189808,1463
willico04,Cody Williams,UTA,22,drb_pct,9.3,10.086711359482566,6.9887751862214635,12.600323681508483,1631
willigr01,Grant Williams,CHO,28,drb_pct,15.0,13.686217862981946,10.076898167478173,16.771596917168107,711
willija06,Jalen Williams,OKC,25,drb_pct,13.9,13.669118161384517,10.059798465880744,16.75449721557068,936
willija07,Jaylin Williams,OKC,24,drb_pct,26.6,25.463077624865605,22.3651414516045,27.976689946891522,1277
willike04,Kenrich Williams,OKC,32,drb_pct,15.6,15.753166361917014,12.143846666413241,18.838545416103173,855
willima07,Mark Williams,PHO,25,drb_pct,23.7,24.794903999403736,21.696967826142632,27.308516321429654,1416
willipa01,Patrick Williams,CHI,25,drb_pct,11.8,12.380511433077979,9.282575259816877,14.894123755103896,1474
williro04,Robert Williams,POR,29,drb_pct,29.9,26.45609023142216,22.846770535918385,29.541469285608322,1008
willivi01,Vince Williams Jr.,2TM,26,drb_pct,15.6,16.571247352868983,12.96192765736521,19.656626407055143,820
willizi01,Zion Williamson,NOP,26,drb_pct,13.5,14.622641546274545,12.064480941173816,17.088924334552544,1841
willizi02,Ziaire Williams,BRK,25,drb_pct,10.0,14.243095761914898,11.145159588653796,16.756708083940815,1281
wilsoja03,Jalen Wilson,BRK,26,drb_pct,13.9,12.764083968777031,9.154764273273258,15.849463022963192,859
wolfda01,Danny Wolf,BRK,22,drb_pct,23.2,22.003475261218444,18.905539087957344,24.51708758324436,1187
yabusgu01,Guerschon Yabusele,2TM,31,drb_pct,19.0,16.879570778816316,13.270251083312543,19.96494983300248,1007
yangha01,Yang Hansen,POR,21,drb_pct,16.8,16.15684373947149,12.547524043967718,19.242222793657653,300
youngtr01,Trae Young,2TM,28,drb_pct,7.4,8.451935713541484,4.842616018037711,11.537314767727645,384
zubaciv01,Ivica Zubac,2TM,29,drb_pct,27.2,27.456095141555373,24.35815896829427,29.96970746358129,1446
achiupr01,Precious Achiuwa,SAC,27,fg3_pct,0.27835051546391754,0.28412450914881116,0.2032973042285485,0.339986113800071,1745
adebaba01,Bam Adebayo,MIA,29,fg3_pct,0.3175,0.32926543189455254,0.2734968962631533,0.3741947939367566,2365
agbajoc01,Ochai Agbaji,2TM,26,fg3_pct,0.265625,0.3334374964974437,0.22876790871488817,0.4062805130402465,973
aldamsa01,Santi Aldama,MEM,26,fg3_pct,0.35,0.35653310599071975,0.2757059010704571,0.4123947106419796,1198
alexani01,Nickeil Alexander-Walker,ATL,28,fg3_pct,0.3990461049284579,0.3933936762502779,0.3376251406188787,0.4383230382924819,2603
allengr01,Grayson Allen,PHO,31,fg3_pct,0.34945054945054943,0.394715282853799,0.31388807793353635,0.4505768875050588,1467
allenja01,Jarrett Allen,CLE,28,fg3_pct,0.1,0.23322870356745337,0.15240149864719071,0.2890903082187132,1519
alvarjo01,Jose Alvarado,2TM,28,fg3_pct,0.3519163763066202,0.3605716925920984,0.2797444876718358,0.41643329724335826,1370
anderky01,Kyle Anderson,3TM,33,fg3_pct,0.36363636363636365,0.3231716212520323,0.21850203346947678,0.39601463779483503,853
antetgi01,Giannis Antetokounmpo,MIL,32,fg3_pct,0.3333333333333333,0.2844479193934022,0.17977833161084666,0.357290935936205,1039
anthoco01,Cole Anthony,MIL,26,fg3_pct,0.3055555555555556,0.3394787305563449,0.2348091427737894,0.4123217470991477,527
anunoog01,OG Anunoby,NYK,29,fg3_pct,0.3857493857493858,0.37635274657446366,0.32058421094306444,0.4212821086166677,2224
avdijde01,Deni Avdija,POR,26,fg3_pct,0.31806615776081426,0.34389920764026527,0.2881306720088661,0.3888285696824693,2199
baglema01,Marvin Bagley III,2TM,27,fg3_pct,0.46153846153846156,0.38452337691112076,0.3036961719908581,0.4403849815623806,1201
baileac01,Ace Bailey,UTA,20,fg3_pct,0.3442211055276382,0.36070936784628077,0.30494083221488155,0.4056387298884848,1988
ballla01,LaMelo Ball,CHO,25,fg3_pct,0.3675675675675676,0.35875357087745213,0.3029850352460529,0.4036829329196562,2017
balllo01,Lonzo Ball,CLE,29,fg3_pct,0.272108843537415,0.309932932655864,0.2052633448733085,0.38277594919866675,728
banchpa01,Paolo Banchero,ORL,24,fg3_pct,0.3054545454545455,0.3227154070855457,0.26694687145414653,0.36764476912774974,2502
banede01,Desmond Bane,ORL,28,fg3_pct,0.3911007025761124,0.3896828290135189,0.33391429338211975,0.43461219105572296,2756
barlodo01,Dominick Barlow,PHI,23,fg3_pct,0.25609756097560976,0.2802716877185107,0.19944448279824803,0.3361332923697705,1689
barneha02,Harrison Barnes,SAS,34,fg3_pct,0.388268156424581,0.39826320267893484,0.3424946670475356,0.4431925647211389,1986
barnesc01,Scottie Barnes,TOR,25,fg3_pct,0.30357142857142855,0.3065535772031976,0.2507850415717984,0.35148293924540164,2681
barnhbr01,Brooks Barnhizer,OKC,24,fg3_pct,0.2916666666666667,0.32752444317814067,0.22285485539558514,0.40036745972094345,348
barrerj01,RJ Barrett,TOR,26,fg3_pct,0.3392226148409894,0.3474771460864257,0.26664994116616303,0.40333875073768555,1726
battlja01,Jamison Battle,TOR,25,fg3_pct,0.4117647058823529,0.40537953402541377,0.30070994624285824,0.4782225505682165,517
batumni01,Nicolas Batum,LAC,38,fg3_pct,0.40350877192982454,0.3958235754865204,0.31499637056625773,0.45168518013778025,1295
beysa01,Saddiq Bey,NOP,27,fg3_pct,0.36650485436893204,0.3487501982522772,0.292981662620878,0.39367956029448126,2246
bitadgo01,Goga Bitadze,ORL,27,fg3_pct,0.18181818181818182,0.21587053189485608,0.11120094411230055,0.28871354843765884,972
blackan01,Anthony Black,ORL,23,fg3_pct,0.3333333333333333,0.33808982193460096,0.28232128630320175,0.383019183976805,1910
blackle01,Leaky Black,WAS,27,fg3_pct,0.34545454545454546,0.362477234045853,0.2578076462632975,0.43532025058865575,433
bogdabo01,Bogdan Bogdanović,LAC,34,fg3_pct,0.3473684210526316,0.36362536446007193,0.2589557766775164,0.43646838100287466,452
bonaad01,Adem Bona,PHI,23,fg3_pct,0.3333333333333333,0.3475669874776353,0.26673978255737263,0.40342859212889515,1234
bookede01,Devin Booker,PHO,30,fg3_pct,0.32972972972972975,0.3378564205111084,0.28208788487970926,0.38278578255331247,2146
bouyeja01,Jamaree Bouyea,PHO,27,fg3_pct,0.2948717948717949,0.30958038181152825,0.20491079402897272,0.38242339835433103,644
bradlto01,Tony Bradley,2TM,29,fg3_pct,0.5,0.3777134853908987,0.2730438976083432,0.45055650193370145,450
branhma01,Malaki Branham,WAS,23,fg3_pct,0.3783783783783784,0.3672569579233928,0.2625873701408373,0.44009997446619553,275
braunch01,Christian Braun,DEN,25,fg3_pct,0.3006993006993007,0.3630121731167603,0.28218496819649763,0.41887377776802015,1399
bridgmi01,Mikal Bridges,NYK,30,fg3_pct,0.37142857142857144,0.3644516737510614,0.3086831381196622,0.40938103579326546,2692
bridgmi02,Miles Bridges,CHO,28,fg3_pct,0.3325842696629214,0.33206814622869085,0.2762996105972917,0.3769975082708949,2387
brookdi01,Dillon Brooks,PHO,31,fg3_pct,0.34417344173441733,0.3631064476216442,0.2822792427013815,0.418968052272904,1702
brownbr01,Bruce Brown,DEN,30,fg3_pct,0.38513513513513514,0.3538114130755154,0.29804287744411617,0.39874077511771944,1998
brownja02,Jaylen Brown,BOS,30,fg3_pct,0.3465346534653465,0.34063642307304925,0.28486788744165004,0.3855657851152533,2443
brownko01,Kobe Brown,2TM,27,fg3_pct,0.37410071942446044,0.3466343204938232,0.24196473271126767,0.41947733703662593,963
brunsja01,Jalen Brunson,NYK,30,fg3_pct,0.3693181818181818,0.379886482703436,0.3241179470720368,0.42481584474564005,2590
bryanca01,Carter Bryant,SAS,21,fg3_pct,0.33548387096774196,0.34557394228633176,0.24090435450377623,0.41841695882913454,818
bryanth01,Thomas Bryant,CLE,29,fg3_pct,0.35877862595419846,0.3337750647366762,0.22910547695412065,0.40661808127947896,732
burtoty01,Tyler Burton,MEM,26,fg3_pct,0.3333333333333333,0.34003304813366036,0.23536346035110484,0.4128760646764631,307
butleji01,Jimmy Butler,GSW,37,fg3_pct,0.3764705882352941,0.34861439659545984,0.26778719167519716,0.4044760012467197,1182
buzelma01,Matas Buzelis,CHI,22,fg3_pct,0.34949494949494947,0.3624871379943665,0.30671860236296733,0.40741650003657054,2248
cainja01,Jamal Cain,ORL,27,fg3_pct,0.3835616438356164,0.35589724163238884,0.2512276538498333,0.42874025817519157,486
caldwke01,Kentavious Caldwell-Pope,MEM,33,fg3_pct,0.3160919540229885,0.3496463987158936,0.24497681093333806,0.4224894152586963,1088
camarto01,Toumani Camara,POR,26,fg3_pct,0.36993243243243246,0.3672438296852233,0.3114752940538241,0.41217319172742733,2731
capelca01,Clint Capela,HOU,32,fg3_pct,0.5,0.3516598933369806,0.24699030555442508,0.42450290987978334,926
cardwdy01,Dylan Cardwell,SAC,25,fg3_pct,0.5,0.3821506621430006,0.27748107436044506,0.4549936786858033,907
carlsbr01,Branden Carlson,OKC,27,fg3_pct,0.36046511627906974,0.3597383087317031,0.25506872094914756,0.4325813252745059,488
carrica01,Bub Carrington,WAS,21,fg3_pct,0.4082125603864734,0.38395842155932663,0.3281898859279274,0.4288877836015307,2271
cartede02,Devin Carter,SAC,24,fg3_pct,0.2631578947368421,0.2854220564643734,0.18075246868181788,0.35826507300717614,700
carteje01,Jevon Carter,2TM,31,fg3_pct,0.3627906976744186,0.3423638254009613,0.23769423761840575,0.415206841943764,867
cartewe01,Wendell Carter Jr.,ORL,27,fg3_pct,0.3185840707964602,0.309593228726886,0.25382469309548683,0.35452259076909004,2288
carusal01,Alex Caruso,OKC,32,fg3_pct,0.292817679558011,0.3529913387994286,0.2483217510168731,0.42583435534223135,1020
castlst01,Stephon Castle,SAS,22,fg3_pct,0.3319672131147541,0.31929244574642873,0.2635239101150295,0.3642218077886328,2038
champju01,Justin Champagnie,WAS,25,fg3_pct,0.3192771084337349,0.3525785521333055,0.27175134721304284,0.40844015678456536,1377
champju02,Julian Champagnie,SAS,25,fg3_pct,0.380859375,0.37605004825210825,0.32028151262070903,0.4209794102943123,2266
chandke01,Kennedy Chandler,UTA,24,fg3_pct,0.39473684210526316,0.3829178891047647,0.2782483013222092,0.45576090564756744,355
chrisca02,Cam Christie,LAC,21,fg3_pct,0.24489795918367346,0.28965229190079617,0.18498270411824064,0.3624953084435989,480
chrisma02,Max Christie,DAL,23,fg3_pct,0.40358744394618834,0.38785255808718144,0.3320840224557823,0.4327819201293855,2244
cissosi01,Sidy Cissoko,POR,22,fg3_pct,0.29797979797979796,0.31405760918026776,0.2332304042600051,0.3699192138315276,1435
clarkja02,Jaylen Clark,MIN,25,fg3_pct,0.32673267326732675,0.35904766956677536,0.25437808178421983,0.43189068610957815,888
clarkjo01,Jordan Clarkson,NYK,34,fg3_pct,0.32710280373831774,0.32580188746154415,0.2449746825412815,0.381663492112804,1279
claxtni01,Nic Claxton,BRK,27,fg3_pct,0.15789473684210525,0.2580656905699002,0.202297154938501,0.30299505261210424,1920
claytwa01,Walter Clayton,2TM,23,fg3_pct,0.3073770491803279,0.3138138403458422,0.23298663542557954,0.36967544499710203,1410
cliffni01,Nique Clifford,SAC,24,fg3_pct,0.3333333333333333,0.3373058115317241,0.28153727590032496,0.38223517357392817,1882
clingdo01,Donovan Clingan,POR,22,fg3_pct,0.34146341463414637,0.34519017660919715,0.289421640977798,0.3901195386514012,2094
clownno01,Noah Clowney,BRK,22,fg3_pct,0.32908163265306123,0.3420044589120898,0.2611772539918271,0.39786606356334964,1780
coffeam01,Amir Coffey,2TM,29,fg3_pct,0.3469387755102041,0.38687282682860624,0.2822032390460507,0.459715843371409,490
colliis01,Isaiah Collier,UTA,22,fg3_pct,0.27,0.2764938218027215,0.19566661688245882,0.3323554264539813,1517
collijo01,John Collins,LAC,29,fg3_pct,0.4063926940639269,0.3896671665535516,0.33389863092215244,0.43459652859575565,1872
conlemi01,Mike Conley,MIN,39,fg3_pct,0.3373493975903614,0.4118969342007526,0.30722734641819704,0.48473995074355536,991
connapa01,Pat Connaughton,CHO,34,fg3_pct,0.40384615384615385,0.3480375308704458,0.24336794308789028,0.42088054741324854,297
coopesh01,Sharife Cooper,WAS,25,fg3_pct,0.3815789473684211,0.3782033265713064,0.27353373878875087,0.4510463431141092,700
coulibi01,Bilal Coulibaly,WAS,22,fg3_pct,0.31862745098039214,0.32280784892337094,0.2419806440031083,0.3786694535746308,1468
cowarce01,Cedric Coward,MEM,23,fg3_pct,0.3381818181818182,0.34165217294295575,0.26082496802269306,0.3975137775942156,1598
cryerlj01,LJ Cryer,GSW,25,fg3_pct,0.39361702127659576,0.3885623829356974,0.28389279515314186,0.4614053994785001,292
cunnica01,Cade Cunningham,DET,25,fg3_pct,0.34153005464480873,0.3520610628375375,0.2962925272061383,0.39699042487974157,2172
curryst01,Stephen Curry,GSW,38,fg3_pct,0.3925619834710744,0.3852848204362303,0.3044576155159676,0.44114642508749013,1329
daniedy01,Dyson Daniels,ATL,23,fg3_pct,0.18803418803418803,0.2939995150435799,0.23823097941218072,0.33892887708578395,2520
dasiltr01,Tristan Da Silva,ORL,25,fg3_pct,0.37383177570093457,0.3609623722803482,0.30519383664894906,0.40589173432255227,1899
davisan02,Anthony Davis,DAL,33,fg3_pct,0.2702702702702703,0.2809563990635375,0.17628681128098195,0.3537994156063402,626
demineg01,Egor Dëmin,BRK,20,fg3_pct,0.38509316770186336,0.3989505163106437,0.3181233113903811,0.45481212096190354,1308
derozde01,DeMar DeRozan,SAC,37,fg3_pct,0.3197278911564626,0.31098596487733543,0.25521742924593627,0.3559153269195395,2406
diabamo01,Moussa Diabaté,CHO,25,fg3_pct,0.5,0.31509381962853705,0.25932528399713783,0.3600231816707411,1899
diawamo01,Mohamed Diawara,NYK,21,fg3_pct,0.36923076923076925,0.3746074504979464,0.2699378627153909,0.4474504670407492,634
dickgr01,Gradey Dick,TOR,23,fg3_pct,0.3010752688172043,0.34072736034997986,0.23605777256742433,0.41357037689278264,1067
diengou01,Ousmane Dieng,2TM,23,fg3_pct,0.34054054054054056,0.335181058855156,0.23051147107260045,0.4080240753979587,1099
dilliro01,Rob Dillingham,2TM,22,fg3_pct,0.3157894736842105,0.33610906186146544,0.2314394740789099,0.40895207840426817,970
divindo01,Donte DiVincenzo,MIN,30,fg3_pct,0.37888198757763975,0.3882981748389605,0.3325296392075613,0.43322753688116455,2494
doncilu01,Luka Dončić,LAL,27,fg3_pct,0.3659942363112392,0.37018752600502125,0.3144189903736221,0.4151168880472253,2289
dortlu01,Luguentz Dort,OKC,27,fg3_pct,0.34408602150537637,0.3791829013357735,0.3234143657043743,0.4241122633779775,1849
dosunay01,Ayo Dosunmu,2TM,27,fg3_pct,0.4392857142857143,0.39889361611998236,0.34312508048858315,0.4438229781621864,1881
drumman01,Andre Drummond,PHI,33,fg3_pct,0.35555555555555557,0.32217083276455205,0.2413436278442894,0.3780324374158119,1231
dunnkr01,Kris Dunn,LAC,32,fg3_pct,0.37383177570093457,0.35745187315693094,0.3016833375255318,0.402381235199135,2230
dunnry01,Ryan Dunn,PHO,24,fg3_pct,0.33136094674556216,0.3236598459529226,0.24283264103265992,0.3795214506041824,1355
duranke01,Kevin Durant,HOU,38,fg3_pct,0.41333333333333333,0.40375737622120733,0.34798884058980817,0.4486867382634114,2840
easonta01,Tari Eason,HOU,25,fg3_pct,0.3576923076923077,0.3547764638870681,0.27394925896680544,0.41063806853832796,1549
edeyza01,Zach Edey,MEM,24,fg3_pct,0.2,0.34211094300855915,0.23744135522600363,0.41495395955136194,284
edgecvj01,VJ Edgecombe,PHI,21,fg3_pct,0.35391923990498814,0.36100507663414455,0.30523654100274533,0.4059344386763486,2623
edwaran01,Anthony Edwards,MIN,25,fg3_pct,0.39883268482490275,0.38922038143715354,0.3334518458057544,0.4341497434793576,2137
edwarju01,Justin Edwards,PHI,23,fg3_pct,0.37222222222222223,0.36923991929611866,0.26457033151356313,0.44208293583892144,977
elliske01,Keon Ellis,2TM,27,fg3_pct,0.36254980079681276,0.39895707376199563,0.318129868841733,0.45481867841325546,1478
embiijo01,Joel Embiid,PHI,32,fg3_pct,0.3333333333333333,0.3421881610028714,0.2613609560826088,0.39804976565413125,1201
etienty01,Tyson Etienne,BRK,27,fg3_pct,0.39814814814814814,0.3905663276794989,0.28589673989694336,0.4634093442223016,380
eubandr01,Drew Eubanks,SAC,29,fg3_pct,0.14285714285714285,0.3656754231314327,0.26100583534887717,0.4385184396742354,552
fearsje01,Jeremiah Fears,NOP,20,fg3_pct,0.3300653594771242,0.34784223219706234,0.2920736965656632,0.3927715942392664,2112
filipky01,Kyle Filipowski,UTA,23,fg3_pct,0.32456140350877194,0.3387147923692,0.25788758744893736,0.3945763970204598,1801
finnedo01,Dorian Finney-Smith,HOU,33,fg3_pct,0.27,0.35794969385793246,0.25328010607537693,0.4307927104007352,620
flaggco01,Cooper Flagg,DAL,20,fg3_pct,0.29508196721311475,0.3165047996400316,0.26073626400863237,0.36143416168223563,2344
flemira01,Rasheer Fleming,PHO,22,fg3_pct,0.34615384615384615,0.35771147924060837,0.25304189145805284,0.4305544957834111,673
fontesi01,Simone Fontecchio,MIA,31,fg3_pct,0.375,0.366982950455794,0.28615574553553136,0.4228445551070538,1173
foxde01,De'Aaron Fox,SAS,29,fg3_pct,0.33164556962025316,0.33540378199767856,0.27963524636627934,0.3803331440398826,2231
furphjo01,Johnny Furphy,IND,22,fg3_pct,0.323943661971831,0.332671394699706,0.2280018069171505,0.40551441124250875,643
gardnmy01,Myron Gardner,MIA,25,fg3_pct,0.40625,0.39545810951829014,0.2907885217357346,0.46830112606109286,411
garlada01,Darius Garland,2TM,27,fg3_pct,0.3961038961038961,0.3909256047658056,0.310098399845543,0.44678720941706546,1344
garzalu01,Luka Garza,BOS,28,fg3_pct,0.4330708661417323,0.4227196421987969,0.34189243727853424,0.4785812468500567,1118
georgke01,Keyonte George,UTA,23,fg3_pct,0.37119113573407203,0.35256854611552596,0.2717413411952633,0.4084301507667858,1786
georgky01,Kyshawn George,WAS,23,fg3_pct,0.38076923076923075,0.35226187624396393,0.27143467132370125,0.40812348089522377,1391
georgpa01,Paul George,PHI,36,fg3_pct,0.39215686274509803,0.39929189923573183,0.3184646943154692,0.45515350388699166,1135
giddejo01,Josh Giddey,CHI,24,fg3_pct,0.36395759717314485,0.3640481922980917,0.2832209873778291,0.41990979694935154,1731
gilgesh01,Shai Gilgeous-Alexander,OKC,28,fg3_pct,0.3859060402684564,0.37530543063809235,0.31953689500669313,0.4202347926802964,2259
gillan01,Anthony Gill,WAS,34,fg3_pct,0.3541666666666667,0.3232851391569552,0.2186155513743997,0.396128155699758,951
gilleco01,Collin Gillespie,PHO,27,fg3_pct,0.4013840830449827,0.40259535989339057,0.3468268242619914,0.4475247219355946,2282
goberru01,Rudy Gobert,MIN,34,fg3_pct,0.0,0.27760802234808113,0.22183948671668194,0.3225373843902852,2380
gonzahu01,Hugo González,BOS,20,fg3_pct,0.3620689655172414,0.37736964397079414,0.2727000561882386,0.4502126605135969,1084
goodwjo01,Jordan Goodwin,PHO,28,fg3_pct,0.3708609271523179,0.359567874723773,0.2787406698035103,0.41542947937503283,1572
gordoaa01,Aaron Gordon,DEN,31,fg3_pct,0.3885350318471338,0.378041916393322,0.2733723286107665,0.45088493293612475,1005
grantje01,Jerami Grant,POR,32,fg3_pct,0.38857142857142857,0.3827185924166452,0.30189138749638256,0.438580197067905,1695
greenaj01,A.J. Green,MIL,27,fg3_pct,0.4187725631768953,0.4179500698845911,0.3621815342531919,0.46287943192679515,2270
greendr01,Draymond Green,GSW,36,fg3_pct,0.3258064516129032,0.3436646312453097,0.2878960956139105,0.38859399328751376,1869
greenja02,Javonte Green,DET,33,fg3_pct,0.3805668016194332,0.358862381287734,0.2780351763674713,0.41472398593899384,1446
greenja05,Jalen Green,PHO,24,fg3_pct,0.31277533039647576,0.34044847470653056,0.23577888692397503,0.4132914912493333,828
greenjo02,Josh Green,CHO,26,fg3_pct,0.42028985507246375,0.3960815747857881,0.29141198700323256,0.4689245913285909,908
grimequ01,Quentin Grimes,PHI,26,fg3_pct,0.33421052631578946,0.35415541405951106,0.29838687842811185,0.3990847761017151,2206
gueyemo02,Mouhamed Gueye,ATL,24,fg3_pct,0.3076923076923077,0.300557361363234,0.21973015644297136,0.35641896601449385,1179
hachiru01,Rui Hachimura,LAL,28,fg3_pct,0.44274809160305345,0.4267569014479498,0.3709883658165506,0.47168626349015386,1927
hardati02,Tim Hardaway Jr.,DEN,34,fg3_pct,0.4072727272727273,0.3770271693492449,0.3212586337178457,0.42195653139144895,2127
hardeja01,James Harden,2TM,37,fg3_pct,0.37521815008726006,0.34977861003124705,0.29401007439984783,0.3947079720734511,2438
hardyja02,Jaden Hardy,2TM,24,fg3_pct,0.3969465648854962,0.38558532221284975,0.2809157344302942,0.4584283387556525,898
harklej01,Elijah Harkless,UTA,26,fg3_pct,0.23863636363636365,0.2642019801894138,0.1595323924068583,0.33704499673221655,545
harpedy01,Dylan Harper,SAS,20,fg3_pct,0.34269662921348315,0.36037822018521437,0.27955101526495174,0.4162398248364742,1558
harpero02,Ron Harper Jr.,BOS,26,fg3_pct,0.35,0.3518760924795613,0.24720650469700578,0.4247191090223641,318
harriga01,Gary Harris,MIL,32,fg3_pct,0.4117647058823529,0.37477654205014965,0.2701069542675941,0.44761955859295244,661
harrito02,Tobias Harris,DET,34,fg3_pct,0.36771300448430494,0.3523653334605803,0.27153812854031767,0.40822693811184013,1746
harteis01,Isaiah Hartenstein,OKC,28,fg3_pct,0.0,0.19395464108522653,0.11312743616496387,0.24981624573648636,1137
hartjo01,Josh Hart,NYK,31,fg3_pct,0.4132231404958678,0.354909731721732,0.29914119609033285,0.39983909376393606,1994
hausesa01,Sam Hauser,BOS,29,fg3_pct,0.39285714285714285,0.4036007316802461,0.34783219604884696,0.4485300937224502,1934
hawkijo01,Jordan Hawkins,NOP,24,fg3_pct,0.34814814814814815,0.3478689471549049,0.24319935937234938,0.4207119636977077,692
hayesja02,Jaxson Hayes,LAL,26,fg3_pct,1.0,0.3401843535886884,0.25935714866842574,0.39604595823994826,1207
hayeski01,Killian Hayes,SAC,25,fg3_pct,0.2698412698412698,0.2973570453440704,0.1926874575615149,0.37020006188687316,406
hendesc01,Scoot Henderson,POR,22,fg3_pct,0.35185185185185186,0.3547150701628847,0.2500454823803292,0.4275580867056875,748
hendrta01,Taylor Hendricks,2TM,23,fg3_pct,0.3423913043478261,0.35596672089344344,0.27513951597318076,0.4118283255447033,1118
herroty01,Tyler Herro,MIA,27,fg3_pct,0.3783783783783784,0.3788134042550862,0.27414381647253067,0.4516564207978889,1033
hieldbu01,Buddy Hield,2TM,34,fg3_pct,0.3490566037735849,0.3671750926154639,0.26250550483290835,0.44001810915826667,819
hinsobl01,Blake Hinson,UTA,27,fg3_pct,0.46835443037974683,0.4424898138032992,0.3378202260207437,0.515332830346102,285
holidaa01,Aaron Holiday,HOU,30,fg3_pct,0.3941176470588235,0.3902251551640114,0.2855555673814559,0.46306817170681414,781
holidjr01,Jrue Holiday,POR,36,fg3_pct,0.3784530386740331,0.38993560488608775,0.30910839996582506,0.4457972095373476,1560
hollaro01,Ron Holland,DET,21,fg3_pct,0.25252525252525254,0.26184278110317866,0.181015576182916,0.3177043857544385,1551
holmgch01,Chet Holmgren,OKC,24,fg3_pct,0.36213991769547327,0.36903708862680296,0.3132685529954038,0.413966450669007,1997
horfoal01,Al Horford,GSW,40,fg3_pct,0.36097560975609755,0.34549228420600625,0.24082269642345072,0.418335300748809,969
howarje01,Jett Howard,ORL,23,fg3_pct,0.3724137931034483,0.3372733441966654,0.23260375641410985,0.4101163607394681,695
huertke01,Kevin Huerter,2TM,28,fg3_pct,0.3076923076923077,0.3336449656691901,0.2528177607489275,0.38950657032044994,1549
huffja01,Jay Huff,IND,28,fg3_pct,0.3190348525469169,0.34669120172715195,0.2658639968068893,0.4025528063784118,1719
hukpoar01,Ariel Hukporti,NYK,24,fg3_pct,0.25,0.3461778285122891,0.2415082407297336,0.41902084505509185,498
huntede01,De'Andre Hunter,2TM,29,fg3_pct,0.3048780487804878,0.36358333955013494,0.28275613462987226,0.4194449442013948,1176
hylanbo01,Bones Hyland,MIN,26,fg3_pct,0.3879598662207358,0.37333334094832477,0.2925061360280621,0.4291949455995846,1177
ighodos01,Oso Ighodaro,PHO,24,fg3_pct,0.0,0.3267295343289334,0.24590232940867077,0.38259113898019326,1808
ingrabr01,Brandon Ingram,TOR,29,fg3_pct,0.38243626062322944,0.37113779498936655,0.31536925935796734,0.4160671570315706,2604
isaacjo01,Jonathan Isaac,ORL,29,fg3_pct,0.18421052631578946,0.2854451048524758,0.1807755170699203,0.35828812139527855,521
iveyja01,Jaden Ivey,2TM,24,fg3_pct,0.373134328358209,0.3664186720638043,0.26174908428124877,0.4392616886066071,670
jacksan01,Andre Jackson Jr.,MIL,25,fg3_pct,0.25,0.33724544126976774,0.23257585348721221,0.41008845781257053,408
jacksgg01,GG Jackson II,MEM,22,fg3_pct,0.3316062176165803,0.3525180796987925,0.2716908747785298,0.40837968435005234,1178
jacksis01,Isaiah Jackson,2TM,25,fg3_pct,0.0,0.2960052412340639,0.19133565345150838,0.3688482577768667,908
jacksja02,Jaren Jackson Jr.,2TM,27,fg3_pct,0.3574468085106383,0.35333329946893977,0.27250609454867714,0.4091949041201996,1454
jacksqu01,Quenton Jackson,IND,28,fg3_pct,0.3559322033898305,0.36125086422922775,0.2565812764466722,0.4340938807720305,897
jackstr02,Trayce Jackson-Davis,2TM,26,fg3_pct,1.0,0.34420664521945243,0.2395370574368969,0.4170496617622552,496
jakucka01,Kasparas Jakučionis,MIA,20,fg3_pct,0.4230769230769231,0.43030058445578656,0.32563099667323103,0.5031436009985893,945
jamesbr02,Bronny James,LAL,22,fg3_pct,0.38596491228070173,0.3877504440550383,0.28308085627248275,0.460593460597841,375
jamesle01,LeBron James,LAL,42,fg3_pct,0.3168724279835391,0.4083346710649272,0.352566135433528,0.45326403310713126,1989
jamessi01,Sion James,CHO,24,fg3_pct,0.3516949152542373,0.35392319407362044,0.2981546584422212,0.3988525561158245,1843
jaqueja01,Jaime Jaquez Jr.,MIA,25,fg3_pct,0.31693989071038253,0.3211144195399725,0.2653458839085733,0.36604378158217654,2121
jenkida01,Daniss Jenkins,DET,25,fg3_pct,0.37435897435897436,0.3745153178114836,0.293688112891221,0.43037692246274345,1455
jeromty01,Ty Jerome,MEM,29,fg3_pct,0.42,0.42447834048266764,0.3198087527001121,0.4973213570254704,339
joeis01,Isaiah Joe,OKC,27,fg3_pct,0.42289719626168226,0.41547173756055095,0.33464453264028826,0.4713333422118108,1507
johnsaj01,AJ Johnson,2TM,22,fg3_pct,0.21052631578947367,0.2697925210661942,0.1651229332836387,0.342635537608997,454
johnsca02,Cameron Johnson,DEN,30,fg3_pct,0.4296875,0.4003185454156804,0.3194913404954177,0.45618015006694024,1647
johnsch06,Chaney Johnson,BRK,24,fg3_pct,0.3,0.32832650916319905,0.22365692138064353,0.40116952570600184,348
johnsja05,Jalen Johnson,ATL,25,fg3_pct,0.3519061583577713,0.34702373422035976,0.29125519858896054,0.3919530962625638,2532
johnske04,Keldon Johnson,SAS,27,fg3_pct,0.3626373626373626,0.34343100175270863,0.2876624661213094,0.3883603637949127,1911
johnske10,Keshad Johnson,MIA,25,fg3_pct,0.29545454545454547,0.32010218536874063,0.2154325975861851,0.39294520191154336,280
johnstr03,Tre Johnson,WAS,20,fg3_pct,0.3582554517133956,0.37397483990530284,0.29314763498504015,0.42983644455656267,1443
jokicni01,Nikola Jokić,DEN,31,fg3_pct,0.37966101694915255,0.38402631462589243,0.32825777899449327,0.4289556766680965,2265
jonesde02,Derrick Jones Jr.,LAC,29,fg3_pct,0.35947712418300654,0.35084993584006186,0.2700227309197992,0.4067115404913217,1350
joneshe01,Herbert Jones,NOP,28,fg3_pct,0.3088803088803089,0.3474331625765545,0.2666059576562918,0.4032947672278143,1588
joneska03,Kam Jones,IND,24,fg3_pct,0.29333333333333333,0.3110410925432094,0.20637150476065386,0.3838841090860121,616
jonessp01,Spencer Jones,DEN,25,fg3_pct,0.3958333333333333,0.3924629390937513,0.31163573417348867,0.44832454374501113,1417
jonestr01,Tre Jones,CHI,27,fg3_pct,0.3153846153846154,0.33558252026834534,0.2547553153480827,0.3914441249196052,1752
jonesty01,Tyus Jones,3TM,30,fg3_pct,0.291970802919708,0.3843079462300046,0.27963835844744905,0.4571509627728073,979
jovicni01,Nikola Jović,MIA,23,fg3_pct,0.2694610778443114,0.3411080102448716,0.23643842246231606,0.41395102678767437,808
kalkbry01,Ryan Kalkbrenner,CHO,25,fg3_pct,0.0,0.30006506178037157,0.2192378568601089,0.3559266664316314,1479
kennalu01,Luke Kennard,2TM,30,fg3_pct,0.4775510204081633,0.4502246201011026,0.3693974151808399,0.5060862247523624,1681
kispeco01,Corey Kispert,2TM,27,fg3_pct,0.3670886075949367,0.3707814064774069,0.2661118186948514,0.44362442302020966,1080
klebima01,Maxi Kleber,LAL,35,fg3_pct,0.23076923076923078,0.3006116925403667,0.19594210475781115,0.37345470908316947,461
knechda01,Dalton Knecht,LAL,25,fg3_pct,0.34234234234234234,0.3678930857654681,0.26322349798291256,0.44073610230827087,553
knuepko01,Kon Knueppel,CHO,21,fg3_pct,0.4252336448598131,0.4296306961088738,0.37386216047747456,0.4745600581510778,2551
kolekty01,Tyler Kolek,NYK,25,fg3_pct,0.38596491228070173,0.36529870432866507,0.26062911654610954,0.43814172087146785,727
kolokch01,Christian Koloko,3TM,26,fg3_pct,0.1111111111111111,0.26610999816486564,0.1614404103823101,0.33895301470766837,357
konanya01,Yanic Konan Niederhäuser,LAC,23,fg3_pct,0.2,0.334553455782627,0.2298838680000715,0.40739647232542975,424
konchjo01,John Konchar,2TM,30,fg3_pct,0.2828282828282828,0.31692892531357597,0.2361017203933133,0.3727905299648358,1115
krejcvi01,Vít Krejčí,2TM,26,fg3_pct,0.3902439024390244,0.40376690545059296,0.3229397005303303,0.4596285101018528,1392
kuminjo01,Jonathan Kuminga,2TM,24,fg3_pct,0.3333333333333333,0.3232374201508568,0.2185678323683013,0.39608043669365955,830
kuzmaky01,Kyle Kuzma,MIL,31,fg3_pct,0.3472803347280335,0.3259263890855875,0.24509918416532486,0.38178799373684735,1806
landajo01,Jock Landale,2TM,31,fg3_pct,0.38341968911917096,0.3674920346979903,0.28666482977772767,0.42335363934925013,1506
laniech01,Chaz Lanier,DET,25,fg3_pct,0.2835820895522388,0.3055529493680199,0.20088336158546438,0.3783959659108227,262
laravja01,Jake LaRavia,LAL,25,fg3_pct,0.32098765432098764,0.3526878794092444,0.29691934377784523,0.39761724145144844,2061
larsspe01,Pelle Larsson,MIA,25,fg3_pct,0.3229166666666667,0.33130355126530237,0.27553501563390315,0.3762329133075064,1849
lavinza01,Zach LaVine,SAC,31,fg3_pct,0.38976377952755903,0.40882563943313494,0.32799843451287225,0.46468724408439477,1224
leonaka01,Kawhi Leonard,LAC,35,fg3_pct,0.3865168539325843,0.39173206434691454,0.3359635287155154,0.4366614263891186,2085
leonsma01,Malevy Leons,GSW,27,fg3_pct,0.25,0.31558956432530183,0.2109199765427463,0.3884325808681046,276
leverca01,Caris LeVert,DET,32,fg3_pct,0.3333333333333333,0.34555642183260443,0.26472921691234175,0.40141802648386427,1154
liddeej01,E.J. Liddell,BRK,26,fg3_pct,0.34615384615384615,0.3501425663971643,0.24547297861460876,0.422985582939967,349
liveris01,Isaiah Livers,PHO,28,fg3_pct,0.3,0.3083738474231184,0.20370425964056288,0.38121686396592114,347
looneke01,Kevon Looney,NOP,30,fg3_pct,0.15384615384615385,0.2931953199545832,0.18852573217202767,0.36603833649738593,308
lopezbr01,Brook Lopez,LAC,38,fg3_pct,0.35962145110410093,0.35279364201086316,0.27196643709060053,0.408655246662123,1635
loveca01,Caleb Love,POR,25,fg3_pct,0.3184931506849315,0.32335656648262817,0.21868697870007264,0.3961995830254309,1013
loveke01,Kevin Love,UTA,38,fg3_pct,0.3732394366197183,0.3455065081603307,0.24083692037777515,0.41834952470313347,613
maluakh01,Khaman Maluach,PHO,20,fg3_pct,0.23809523809523808,0.31897015380781063,0.2143005660252551,0.39181317035061336,411
mamuksa01,Sandro Mamukelashvili,TOR,27,fg3_pct,0.3885135135135135,0.3749774670592829,0.2941502621390203,0.43083907171054275,1751
mannte01,Terance Mann,BRK,30,fg3_pct,0.36363636363636365,0.3590240377224101,0.27819683280214746,0.4148856423736699,1529
manntr01,Tre Mann,CHO,25,fg3_pct,0.3225806451612903,0.3521424997908523,0.2474729120082968,0.4249855163336551,669
markkla01,Lauri Markkanen,UTA,29,fg3_pct,0.3549382716049383,0.36156968168150694,0.2807424767612443,0.41743128633276677,1443
marshna01,Naji Marshall,DAL,29,fg3_pct,0.29107981220657275,0.30328114965418357,0.24751261402278438,0.3482105116963876,2184
martica02,Caleb Martin,DAL,31,fg3_pct,0.3508771929824561,0.34836592891634643,0.2436963411337909,0.4212089454591492,856
martity01,Tyrese Martin,2TM,27,fg3_pct,0.3212121212121212,0.3389853730914162,0.23431578530886066,0.41182838963421897,777
mashaja01,Jahmai Mashack,MEM,24,fg3_pct,0.25333333333333335,0.28073806224017905,0.17606847445762352,0.35358107878298184,673
mathube01,Bennedict Mathurin,2TM,24,fg3_pct,0.31512605042016806,0.33976909078258605,0.25894188586232336,0.3956306954338459,1620
matkoka01,Karlo Matković,NOP,25,fg3_pct,0.4222222222222222,0.3820849632242093,0.2774153754416538,0.45492797976701205,912
maxeyty01,Tyrese Maxey,PHI,26,fg3_pct,0.3672787979966611,0.359294109587718,0.30352557395631885,0.40422347162992206,2661
mbengbe01,Bez Mbeng,UTA,23,fg3_pct,0.1935483870967742,0.26810129599841126,0.16343170821585573,0.34094431254121405,492
mcbrimi01,Miles McBride,NYK,26,fg3_pct,0.4132841328413284,0.3942887156666509,0.2896191278840954,0.4671317322094537,1080
mccaija01,Jared McCain,2TM,22,fg3_pct,0.3852140077821012,0.39251679725806493,0.31168959233780225,0.44837840190932476,1160
mccolcj01,CJ McCollum,2TM,35,fg3_pct,0.37450980392156863,0.38256650549557175,0.32679796986417253,0.4274958675377758,2264
mccontj01,T.J. McConnell,IND,34,fg3_pct,0.32,0.33657482559932783,0.2319052378167723,0.4094178421421306,963
mcdanja02,Jaden McDaniels,MIN,26,fg3_pct,0.412,0.36282888118005185,0.3070603455486527,0.4077582432222559,2316
mcderdo01,Doug McDermott,SAC,35,fg3_pct,0.3902439024390244,0.4000985131271279,0.2954289253445724,0.47294152966993064,439
mcgowbr01,Bryce McGowens,NOP,24,fg3_pct,0.40860215053763443,0.3776920128823574,0.27302242509980185,0.4505350294251601,880
mclaujo01,Jordan McLaughlin,SAS,30,fg3_pct,0.425,0.4270024161527637,0.32233282837020816,0.49984543269556647,282
mcneeli01,Liam McNeeley,CHO,21,fg3_pct,0.4,0.3954597637796281,0.2907901759970726,0.4683027803224309,368
meltode01,De'Anthony Melton,GSW,28,fg3_pct,0.2938775510204082,0.3203818597480715,0.23955465482780883,0.3762434643993313,1125
merrisa01,Sam Merrill,CLE,30,fg3_pct,0.42133333333333334,0.39834564455322163,0.317518439632959,0.45420724920448147,1377
middlkh01,Khris Middleton,2TM,35,fg3_pct,0.3602150537634409,0.3610292396436381,0.28020203472337546,0.4168908442948979,1439
millebr02,Brandon Miller,CHO,24,fg3_pct,0.3827392120075047,0.3750792286316489,0.3193106930002497,0.42000859067385293,1968
millejo02,Jordan Miller,LAC,27,fg3_pct,0.34545454545454546,0.32196177656523883,0.24113457164497618,0.37782338121649867,1325
millele01,Leonard Miller,2TM,23,fg3_pct,0.32323232323232326,0.33219020810145267,0.22752062031889714,0.4050332246442554,719
minotjo01,Josh Minott,2TM,24,fg3_pct,0.41830065359477125,0.3980677334854264,0.29339814570287087,0.47091075002822913,834
missiyv01,Yves Missi,NOP,22,fg3_pct,0.0,0.34471934715289626,0.2638921422326336,0.4005809518041561,1297
mitchaj01,Ajay Mitchell,OKC,24,fg3_pct,0.3465909090909091,0.3564641694137795,0.2756369644935168,0.41232577406503934,1473
mitchda01,Davion Mitchell,MIA,28,fg3_pct,0.39473684210526316,0.38917460712773955,0.3334060714963404,0.4341039691699436,2000
mitchdo01,Donovan Mitchell,CLE,30,fg3_pct,0.36363636363636365,0.3647706438901793,0.30900210825878016,0.40970000593238337,2342
mobleev01,Evan Mobley,CLE,25,fg3_pct,0.2966507177033493,0.33733029294960293,0.28156175731820376,0.382259654991807,2074
monkma01,Malik Monk,SAC,28,fg3_pct,0.39490445859872614,0.35725705800197743,0.27642985308171475,0.41311866265323727,1364
moodymo01,Moses Moody,GSW,24,fg3_pct,0.4005305039787798,0.38548952599018965,0.30466232106992697,0.4413511306414495,1540
moranja01,Ja Morant,MEM,27,fg3_pct,0.23529411764705882,0.2915628331512414,0.18689324536868585,0.3644058496940441,569
murphtr02,Trey Murphy III,NOP,26,fg3_pct,0.3787610619469027,0.3728250485130323,0.31705651288163306,0.4177544105552363,2341
murraco01,Collin Murray-Boyles,TOR,21,fg3_pct,0.34,0.35339655189812036,0.27256934697785773,0.4092581565493802,1246
murrade01,Dejounte Murray,NOP,30,fg3_pct,0.3064516129032258,0.3391231861557706,0.23445359837321506,0.4119662026985733,389
murraja01,Jamal Murray,DEN,29,fg3_pct,0.4351687388987567,0.4168609950824234,0.3610924594510242,0.46179035712462746,2652
murrake02,Keegan Murray,SAC,26,fg3_pct,0.2767857142857143,0.3394902883078114,0.2348207005252559,0.41233330485061415,793
murrakr01,Kris Murray,POR,26,fg3_pct,0.2786885245901639,0.26565087827552564,0.18482367335526298,0.32151248292678547,1333
mykhasv01,Svi Mykhailiuk,UTA,29,fg3_pct,0.4083333333333333,0.379668997298221,0.2988417923779584,0.43553060194948084,1156
nancela02,Larry Nance Jr.,CLE,34,fg3_pct,0.3333333333333333,0.3877287207241926,0.2830591329416371,0.4605717372669954,449
nancepe01,Pete Nance,MIL,26,fg3_pct,0.42016806722689076,0.4096029084906065,0.30493332070805096,0.4824459250334092,737
nembhan01,Andrew Nembhard,IND,27,fg3_pct,0.3614864864864865,0.34239710891283887,0.2615699039925762,0.3982587135640987,1786
nembhry01,Ryan Nembhard,DAL,23,fg3_pct,0.35555555555555557,0.35798525489797706,0.2771580499777144,0.4138468595492369,1171
nesmiaa01,Aaron Nesmith,IND,27,fg3_pct,0.37906137184115524,0.40213217433912984,0.3213049694188672,0.4579937789903897,1335
newelas01,Asa Newell,ATL,21,fg3_pct,0.38666666666666666,0.3870659912427328,0.28239640346017725,0.45990900778553556,500
nnajize01,Zeke Nnaji,DEN,26,fg3_pct,0.25925925925925924,0.2981904506607853,0.19352086287822978,0.3710334672035881,626
nurkiju01,Jusuf Nurkić,UTA,32,fg3_pct,0.352112676056338,0.3103013612014113,0.20563177341885575,0.38314437774421406,1083
okogijo01,Josh Okogie,HOU,28,fg3_pct,0.38509316770186336,0.3619780206474338,0.28115081572717115,0.4178396252986936,1354
okongon01,Onyeka Okongwu,ATL,26,fg3_pct,0.37597911227154046,0.3608596698431397,0.3050911342117405,0.40578903188534377,2297
okorois01,Isaac Okoro,CHI,26,fg3_pct,0.33031674208144796,0.35686274736667717,0.2760355424464145,0.412724352017937,1695
olbrila01,Lachlan Olbrich,CHI,23,fg3_pct,0.10526315789473684,0.2494298752514587,0.14476028746890318,0.32227289179426144,344
olynyke01,Kelly Olynyk,SAS,35,fg3_pct,0.2553191489361702,0.3596993689459871,0.25502978116343156,0.43254238548878987,360
onealro01,Royce O'Neale,PHO,33,fg3_pct,0.4076923076923077,0.39329861972203806,0.3375300840906389,0.4382279817642421,2213
oubreke01,Kelly Oubre Jr.,PHI,31,fg3_pct,0.3598326359832636,0.3206830209959338,0.23985581607567116,0.37654462564719365,1574
payneca01,Cameron Payne,PHI,32,fg3_pct,0.32989690721649484,0.3644727754254609,0.2598031876429054,0.43731579196826365,374
paytoga02,Gary Payton II,GSW,34,fg3_pct,0.29133858267716534,0.31377886179250736,0.2329516568722447,0.3696404664437672,1142
peavymi01,Micah Peavy,NOP,25,fg3_pct,0.25925925925925924,0.2793463387059615,0.17467675092340595,0.35218935524876427,913
pendano01,Noah Penda,ORL,22,fg3_pct,0.3225806451612903,0.33968393885293086,0.23501435107037533,0.4125269553957336,757
peterta01,Taelon Peter,IND,24,fg3_pct,0.328,0.3346547204516401,0.22998513266908455,0.4074977369944428,492
phillju01,Julian Phillips,2TM,23,fg3_pct,0.3076923076923077,0.3255573519718375,0.22088776418928197,0.3984003685146402,428
pickeja02,Jalen Pickett,DEN,27,fg3_pct,0.3858267716535433,0.38602283250515235,0.2813532447225968,0.45886584904795513,807
plowdda01,Daeqwon Plowden,SAC,28,fg3_pct,0.3333333333333333,0.33761850873387,0.23294892095131448,0.4104615252766728,844
podzibr01,Brandin Podziemski,GSW,23,fg3_pct,0.3713592233009709,0.375221127773811,0.31945259214241184,0.42015048981601505,2333
poolejo01,Jordan Poole,NOP,27,fg3_pct,0.3333333333333333,0.35034378244690695,0.24567419466435142,0.4231867989897097,933
portecr01,Craig Porter Jr.,CLE,26,fg3_pct,0.3548387096774194,0.3728941944473868,0.2920669895271242,0.42875579909864664,1148
porteke02,Kevin Porter Jr.,MIL,26,fg3_pct,0.32167832167832167,0.3191193612938888,0.23829215637362614,0.3749809659451486,1261
portemi01,Michael Porter Jr.,BRK,28,fg3_pct,0.3628865979381443,0.3833357430591852,0.30250853813892253,0.43919734771044505,1689
portibo01,Bobby Portis,MIL,31,fg3_pct,0.4560810810810811,0.4143520372680341,0.3335248323477714,0.47021364191929393,1619
porzikr01,Kristaps Porziņģis,2TM,31,fg3_pct,0.3375,0.37226383854431433,0.2675942507617588,0.4451068550871171,769
postqu01,Quinten Post,GSW,26,fg3_pct,0.33574007220216606,0.3597570874919103,0.27892988257164764,0.41561869214317015,1159
pottemi01,Micah Potter,IND,28,fg3_pct,0.4226190476190476,0.3874657922527297,0.2827962044701742,0.4603088087955325,908
poulajo01,John Poulakidas,DAL,23,fg3_pct,0.4025974025974026,0.394282872101936,0.2896132843193805,0.4671258886447388,253
poweldr01,Drake Powell,BRK,21,fg3_pct,0.2802197802197802,0.2963076651710126,0.21548046025074993,0.3521692698222724,1320
poweldw01,Dwight Powell,DAL,35,fg3_pct,0.2857142857142857,0.34342705415727737,0.23875746637472184,0.41627007070008015,904
powelno01,Norman Powell,MIA,33,fg3_pct,0.3804878048780488,0.40081044563038815,0.3199832407101255,0.456672050281648,1717
princta02,Taurean Prince,MIL,32,fg3_pct,0.4357142857142857,0.4204286992985067,0.31575911151595115,0.49327171584130947,611
pritcpa01,Payton Pritchard,BOS,29,fg3_pct,0.37722419928825623,0.3869373875604126,0.33116885192901346,0.4318667496026167,2556
proctty01,Tyrese Proctor,CLE,22,fg3_pct,0.3511450381679389,0.36191535408373965,0.2572457663011841,0.43475837062654243,545
prospol01,Olivier-Maxence Prosper,MEM,24,fg3_pct,0.40540540540540543,0.36026503104333857,0.25559544326078304,0.4331080475861413,984
queende01,Derik Queen,NOP,22,fg3_pct,0.26136363636363635,0.29193268255502747,0.23616414692362828,0.3368620445972315,2023
quetane01,Neemias Queta,BOS,27,fg3_pct,0.125,0.2798770948259899,0.2241085591945907,0.3248064568681939,1926
quickim01,Immanuel Quickley,TOR,27,fg3_pct,0.3739495798319328,0.3793896802140439,0.3236211445826447,0.42431904225624795,2231
randlju01,Julius Randle,MIN,32,fg3_pct,0.315028901734104,0.32458116813246485,0.2688126325010657,0.3695105301746689,2610
raynama01,Maxime Raynaud,SAC,23,fg3_pct,0.32432432432432434,0.33487294307418947,0.2791044074427903,0.3798023051163935,1964
reathdu01,Duop Reath,POR,30,fg3_pct,0.41818181818181815,0.35788537094680967,0.25321578316425414,0.4307283874896124,258
reaveau01,Austin Reaves,LAL,28,fg3_pct,0.3597560975609756,0.36961560226651285,0.28878839734625017,0.4254772069177727,1762
reedpa01,Paul Reed,DET,27,fg3_pct,0.325,0.3363456372827946,0.23167604950023907,0.4091886538255973,901
reidna01,Naz Reid,MIN,27,fg3_pct,0.36160714285714285,0.37853529696987387,0.3227667613384747,0.4234646590120779,2007
richaja02,Jase Richardson,ORL,21,fg3_pct,0.35443037974683544,0.36258682776545326,0.25791723998289773,0.43542984430825604,587
richani01,Nick Richards,2TM,29,fg3_pct,0.2777777777777778,0.3061339593645838,0.2014643715820283,0.37897697590738655,701
richawi02,Will Richard,GSW,24,fg3_pct,0.33490566037735847,0.3389245659749717,0.25809736105470904,0.39478617062623156,1377
rileywi01,Will Riley,WAS,20,fg3_pct,0.3157894736842105,0.33531351635420015,0.2544863114339375,0.39117512100546,1633
risacza01,Zaccharie Risacher,ATL,21,fg3_pct,0.3682170542635659,0.3679147310826397,0.2870875261623771,0.42377633573389956,1503
robindu01,Duncan Robinson,DET,32,fg3_pct,0.41044776119402987,0.3999708672119127,0.3442023315805135,0.44490022925411676,2113
robinje02,Jeremiah Robinson-Earl,2TM,26,fg3_pct,0.24390243902439024,0.3239080445270352,0.21923845674447967,0.39675106106983793,361
rolliry01,Ryan Rollins,MIL,24,fg3_pct,0.40618101545253865,0.4060406068420166,0.35027207121061743,0.45096996888422064,2376
ruperra01,Rayan Rupert,2TM,22,fg3_pct,0.3235294117647059,0.33314478659704877,0.22847519881449324,0.4059878031398515,1072
russeda01,D'Angelo Russell,DAL,30,fg3_pct,0.29464285714285715,0.35503599979920647,0.25036641201665094,0.4278790163420092,495
ryanco01,Cormac Ryan,MIL,28,fg3_pct,0.4576271186440678,0.4307335662092433,0.3260639784266878,0.5035765827520461,271
sabondo01,Domantas Sabonis,SAC,30,fg3_pct,0.18518518518518517,0.37343593683987647,0.26876634905732094,0.4462789533826792,564
salauti01,Tidjane Salaün,CHO,21,fg3_pct,0.43373493975903615,0.34271833426534926,0.23804874648279373,0.41556135080815204,575
sandeko01,Kobe Sanders,LAC,24,fg3_pct,0.40816326530612246,0.4043801923214909,0.3235529874012283,0.46024179697275075,1351
santogu01,Gui Santos,GSW,24,fg3_pct,0.35135135135135137,0.34810126124521334,0.2672740563249507,0.4039628658964732,1395
sarafbe01,Ben Saraf,BRK,20,fg3_pct,0.2111111111111111,0.25813350329760015,0.15346391551504462,0.3309765198404029,916
sarral01,Alex Sarr,WAS,21,fg3_pct,0.3333333333333333,0.3260057490135616,0.24517854409329895,0.38186735366482144,1305
sassema01,Marcus Sasser,DET,26,fg3_pct,0.41509433962264153,0.3863280742457438,0.28165848646318825,0.45917109078854657,457
scheiba01,Baylor Scheierman,BOS,26,fg3_pct,0.3991769547325103,0.37963547620358984,0.2988082712833272,0.43549708085484967,1429
schrode01,Dennis Schröder,2TM,33,fg3_pct,0.32894736842105265,0.3438153356341896,0.2629881307139269,0.3996769402854494,1697
sengual01,Alperen Şengün,HOU,24,fg3_pct,0.3053435114503817,0.29178268563967474,0.23601415000827555,0.3367120476818788,2398
sensabr01,Brice Sensabaugh,UTA,23,fg3_pct,0.3665158371040724,0.3819927766245324,0.3011655717042697,0.43785438127579224,1762
sextoco01,Collin Sexton,2TM,28,fg3_pct,0.4014336917562724,0.40052061532911626,0.3196934104088536,0.4563822199803761,1614
shamela01,Landry Shamet,NYK,29,fg3_pct,0.3916349809885932,0.37875974581231436,0.2979325408920517,0.4346213504635742,1171
shannte01,Terrence Shannon Jr.,MIN,26,fg3_pct,0.40789473684210525,0.38768777918716585,0.2830181914046103,0.4605307957299686,538
sharpda01,Day'Ron Sharpe,BRK,25,fg3_pct,0.23076923076923078,0.2688303580568954,0.18800315313663277,0.32469196270815526,1160
sharpsh01,Shaedon Sharpe,POR,23,fg3_pct,0.3366013071895425,0.3268988839362974,0.24607167901603474,0.38276048858755723,1471
sheadja01,Jamal Shead,TOR,24,fg3_pct,0.32061068702290074,0.3249530015020098,0.2691844658706106,0.36988236354421383,1852
sheppbe01,Ben Sheppard,IND,25,fg3_pct,0.3620689655172414,0.34847152893504235,0.26764432401477967,0.4043331335863022,1390
sheppre01,Reed Sheppard,HOU,22,fg3_pct,0.3940972222222222,0.3933556722668509,0.3375871366354517,0.43828503430905497,2147
siakapa01,Pascal Siakam,IND,32,fg3_pct,0.3583617747440273,0.3660919046833064,0.31032336905190716,0.4110212667255104,2057
simonan01,Anfernee Simons,2TM,27,fg3_pct,0.38522427440633245,0.374344261375263,0.29351705645500037,0.43020586602652283,1372
simpskj01,KJ Simpson,2TM,24,fg3_pct,0.3,0.2814901054630398,0.1768205176804843,0.35433312200584255,257
slawsja01,Jalen Slawson,IND,27,fg3_pct,0.375,0.36883793156478833,0.2641683437822328,0.44168094810759106,311
smallja01,Javon Small,MEM,24,fg3_pct,0.4225352112676056,0.41498505006247005,0.3103154622799145,0.4878280666052728,830
smartma01,Marcus Smart,LAL,32,fg3_pct,0.3310580204778157,0.33264964271801867,0.25182243779775604,0.3885112473692785,1769
smithdr01,Dru Smith,MIA,29,fg3_pct,0.29457364341085274,0.33312659744219786,0.25229939252193523,0.3889882020934577,1141
smithja04,Jalen Smith,CHI,26,fg3_pct,0.37272727272727274,0.3633233776900449,0.2586537899074894,0.43616639423284764,1095
smithja05,Jabari Smith Jr.,HOU,23,fg3_pct,0.36270491803278687,0.3623784497105444,0.3066099140791452,0.40730781175274844,2705
smithma02,Malachi Smith,BRK,27,fg3_pct,0.43478260869565216,0.4085876983132864,0.30391811053073087,0.4814307148560891,359
smithni01,Nick Smith Jr.,LAL,22,fg3_pct,0.3953488372093023,0.3792341131412806,0.27456452535872505,0.4520771296840833,375
sochaje01,Jeremy Sochan,2TM,23,fg3_pct,0.24444444444444444,0.30402463339125524,0.1993550456086997,0.37686764993405797,469
spencca01,Cam Spencer,MEM,26,fg3_pct,0.4492307692307692,0.4342913301831253,0.35346412526286264,0.49015293483438516,1714
spencpa01,Pat Spencer,GSW,30,fg3_pct,0.35714285714285715,0.34526918098699816,0.2644419760667355,0.401130785638258,1229
stewais01,Isaiah Stewart,DET,25,fg3_pct,0.3333333333333333,0.3532588744629109,0.2724316695426482,0.4091204791141707,1317
strawju01,Julian Strawther,DEN,24,fg3_pct,0.38666666666666666,0.35406543992739803,0.2493958521448425,0.4269084564702008,861
strusma01,Max Strus,CLE,30,fg3_pct,0.4024390243902439,0.369543813578173,0.2648742257956175,0.4423868301209758,288
suggsja01,Jalen Suggs,ORL,25,fg3_pct,0.3388888888888889,0.35196939866417487,0.27114219374391224,0.4078310033154347,1574
tateja01,Jae'Sean Tate,HOU,31,fg3_pct,0.3125,0.3208127287397666,0.21614314095721104,0.3936557452825693,405
tatumja01,Jayson Tatum,BOS,28,fg3_pct,0.32867132867132864,0.3537508340666964,0.24908124628414086,0.42659385060949917,522
terryda01,Dalen Terry,2TM,24,fg3_pct,0.36363636363636365,0.3343761903576434,0.22970660257508785,0.4072192069004461,551
thomaca02,Cam Thomas,2TM,25,fg3_pct,0.30952380952380953,0.3456803887416062,0.2410108009590507,0.418523405284409,881
thompam01,Amen Thompson,HOU,24,fg3_pct,0.21551724137931033,0.23749010554577218,0.181721569914373,0.2824194675879762,2953
thompau01,Ausar Thompson,DET,24,fg3_pct,0.25,0.23401297786810563,0.17824444223670644,0.2789423399103097,1896
thompet01,Ethan Thompson,IND,27,fg3_pct,0.3275862068965517,0.33249121621003797,0.22782162842748244,0.40533423275284075,653
thompkl01,Klay Thompson,DAL,36,fg3_pct,0.38330170777988615,0.39421086779839704,0.31338366287813435,0.45007247244965687,1497
thybuma01,Matisse Thybulle,POR,29,fg3_pct,0.3978494623655914,0.3729232772367478,0.26825368945419226,0.44576629377955057,480
tomlina01,Nae'Qwan Tomlin,CLE,26,fg3_pct,0.23478260869565218,0.255938574334437,0.15126898655188148,0.3287815908772398,1004
toppiob01,Obi Toppin,IND,28,fg3_pct,0.3523809523809524,0.37474207600607173,0.2700724882235162,0.44758509254887446,424
townska01,Karl-Anthony Towns,NYK,31,fg3_pct,0.36807817589576547,0.3925065869705027,0.3367380513391035,0.43743594901270677,2322
traorno01,Nolan Traoré,BRK,20,fg3_pct,0.3177083333333333,0.3380288182572173,0.2572016133369547,0.39389042290847714,1243
trentga02,Gary Trent Jr.,MIL,28,fg3_pct,0.35964912280701755,0.3897665162903728,0.3089393113701101,0.4456281209416326,1377
turnemy01,Myles Turner,MIL,30,fg3_pct,0.3828125,0.3801279806910366,0.32435944505963743,0.42505734273324064,1912
tysonja01,Jaylon Tyson,CLE,24,fg3_pct,0.4463087248322148,0.4293508206876802,0.3485236157674175,0.48521242533894005,1777
valanjo01,Jonas Valančiūnas,DEN,34,fg3_pct,0.3076923076923077,0.29515597292501444,0.1904863851424589,0.3679989894678172,871
vandeja01,Jarred Vanderbilt,LAL,27,fg3_pct,0.29292929292929293,0.3005474321487308,0.21972022722846815,0.35640903679999064,1128
vassede01,Devin Vassell,SAS,26,fg3_pct,0.38425925925925924,0.37500423797885235,0.31923570234745313,0.4199336000210564,2044
vincega01,Gabe Vincent,2TM,30,fg3_pct,0.34104046242774566,0.34725197987109835,0.24258239208854282,0.42009499641390113,879
vucevni01,Nikola Vučević,2TM,36,fg3_pct,0.36900369003690037,0.36891012934783435,0.28808292442757166,0.4247717339990942,1818
vukcetr01,Tristan Vukcevic,WAS,23,fg3_pct,0.3472222222222222,0.35845877280341565,0.2537891850208601,0.43130178934621843,671
wadede01,Dean Wade,CLE,30,fg3_pct,0.3622448979591837,0.36690027441894346,0.28607306949868083,0.4227618790702033,1318
wagnefr01,Franz Wagner,ORL,25,fg3_pct,0.34532374100719426,0.3059372554941303,0.20126766771157478,0.3787802720369331,1019
wagnemo01,Moritz Wagner,ORL,29,fg3_pct,0.3142857142857143,0.3337938887511355,0.22912430096858,0.40663690529393826,427
walkeja01,Jabari Walker,PHI,24,fg3_pct,0.3368421052631579,0.33853857868900505,0.23386899090644953,0.41138159523180784,762
walkeja02,Jarace Walker,IND,23,fg3_pct,0.37359550561797755,0.38465696632107804,0.3288884306896789,0.4295863283632821,1953
wallaca01,Cason Wallace,OKC,23,fg3_pct,0.3506944444444444,0.3695690187058919,0.3138004830744927,0.414498380748096,2046
wallake01,Keaton Wallace,ATL,27,fg3_pct,0.37254901960784315,0.3554810392523185,0.25081145146976297,0.42832405579512123,536
walshjo01,Jordan Walsh,BOS,22,fg3_pct,0.384,0.3650297353376497,0.2842025304173871,0.42089133998890954,1212
walteja01,Ja'Kobe Walter,TOR,22,fg3_pct,0.40892193308550184,0.39558077049739016,0.3147535655771275,0.45144237514865,1474
wareke01,Kel'el Ware,MIA,22,fg3_pct,0.3948497854077253,0.3813580819342225,0.30053087701395986,0.4372196865854823,1704
washipj01,P.J. Washington,DAL,28,fg3_pct,0.3247863247863248,0.3407048095482481,0.2598776046279855,0.39656641419950794,1736
waterli01,Lindy Waters III,SAS,29,fg3_pct,0.34177215189873417,0.3573813638259605,0.25271177604340495,0.4302243803687632,285
watfotr01,Trendon Watford,PHI,26,fg3_pct,0.2,0.31290238377848306,0.20823279599592753,0.3857454003212858,864
watkija01,Jamir Watkins,WAS,25,fg3_pct,0.2974683544303797,0.307456754343543,0.2027871665609875,0.3802997708863458,1032
watsope01,Peyton Watson,DEN,24,fg3_pct,0.41116751269035534,0.3697078212743584,0.2888806163540958,0.42556942592561825,1598
wellsja01,Jaylen Wells,MEM,23,fg3_pct,0.35342465753424657,0.35472470894748576,0.2738975040272231,0.4105863135987456,1821
wembavi01,Victor Wembanyama,SAS,23,fg3_pct,0.3485714285714286,0.34585646365332307,0.29008792802192385,0.3907858256955271,1866
weslebl01,Blake Wesley,POR,23,fg3_pct,0.2777777777777778,0.28469761365434143,0.1800280258717859,0.3575406301971442,361
westbru01,Russell Westbrook,SAC,38,fg3_pct,0.33773087071240104,0.3124238850350727,0.2566553494036735,0.3573532470772767,1853
whiteco01,Coby White,2TM,26,fg3_pct,0.36163522012578614,0.36857879648894765,0.287751591568685,0.4244404011402075,1249
whitede01,Derrick White,BOS,32,fg3_pct,0.3265625,0.36085188324014933,0.3050833476087501,0.4057812452823534,2625
whitmca01,Cam Whitmore,WAS,22,fg3_pct,0.2857142857142857,0.35544351824754833,0.2507739304649928,0.42828653479035106,354
wiggiaa01,Aaron Wiggins,OKC,28,fg3_pct,0.35555555555555557,0.3848397572579536,0.304012552337691,0.44070136190921344,1414
wiggian01,Andrew Wiggins,MIA,31,fg3_pct,0.4144144144144144,0.3827238183381358,0.32695528270673657,0.42765318038033984,2063
willibr03,Brandon Williams,DAL,27,fg3_pct,0.23225806451612904,0.28054486152100194,0.19971765660073929,0.3364064661722618,1463
willico04,Cody Williams,UTA,22,fg3_pct,0.21374045801526717,0.25514290690108016,0.1743157019808175,0.31100451155234,1631
willigr01,Grant Williams,CHO,28,fg3_pct,0.3880597014925373,0.3780918297321626,0.27342224194960707,0.4509348462749654,711
willija06,Jalen Williams,OKC,25,fg3_pct,0.2987012987012987,0.3738736370488119,0.26920404926625635,0.4467166535916146,936
willija07,Jaylin Williams,OKC,24,fg3_pct,0.3828125,0.38449789416543667,0.30367068924517404,0.4403594988166965,1277
willike04,Kenrich Williams,OKC,32,fg3_pct,0.3875968992248062,0.38677134167126853,0.282101753888713,0.45961435821407126,855
willima07,Mark Williams,PHO,25,fg3_pct,1.0,0.34399121242302727,0.2631640075027646,0.3998528170742871,1416
willipa01,Patrick Williams,CHI,25,fg3_pct,0.3467153284671533,0.35880509394054877,0.2779778890202861,0.4146666985918086,1474
williro04,Robert Williams,POR,29,fg3_pct,0.391304347826087,0.37078385816321496,0.26611427038065943,0.4436268747060177,1008
willivi01,Vince Williams Jr.,2TM,26,fg3_pct,0.3107344632768362,0.3271062825806541,0.22243669479809858,0.3999492991234569,820
willizi01,Zion Williamson,NOP,26,fg3_pct,0.25,0.31759924184950383,0.26183070621810467,0.3625286038917079,1841
willizi02,Ziaire Williams,BRK,25,fg3_pct,0.3426294820717131,0.3379436603481154,0.2571164554278528,0.39380526499937524,1281
wilsoja03,Jalen Wilson,BRK,26,fg3_pct,0.35526315789473684,0.3418963782497604,0.23722679046720485,0.41473939479256317,859
wolfda01,Danny Wolf,BRK,22,fg3_pct,0.3222748815165877,0.3354972182002426,0.25467001327997996,0.3913588228515024,1187
yabusgu01,Guerschon Yabusele,2TM,31,fg3_pct,0.3520408163265306,0.36148997465065547,0.25682038686809994,0.43433299119345825,1007
yangha01,Yang Hansen,POR,21,fg3_pct,0.11904761904761904,0.2135988573763427,0.10892926959378718,0.28644187391914544,300
youngtr01,Trae Young,2TM,28,fg3_pct,0.3375,0.3516220753227818,0.24695248754022625,0.42446509186558457,384
achiupr01,Precious Achiuwa,SAC,27,fg3a_rate,0.162,0.1899601117035774,0.09145175255564116,0.30243401628620514,1745
adamsst01,Steven Adams,HOU,33,fg3a_rate,0.0,0.12178692889314924,-0.0046084716012697036,0.25678291559228483,730
adebaba01,Bam Adebayo,MIA,29,fg3a_rate,0.349,0.25064754705932046,0.16569650638457012,0.34637295832453874,2365
agbajoc01,Ochai Agbaji,2TM,26,fg3a_rate,0.457,0.4809826271140954,0.35458722661967645,0.615978613813231,973
aldamsa01,Santi Aldama,MEM,26,fg3a_rate,0.42,0.49067496436845215,0.3921666052205159,0.6031488689510799,1198
alexani01,Nickeil Alexander-Walker,ATL,28,fg3a_rate,0.526,0.5761539866810601,0.49120294600630976,0.6718793979462784,2603
allengr01,Grayson Allen,PHO,31,fg3a_rate,0.682,0.678411546681235,0.5799031875332988,0.7908854512638628,1467
allenja01,Jarrett Allen,CLE,28,fg3a_rate,0.019,0.05494313459433056,-0.04356522455360569,0.1674170391769583,1519
alvarjo01,Jose Alvarado,2TM,28,fg3a_rate,0.639,0.6210232066071006,0.5225148474591644,0.7334971111897284,1370
anderky01,Kyle Anderson,3TM,33,fg3a_rate,0.054,0.18442237090351388,0.058026970409094936,0.31941835760264947,853
antetgi01,Giannis Antetokounmpo,MIL,32,fg3a_rate,0.075,0.09445485045388732,-0.03194055004053162,0.22945083715302295,1039
anthoco01,Cole Anthony,MIL,26,fg3a_rate,0.312,0.3825570306256531,0.25616163013123416,0.5175530173247888,527
anunoog01,OG Anunoby,NYK,29,fg3a_rate,0.506,0.48910326063786824,0.4041522199631179,0.5848286719030865,2224
avdijde01,Deni Avdija,POR,26,fg3a_rate,0.369,0.378493524868118,0.29354248419336765,0.47421893613333627,2199
aytonde01,Deandre Ayton,LAL,28,fg3a_rate,0.0,0.06635068098143347,-0.018600359693316873,0.16207609224665176,1958
baglema01,Marvin Bagley III,2TM,27,fg3a_rate,0.127,0.15218746543942632,0.05367910629149007,0.26466137002205403,1201
baileac01,Ace Bailey,UTA,20,fg3a_rate,0.446,0.44725250000023603,0.3623014593254857,0.5429779112654542,1988
ballla01,LaMelo Ball,CHO,25,fg3a_rate,0.595,0.5681603200027219,0.48320927932797153,0.6638857312679401,2017
balllo01,Lonzo Ball,CLE,29,fg3a_rate,0.835,0.759280496790194,0.632885096295775,0.8942764834893296,728
banchpa01,Paolo Banchero,ORL,24,fg3a_rate,0.239,0.27514991762552016,0.1901988769507698,0.37087532889073843,2502
banede01,Desmond Bane,ORL,28,fg3a_rate,0.354,0.41613585644829904,0.3311848157735487,0.5118612677135173,2756
barlodo01,Dominick Barlow,PHI,23,fg3a_rate,0.206,0.22961760882699334,0.13110924967905707,0.3420915134096211,1689
barneha02,Harrison Barnes,SAS,34,fg3a_rate,0.623,0.570548567376546,0.4855975267017957,0.6662739786417643,1986
barnesc01,Scottie Barnes,TOR,25,fg3a_rate,0.199,0.26810429187718443,0.1831532512024341,0.3638297031424027,2681
barnhbr01,Brooks Barnhizer,OKC,24,fg3a_rate,0.338,0.39197919176390406,0.2655837912694851,0.5269751784630397,348
barrerj01,RJ Barrett,TOR,26,fg3a_rate,0.347,0.3353210957286896,0.23681273658075336,0.44779500031131736,1726
battlja01,Jamison Battle,TOR,25,fg3a_rate,0.586,0.6610568100459578,0.534661409551539,0.7960527967450934,517
batumni01,Nicolas Batum,LAC,38,fg3a_rate,0.958,0.8408110094163004,0.7423026502683642,0.9532849139989281,1295
berinjo01,Joan Beringer,MIN,20,fg3a_rate,0.0,0.19720479403946492,0.07080939354504598,0.33220078073860054,314
beysa01,Saddiq Bey,NOP,27,fg3a_rate,0.426,0.46145953714193505,0.3765084964671847,0.5571849484071534,2246
bitadgo01,Goga Bitadze,ORL,27,fg3a_rate,0.049,0.12056820919720518,-0.005827191297213763,0.25556419589634083,972
blackan01,Anthony Black,ORL,23,fg3a_rate,0.389,0.3697370306771556,0.28478599000240523,0.46546244194237385,1910
blackle01,Leaky Black,WAS,27,fg3a_rate,0.534,0.47736726785751177,0.3509718673630928,0.6123632545566474,433
bogdabo01,Bogdan Bogdanović,LAC,34,fg3a_rate,0.625,0.5941240914556153,0.46772869096119635,0.7291200781547509,452
bonaad01,Adem Bona,PHI,23,fg3a_rate,0.027,0.09636843710336074,-0.0021399220445755124,0.20884234168598848,1234
bookede01,Devin Booker,PHO,30,fg3a_rate,0.309,0.35560255914172534,0.270651518466975,0.4513279704069436,2146
bouyeja01,Jamaree Bouyea,PHO,27,fg3a_rate,0.331,0.3643002815553777,0.23790488106095875,0.49929626825451334,644
bradlto01,Tony Bradley,2TM,29,fg3a_rate,0.034,0.21201260807519928,0.08561720758078034,0.3470085947743349,450
branhma01,Malaki Branham,WAS,23,fg3a_rate,0.407,0.4306383145687703,0.30424291407435133,0.5656343012679059,275
braunch01,Christian Braun,DEN,25,fg3a_rate,0.368,0.33774939652571123,0.23924103737777497,0.45022330110833897,1399
bridgmi01,Mikal Bridges,NYK,30,fg3a_rate,0.436,0.43892253257351466,0.3539714918987643,0.5346479438387329,2692
bridgmi02,Miles Bridges,CHO,28,fg3a_rate,0.427,0.42961622149359346,0.3446651808188431,0.5253416327588117,2387
brookdi01,Dillon Brooks,PHO,31,fg3a_rate,0.385,0.4615590978133239,0.3630507386653876,0.5740330023959517,1702
brownbr01,Bruce Brown,DEN,30,fg3a_rate,0.284,0.3012453115271056,0.21629427085235525,0.39697072279232387,1998
brownja02,Jaylen Brown,BOS,30,fg3a_rate,0.262,0.30960688660076296,0.22465584592601262,0.40533229786598124,2443
brownko01,Kobe Brown,2TM,27,fg3a_rate,0.513,0.48968651940274416,0.3632911189083252,0.6246825061018798,963
brunsja01,Jalen Brunson,NYK,30,fg3a_rate,0.358,0.3540751819558212,0.26912414128107087,0.4498005932210395,2590
bryanca01,Carter Bryant,SAS,21,fg3a_rate,0.585,0.5573892561918786,0.4309938556974597,0.6923852428910142,818
bryanth01,Thomas Bryant,CLE,29,fg3a_rate,0.491,0.4440182182646225,0.31762281777020357,0.5790142049637581,732
burtoty01,Tyler Burton,MEM,26,fg3a_rate,0.589,0.5264872389581727,0.4000918384637538,0.6614832256573083,307
butleji01,Jimmy Butler,GSW,37,fg3a_rate,0.184,0.233835097104123,0.13532673795618677,0.3463090016867507,1182
buzelma01,Matas Buzelis,CHI,22,fg3a_rate,0.514,0.504684412222312,0.41973337154756163,0.6004098234875302,2248
cainja01,Jamal Cain,ORL,27,fg3a_rate,0.48,0.47530485985786836,0.3489094593634494,0.610300846557004,486
caldwke01,Kentavious Caldwell-Pope,MEM,33,fg3a_rate,0.475,0.5496817388004849,0.42328633830606593,0.6846777254996205,1088
camarto01,Toumani Camara,POR,26,fg3a_rate,0.664,0.5751663642771082,0.49021532360235787,0.6708917755423265,2731
capelca01,Clint Capela,HOU,32,fg3a_rate,0.009,0.05347337615246148,-0.07292202434195746,0.1884693628515971,926
cardwdy01,Dylan Cardwell,SAC,25,fg3a_rate,0.022,0.1654977663210097,0.03910236582659077,0.30049375302014536,907
carlsbr01,Branden Carlson,OKC,27,fg3a_rate,0.462,0.4580970277331778,0.33170162723875884,0.5930930144323134,488
carrica01,Bub Carrington,WAS,21,fg3a_rate,0.559,0.5580667279885944,0.473115687313844,0.6537921392538126,2271
cartede02,Devin Carter,SAC,24,fg3a_rate,0.39,0.4256783222724947,0.29928292177807575,0.5606743089716303,700
carteje01,Jevon Carter,2TM,31,fg3a_rate,0.7,0.6622428224072954,0.5358474219128764,0.797238809106431,867
cartewe01,Wendell Carter Jr.,ORL,27,fg3a_rate,0.355,0.3691100445520098,0.28415900387725945,0.46483545581722807,2288
carusal01,Alex Caruso,OKC,32,fg3a_rate,0.603,0.588496018263443,0.46210061776902406,0.7234920049625786,1020
castlst01,Stephon Castle,SAS,22,fg3a_rate,0.299,0.3293837361437588,0.24443269546900848,0.4251091474089771,2038
champju01,Justin Champagnie,WAS,25,fg3a_rate,0.359,0.4226209644826711,0.32411260533473485,0.5350948690652988,1377
champju02,Julian Champagnie,SAS,25,fg3a_rate,0.743,0.7257622208276847,0.6408111801529344,0.821487632092903,2266
chandke01,Kennedy Chandler,UTA,24,fg3a_rate,0.277,0.3420632981070384,0.21566789761261945,0.477059284806174,355
chrisca02,Cam Christie,LAC,21,fg3a_rate,0.353,0.3904351241952409,0.26403972370082196,0.5254311108943766,480
chrisma02,Max Christie,DAL,23,fg3a_rate,0.615,0.5673728575282606,0.48242181685351027,0.6630982687934789,2244
cissemo01,Moussa Cisse,DAL,24,fg3a_rate,0.0,0.18905703181701705,0.06266163132259811,0.32405301851615265,530
cissosi01,Sidy Cissoko,POR,22,fg3a_rate,0.593,0.5633646786777577,0.4648563195298215,0.6758385832603855,1435
clarkja02,Jaylen Clark,MIN,25,fg3a_rate,0.443,0.4493641197044189,0.32296871921,0.5843601064035545,888
clarkjo01,Jordan Clarkson,NYK,34,fg3a_rate,0.407,0.4312730308989321,0.33276467175099583,0.5437469354815598,1279
claxtni01,Nic Claxton,BRK,27,fg3a_rate,0.033,0.061831306974054215,-0.02311973370069613,0.15755671823927248,1920
claytwa01,Walter Clayton,2TM,23,fg3a_rate,0.529,0.5155664040844021,0.41705804493646587,0.6280403086670299,1410
cliffni01,Nique Clifford,SAC,24,fg3a_rate,0.388,0.4035563206182573,0.31860527994350696,0.4992817318834756,1882
clingdo01,Donovan Clingan,POR,22,fg3a_rate,0.36,0.31640425248551396,0.23145321181076361,0.41212966375073223,2094
clownno01,Noah Clowney,BRK,22,fg3a_rate,0.621,0.6199353757549599,0.5214270166070237,0.7324092803375877,1780
coffeam01,Amir Coffey,2TM,29,fg3a_rate,0.434,0.49718621871268637,0.3707908182182674,0.632182205411822,490
colliis01,Isaiah Collier,UTA,22,fg3a_rate,0.194,0.26604695986894766,0.1675386007210114,0.3785208644515754,1517
collijo01,John Collins,LAC,29,fg3a_rate,0.332,0.33393654279824325,0.2489855021234929,0.4296619540634615,1872
conlemi01,Mike Conley,MIN,39,fg3a_rate,0.772,0.6580355644917705,0.5316401639973516,0.7930315511909061,991
connapa01,Pat Connaughton,CHO,34,fg3a_rate,0.612,0.5833320053094951,0.4569366048150762,0.7183279920086307,297
coopesh01,Sharife Cooper,WAS,25,fg3a_rate,0.308,0.35194093648538693,0.225545535990968,0.48693692318452253,700
coulibi01,Bilal Coulibaly,WAS,22,fg3a_rate,0.377,0.3891758100730603,0.290667450925124,0.501649714655688,1468
cowarce01,Cedric Coward,MEM,23,fg3a_rate,0.424,0.42739528819075623,0.32888692904281996,0.539869192773384,1598
cryerlj01,LJ Cryer,GSW,25,fg3a_rate,0.803,0.6553617477540236,0.5289663472596047,0.7903577344531592,292
cunnica01,Cade Cunningham,DET,25,fg3a_rate,0.308,0.3149933044931279,0.23004226381837756,0.4107187157583462,2172
curryst01,Stephen Curry,GSW,38,fg3a_rate,0.606,0.6427880223604056,0.5442796632124693,0.7552619269430333,1329
daniedy01,Dyson Daniels,ATL,23,fg3a_rate,0.151,0.24063247869793966,0.15568143802318932,0.33635788996315796,2520
dasiltr01,Tristan Da Silva,ORL,25,fg3a_rate,0.518,0.5183074904295841,0.4333564497548338,0.6140329016948024,1899
davisan02,Anthony Davis,DAL,33,fg3a_rate,0.111,0.1410870740275937,0.01469167353317477,0.27608306072672933,626
demineg01,Egor Dëmin,BRK,20,fg3a_rate,0.717,0.6725632383314487,0.5740548791835125,0.7850371429140764,1308
derozde01,DeMar DeRozan,SAC,37,fg3a_rate,0.146,0.2172317055422176,0.13228066486746726,0.3129571168074359,2406
diabamo01,Moussa Diabaté,CHO,25,fg3a_rate,0.006,0.07953581327318217,-0.005415227401568176,0.17526122453840043,1899
diawamo01,Mohamed Diawara,NYK,21,fg3a_rate,0.61,0.5679665348569949,0.44157113436257595,0.7029625215561305,634
dickgr01,Gradey Dick,TOR,23,fg3a_rate,0.484,0.5043690490309054,0.37797364853648646,0.639365035730041,1067
diengou01,Ousmane Dieng,2TM,23,fg3a_rate,0.465,0.4933564394508328,0.39484808030289653,0.6058303440334605,1099
dilliro01,Rob Dillingham,2TM,22,fg3a_rate,0.323,0.34863679204653525,0.2222413915521163,0.4836327787456709,970
divindo01,Donte DiVincenzo,MIN,30,fg3a_rate,0.771,0.7403804249932033,0.655429384318453,0.8361058362584216,2494
doncilu01,Luka Dončić,LAL,27,fg3a_rate,0.476,0.47614705294720544,0.3911960122724551,0.5718724642124238,2289
dortlu01,Luguentz Dort,OKC,27,fg3a_rate,0.71,0.6709681695745555,0.5860171288998052,0.7666935808397738,1849
dosunay01,Ayo Dosunmu,2TM,27,fg3a_rate,0.375,0.4076726342601991,0.3227215935854488,0.5033980455254174,1881
drumman01,Andre Drummond,PHI,33,fg3a_rate,0.267,0.17766913076052035,0.0791607716125841,0.2901430353431481,1231
dunnkr01,Kris Dunn,LAC,32,fg3a_rate,0.449,0.46469895299933184,0.3797479123245815,0.5604243642645501,2230
dunnry01,Ryan Dunn,PHO,24,fg3a_rate,0.467,0.5133894715811594,0.4148811124332232,0.6258633761637872,1355
duranke01,Kevin Durant,HOU,38,fg3a_rate,0.327,0.35520485500488763,0.2702538143301373,0.4509302662701059,2840
durenja01,Jalen Duren,DET,23,fg3a_rate,0.0,0.027263020334320015,-0.05768802034043033,0.12298843159953829,1976
easonta01,Tari Eason,HOU,25,fg3a_rate,0.448,0.4018980951494283,0.30338973600149205,0.514371999732056,1549
edeyza01,Zach Edey,MEM,24,fg3a_rate,0.051,0.16702874641450355,0.04063334592008461,0.3020247331136392,284
edgecvj01,VJ Edgecombe,PHI,21,fg3a_rate,0.409,0.4234652520651952,0.33851421139044485,0.5191906633304135,2623
edwaran01,Anthony Edwards,MIN,25,fg3a_rate,0.418,0.4451116704476925,0.36016062977294216,0.5408370817129108,2137
edwarju01,Justin Edwards,PHI,23,fg3a_rate,0.563,0.5239217851986352,0.39752638470421625,0.6589177718977708,977
elliske01,Keon Ellis,2TM,27,fg3a_rate,0.654,0.6685195709670365,0.5700112118191003,0.7809934755496643,1478
embiijo01,Joel Embiid,PHI,32,fg3a_rate,0.228,0.23355735623121426,0.135048997083278,0.346031260813842,1201
etienty01,Tyson Etienne,BRK,27,fg3a_rate,0.745,0.6333754645416775,0.5069800640472586,0.7683714512408131,380
eubandr01,Drew Eubanks,SAC,29,fg3a_rate,0.045,0.10685231003807061,-0.019543090456348333,0.24184829673720623,552
fearsje01,Jeremiah Fears,NOP,20,fg3a_rate,0.304,0.3166771775064609,0.23172613683171056,0.4124025887716792,2112
filipky01,Kyle Filipowski,UTA,23,fg3a_rate,0.347,0.3844414321156334,0.28593307296769715,0.49691533669826116,1801
finnedo01,Dorian Finney-Smith,HOU,33,fg3a_rate,0.758,0.69305069708559,0.5666552965911711,0.8280466837847256,620
flaggco01,Cooper Flagg,DAL,20,fg3a_rate,0.204,0.22209547001875965,0.1371444293440093,0.3178208812839779,2344
flemira01,Rasheer Fleming,PHO,22,fg3a_rate,0.605,0.5575193538556916,0.4311239533612727,0.6925153405548272,673
fontesi01,Simone Fontecchio,MIA,31,fg3a_rate,0.696,0.6400439672694639,0.5415356081215277,0.7525178718520916,1173
foxde01,De'Aaron Fox,SAS,29,fg3a_rate,0.377,0.3792153393239,0.29426429864914966,0.4749407505891183,2231
furphjo01,Johnny Furphy,IND,22,fg3a_rate,0.477,0.48217028190755623,0.3557748814131373,0.6171662686066919,643
gaffoda01,Daniel Gafford,DAL,28,fg3a_rate,0.0,0.057191660243051945,-0.041316698904884305,0.16966556482567968,1195
gardnmy01,Myron Gardner,MIA,25,fg3a_rate,0.52,0.49321532947215563,0.3668199289777367,0.6282113161712912,411
garlada01,Darius Garland,2TM,27,fg3a_rate,0.458,0.45640978338964877,0.3579014242417125,0.5688836879722765,1344
garzalu01,Luka Garza,BOS,28,fg3a_rate,0.356,0.38942839585711914,0.29092003670918287,0.5019023004397469,1118
georgke01,Keyonte George,UTA,23,fg3a_rate,0.41,0.49136152591934035,0.3928531667714041,0.6038354305019681,1786
georgky01,Kyshawn George,WAS,23,fg3a_rate,0.451,0.5309374914421973,0.432429132294261,0.643411396024825,1391
georgpa01,Paul George,PHI,36,fg3a_rate,0.497,0.49439546751919755,0.3958871083712613,0.6068693721018252,1135
giddejo01,Josh Giddey,CHI,24,fg3a_rate,0.395,0.36454585614707297,0.2660374969991367,0.4770197607297007,1731
gilgesh01,Shai Gilgeous-Alexander,OKC,28,fg3a_rate,0.226,0.25504099729900354,0.1700899566242532,0.3507664085642218,2259
gillan01,Anthony Gill,WAS,34,fg3a_rate,0.223,0.3004450120603391,0.17404961156592014,0.43544099875947473,951
gilleco01,Collin Gillespie,PHO,27,fg3a_rate,0.686,0.661142874682349,0.5761918340075987,0.7568682859475673,2282
goberru01,Rudy Gobert,MIN,34,fg3a_rate,0.01,0.047346171644100044,-0.0376048690306503,0.14307158290931832,2380
gonzahu01,Hugo González,BOS,20,fg3a_rate,0.472,0.46114109527715896,0.33474569478274,0.5961370819762946,1084
goodwjo01,Jordan Goodwin,PHO,28,fg3a_rate,0.544,0.505735294058209,0.4072269349102728,0.6182091986408368,1572
gordoaa01,Aaron Gordon,DEN,31,fg3a_rate,0.394,0.3253980222537974,0.19900262175937844,0.46039400895293303,1005
grantje01,Jerami Grant,POR,32,fg3a_rate,0.479,0.45551741341042074,0.35700905426248447,0.5679913179930485,1695
greenaj01,A.J. Green,MIL,27,fg3a_rate,0.896,0.856447578617188,0.7714965379424377,0.9521729898824063,2270
greendr01,Draymond Green,GSW,36,fg3a_rate,0.631,0.5300464519411748,0.4450954112664245,0.6257718632063931,1869
greenja02,Javonte Green,DET,33,fg3a_rate,0.597,0.5604766446817666,0.46196828553383035,0.6729505492643943,1446
greenja05,Jalen Green,PHO,24,fg3a_rate,0.443,0.4654116847404525,0.3390162842460336,0.6004076714395882,828
greenjo02,Josh Green,CHO,26,fg3a_rate,0.762,0.5977876005168972,0.4713922000224782,0.7327835872160328,908
grimequ01,Quentin Grimes,PHI,26,fg3a_rate,0.503,0.541742379354815,0.4567913386800646,0.6374677906200332,2206
gueyemo02,Mouhamed Gueye,ATL,24,fg3a_rate,0.448,0.4615668929328266,0.36305853378489034,0.5740407975154543,1179
hachiru01,Rui Hachimura,LAL,28,fg3a_rate,0.439,0.431669746741909,0.34671870606715866,0.5273951580071272,1927
hardati02,Tim Hardaway Jr.,DEN,34,fg3a_rate,0.706,0.6727442011815787,0.5877931605068284,0.768469612446797,2127
hardeja01,James Harden,2TM,37,fg3a_rate,0.51,0.5646095338796611,0.4796584932049107,0.6603349451448793,2438
hardyja02,Jaden Hardy,2TM,24,fg3a_rate,0.611,0.5326689490548332,0.40627354856041425,0.6676649357539688,898
harklej01,Elijah Harkless,UTA,26,fg3a_rate,0.547,0.5141001681665093,0.38770476767209033,0.6490961548656449,545
harpedy01,Dylan Harper,SAS,20,fg3a_rate,0.271,0.2915700164188893,0.19306165727095304,0.40404392100151704,1558
harpero02,Ron Harper Jr.,BOS,26,fg3a_rate,0.727,0.6033209795485538,0.47692557905413485,0.7383169662476894,318
harriga01,Gary Harris,MIL,32,fg3a_rate,0.654,0.6619306978961628,0.5355352974017438,0.7969266845952984,661
harrito02,Tobias Harris,DET,34,fg3a_rate,0.338,0.3346768753892302,0.23616851624129392,0.4471507799718579,1746
harteis01,Isaiah Hartenstein,OKC,28,fg3a_rate,0.024,0.08276173769647452,-0.01574662145146173,0.19523564227910226,1137
hartjo01,Josh Hart,NYK,31,fg3a_rate,0.409,0.3831323967502036,0.29818135607545326,0.4788578080154219,1994
hausesa01,Sam Hauser,BOS,29,fg3a_rate,0.839,0.829738435889711,0.7447873952149606,0.9254638471549292,1934
hawkijo01,Jordan Hawkins,NOP,24,fg3a_rate,0.525,0.5917698101327992,0.4653744096383802,0.7267657968319348,692
hayesja02,Jaxson Hayes,LAL,26,fg3a_rate,0.011,0.08525382816736515,-0.013254530980571097,0.1977277327499929,1207
hayeski01,Killian Hayes,SAC,25,fg3a_rate,0.457,0.37969214240474936,0.2532967419103304,0.514688129103885,406
hendesc01,Scoot Henderson,POR,22,fg3a_rate,0.474,0.4168282359056594,0.2904328354112405,0.551824222604795,748
hendrta01,Taylor Hendricks,2TM,23,fg3a_rate,0.518,0.5233551607501968,0.42484680160226057,0.6358290653328246,1118
herroty01,Tyler Herro,MIA,27,fg3a_rate,0.431,0.474256445103239,0.34786104460882006,0.6092524318023746,1033
hieldbu01,Buddy Hield,2TM,34,fg3a_rate,0.648,0.6780896219484216,0.5516942214540026,0.8130856086475572,819
hinsobl01,Blake Hinson,UTA,27,fg3a_rate,0.687,0.5817691497197597,0.45537374922534074,0.7167651364188953,285
holidaa01,Aaron Holiday,HOU,30,fg3a_rate,0.675,0.6119183724588307,0.4855229719644118,0.7469143591579663,781
holidjr01,Jrue Holiday,POR,36,fg3a_rate,0.511,0.5183056936217824,0.4197973344738461,0.6307795982044101,1560
hollaro01,Ron Holland,DET,21,fg3a_rate,0.364,0.3821872316963625,0.2836788725484262,0.4946611362789902,1551
holmgch01,Chet Holmgren,OKC,24,fg3a_rate,0.312,0.35190763683619375,0.2669565961614434,0.447633048101412,1997
horfoal01,Al Horford,GSW,40,fg3a_rate,0.633,0.646664303031466,0.520268902537047,0.7816602897306016,969
howarje01,Jett Howard,ORL,23,fg3a_rate,0.578,0.6075279892537669,0.481132588759348,0.7425239759529025,695
huertke01,Kevin Huerter,2TM,28,fg3a_rate,0.545,0.6068606633002837,0.5083523041523474,0.7193345678829114,1549
huffja01,Jay Huff,IND,28,fg3a_rate,0.61,0.6262713785704469,0.5277630194225107,0.7387452831530746,1719
hukpoar01,Ariel Hukporti,NYK,24,fg3a_rate,0.05,0.25058074155967286,0.12418534106525392,0.3855767282588085,498
huntede01,De'Andre Hunter,2TM,29,fg3a_rate,0.491,0.5030953382107708,0.40458697906283453,0.6155692427933985,1176
hylanbo01,Bones Hyland,MIN,26,fg3a_rate,0.639,0.6032393580352615,0.5047309988873253,0.7157132626178893,1177
ighodos01,Oso Ighodaro,PHO,24,fg3a_rate,0.003,0.07580650766752779,-0.022701851480408458,0.18828041225015552,1808
ingrabr01,Brandon Ingram,TOR,29,fg3a_rate,0.274,0.2952961407313994,0.21034510005664908,0.3910215519966177,2604
isaacjo01,Jonathan Isaac,ORL,29,fg3a_rate,0.349,0.4355476299990188,0.30915222950459986,0.5705436166981545,521
iveyja01,Jaden Ivey,2TM,24,fg3a_rate,0.523,0.42143336683427196,0.295037966339853,0.5564293535334076,670
jacksan01,Andre Jackson Jr.,MIL,25,fg3a_rate,0.504,0.45209365575574534,0.3256982552613264,0.5870896424548809,408
jacksgg01,GG Jackson II,MEM,22,fg3a_rate,0.375,0.44065987867947737,0.3421515195315411,0.553133783262105,1178
jacksis01,Isaiah Jackson,2TM,25,fg3a_rate,0.013,0.10507808520909027,-0.021317315285328667,0.24007407190822588,908
jacksja02,Jaren Jackson Jr.,2TM,27,fg3a_rate,0.327,0.3354013455403163,0.23689298639238004,0.44787525012294405,1454
jacksqu01,Quenton Jackson,IND,28,fg3a_rate,0.36,0.3851347916847752,0.25873939119035627,0.5201307783839109,897
jackstr02,Trayce Jackson-Davis,2TM,26,fg3a_rate,0.008,0.07383859980389625,-0.052556800690522695,0.20883458650303188,496
jakucka01,Kasparas Jakučionis,MIA,20,fg3a_rate,0.655,0.5953652450604683,0.46896984456604934,0.7303612317596039,945
jamesbr02,Bronny James,LAL,22,fg3a_rate,0.496,0.46796721910306277,0.34157181860864383,0.6029632058021984,375
jamesle01,LeBron James,LAL,42,fg3a_rate,0.264,0.3406825264283434,0.25573148575359306,0.4364079376935617,1989
jamessi01,Sion James,CHO,24,fg3a_rate,0.634,0.6051584386801765,0.5202073980054261,0.7008838499453948,1843
jaqueja01,Jaime Jaquez Jr.,MIA,25,fg3a_rate,0.2,0.25986290174314675,0.1749118610683964,0.355588313008365,2121
jenkida01,Daniss Jenkins,DET,25,fg3a_rate,0.343,0.3689151374489112,0.2704067783009749,0.4813890420315389,1455
jeromty01,Ty Jerome,MEM,29,fg3a_rate,0.465,0.44203412811854387,0.3156387276241249,0.5770301148176795,339
joeis01,Isaiah Joe,OKC,27,fg3a_rate,0.788,0.7652366083725889,0.6667282492246527,0.8777105129552166,1507
johnsaj01,AJ Johnson,2TM,22,fg3a_rate,0.324,0.3877626731057606,0.2613672726113417,0.5227586598048962,454
johnsca02,Cameron Johnson,DEN,30,fg3a_rate,0.539,0.5553611777492317,0.4568528186012954,0.6678350823318594,1647
johnsch06,Chaney Johnson,BRK,24,fg3a_rate,0.319,0.3766906387214172,0.2502952382269983,0.5116866254205529,348
johnsja05,Jalen Johnson,ATL,25,fg3a_rate,0.278,0.29771402734556496,0.2127629866708146,0.39343943861078323,2532
johnske04,Keldon Johnson,SAS,27,fg3a_rate,0.343,0.3824141786989941,0.29746313802424373,0.47813958996421235,1911
johnske10,Keshad Johnson,MIA,25,fg3a_rate,0.423,0.4356638373257262,0.3092684368313073,0.5706598240248618,280
johnstr03,Tre Johnson,WAS,20,fg3a_rate,0.496,0.49048335523801195,0.3919749960900757,0.6029572598206396,1443
jokicni01,Nikola Jokić,DEN,31,fg3a_rate,0.261,0.2434144764207857,0.15846343574603536,0.339139887686004,2265
jonesde02,Derrick Jones Jr.,LAC,29,fg3a_rate,0.404,0.4288335288322979,0.33032516968436165,0.5413074334149257,1350
joneshe01,Herbert Jones,NOP,28,fg3a_rate,0.542,0.5116106450299993,0.41310228588206305,0.624084549612627,1588
joneska03,Kam Jones,IND,24,fg3a_rate,0.444,0.4462773637659873,0.31988196327156837,0.581273350465123,616
jonessp01,Spencer Jones,DEN,25,fg3a_rate,0.55,0.5331649152973419,0.4346565561494056,0.6456388198799696,1417
jonestr01,Tre Jones,CHI,27,fg3a_rate,0.211,0.26538271733630625,0.16687435818837,0.377856621918934,1752
jonesty01,Tyus Jones,3TM,30,fg3a_rate,0.628,0.5304849444779187,0.4040895439834998,0.6654809311770543,979
jovicni01,Nikola Jović,MIA,23,fg3a_rate,0.532,0.5429159118312944,0.41652051133687545,0.67791189853043,808
kalkbry01,Ryan Kalkbrenner,CHO,25,fg3a_rate,0.017,0.12388659439679807,0.02537823524886182,0.2363604989794258,1479
kennalu01,Luke Kennard,2TM,30,fg3a_rate,0.553,0.6082180903999248,0.5097097312519886,0.7206919949825525,1681
kispeco01,Corey Kispert,2TM,27,fg3a_rate,0.602,0.5969444460593855,0.4705490455649665,0.731940432758521,1080
klebima01,Maxi Kleber,LAL,35,fg3a_rate,0.356,0.500757269158158,0.37436186866373905,0.6357532558572936,461
knechda01,Dalton Knecht,LAL,25,fg3a_rate,0.581,0.5957113308036576,0.4693159303092386,0.7307073175027932,553
knuepko01,Kon Knueppel,CHO,21,fg3a_rate,0.592,0.593053019274891,0.5081019786001406,0.6887784305401092,2551
kolekty01,Tyler Kolek,NYK,25,fg3a_rate,0.46,0.4853507069151403,0.3589553064207214,0.620346693614276,727
kolokch01,Christian Koloko,3TM,26,fg3a_rate,0.122,0.2378025427239864,0.11140714222956746,0.372798529423122,357
konanya01,Yanic Konan Niederhäuser,LAC,23,fg3a_rate,0.05,0.2225603809441866,0.09616498044976765,0.3575563676433222,424
konchjo01,John Konchar,2TM,30,fg3a_rate,0.497,0.5438868465308935,0.4453784873829572,0.6563607511135212,1115
kornelu01,Luke Kornet,SAS,31,fg3a_rate,0.0,0.06529692613324743,-0.03321143301468882,0.17777083071587518,1430
krejcvi01,Vít Krejčí,2TM,26,fg3a_rate,0.765,0.7152823097326947,0.6167739505847585,0.8277562143153224,1392
kuminjo01,Jonathan Kuminga,2TM,24,fg3a_rate,0.31,0.27024337507128515,0.1438479745768662,0.40523936177042075,830
kuzmaky01,Kyle Kuzma,MIL,31,fg3a_rate,0.347,0.3653313853739787,0.2668230262260424,0.4778052899566064,1806
landajo01,Jock Landale,2TM,31,fg3a_rate,0.352,0.32131014754386616,0.2228017883959299,0.4337840521264939,1506
laniech01,Chaz Lanier,DET,25,fg3a_rate,0.753,0.603541205467591,0.4771458049731721,0.7385371921667266,262
laravja01,Jake LaRavia,LAL,25,fg3a_rate,0.465,0.47486518758506074,0.3899141469103104,0.5705905988502791,2061
larsspe01,Pelle Larsson,MIA,25,fg3a_rate,0.343,0.392293887218211,0.30734284654346067,0.4880192984834293,1849
lavinza01,Zach LaVine,SAC,31,fg3a_rate,0.464,0.4564969101625602,0.35798855101462396,0.568970814745188,1224
leonaka01,Kawhi Leonard,LAC,35,fg3a_rate,0.354,0.3469364660627308,0.2619854253879805,0.4426618773279491,2085
leonsma01,Malevy Leons,GSW,27,fg3a_rate,0.222,0.3375881225388857,0.21119272204446676,0.4725841092380213,276
leverca01,Caris LeVert,DET,32,fg3a_rate,0.46,0.4573477856017859,0.35883942645384964,0.5698216901844136,1154
liddeej01,E.J. Liddell,BRK,26,fg3a_rate,0.468,0.4577860173393492,0.33139061684493026,0.5927820040384848,349
liveris01,Isaiah Livers,PHO,28,fg3a_rate,0.625,0.5772644899481653,0.4508690894537463,0.7122604766473009,347
looneke01,Kevon Looney,NOP,30,fg3a_rate,0.217,0.1175462069246534,-0.008849193569765545,0.25254219362378905,308
lopezbr01,Brook Lopez,LAC,38,fg3a_rate,0.585,0.5620933449989745,0.4635849858510382,0.6745672495816022,1635
loveca01,Caleb Love,POR,25,fg3a_rate,0.596,0.5855565924401731,0.45916119194575417,0.7205525791393087,1013
loveke01,Kevin Love,UTA,38,fg3a_rate,0.714,0.6744755567028438,0.5480801562084248,0.8094715434019794,613
maluakh01,Khaman Maluach,PHO,20,fg3a_rate,0.2,0.30028840420483655,0.1738930037104176,0.4352843909039722,411
mamuksa01,Sandro Mamukelashvili,TOR,27,fg3a_rate,0.469,0.49316039185167393,0.39465203270373767,0.6056342964343017,1751
mannte01,Terance Mann,BRK,30,fg3a_rate,0.418,0.42265216581280973,0.32414380666487347,0.5351260703954375,1529
manntr01,Tre Mann,CHO,25,fg3a_rate,0.512,0.4611211312159184,0.33472573072149947,0.5961171179150541,669
markkla01,Lauri Markkanen,UTA,29,fg3a_rate,0.402,0.4917369715196074,0.3932286123716711,0.6042108761022351,1443
marshna01,Naji Marshall,DAL,29,fg3a_rate,0.259,0.3194044544097126,0.23445341373496226,0.4151298656749309,2184
martica02,Caleb Martin,DAL,31,fg3a_rate,0.302,0.37874383605979556,0.2523484355653766,0.5137398227589312,856
martity01,Tyrese Martin,2TM,27,fg3a_rate,0.596,0.5910128310745505,0.46461743058013155,0.7260088177736861,777
mashaja01,Jahmai Mashack,MEM,24,fg3a_rate,0.385,0.40619977627575804,0.2798043757813391,0.5411957629748937,673
mathube01,Bennedict Mathurin,2TM,24,fg3a_rate,0.352,0.3556992764651784,0.25719091731724214,0.46817318104780614,1620
matkoka01,Karlo Matković,NOP,25,fg3a_rate,0.383,0.36714333341371913,0.2407479329193002,0.5021393201128548,912
maxeyty01,Tyrese Maxey,PHI,26,fg3a_rate,0.399,0.4233397344443709,0.33838869376962055,0.5190651457095892,2661
mbengbe01,Bez Mbeng,UTA,23,fg3a_rate,0.31,0.3626465878407384,0.23625118734631945,0.49764257453987404,492
mcbrimi01,Miles McBride,NYK,26,fg3a_rate,0.671,0.6096882147844911,0.48329281429007215,0.7446842014836267,1080
mccaija01,Jared McCain,2TM,22,fg3a_rate,0.535,0.5146854906501984,0.41617713150226215,0.6271593952328262,1160
mccolcj01,CJ McCollum,2TM,35,fg3a_rate,0.442,0.48493918897142074,0.3999881482966704,0.580664600236639,2264
mccontj01,T.J. McConnell,IND,34,fg3a_rate,0.111,0.12485998116731539,-0.0015354193271035488,0.25985596786645104,963
mcdanja02,Jaden McDaniels,MIN,26,fg3a_rate,0.309,0.364237551773571,0.27928651109882063,0.45996296303878925,2316
mcderdo01,Doug McDermott,SAC,35,fg3a_rate,0.885,0.789145369999552,0.6627499695051331,0.9241413566986876,439
mcgowbr01,Bryce McGowens,NOP,24,fg3a_rate,0.392,0.423680513816906,0.2972851133224871,0.5586765005160417,880
mclaujo01,Jordan McLaughlin,SAS,30,fg3a_rate,0.506,0.5488655194449187,0.42247011895049974,0.6838615061440543,282
mcneeli01,Liam McNeeley,CHO,21,fg3a_rate,0.632,0.5428920481246065,0.4164966476301875,0.677888034823742,368
meltode01,De'Anthony Melton,GSW,28,fg3a_rate,0.464,0.5148684230634382,0.4163600639155019,0.6273423276460659,1125
merrisa01,Sam Merrill,CLE,30,fg3a_rate,0.775,0.8146210772715365,0.7161127181236003,0.9270949818541643,1377
middlkh01,Khris Middleton,2TM,35,fg3a_rate,0.344,0.38984832166525113,0.29133996251731487,0.5023222262478788,1439
millebr02,Brandon Miller,CHO,24,fg3a_rate,0.511,0.5182382016790461,0.43328716100429576,0.6139636129442644,1968
millejo02,Jordan Miller,LAC,27,fg3a_rate,0.276,0.3085762251186485,0.21006786597071225,0.42105012970127625,1325
millele01,Leonard Miller,2TM,23,fg3a_rate,0.378,0.39147223033524314,0.2650768298408242,0.5264682170343787,719
minotjo01,Josh Minott,2TM,24,fg3a_rate,0.607,0.5563100868060504,0.4299146863116315,0.691306073505186,834
missiyv01,Yves Missi,NOP,22,fg3a_rate,0.003,0.05484139446806772,-0.04366696467986853,0.16731529905069545,1297
mitchaj01,Ajay Mitchell,OKC,24,fg3a_rate,0.298,0.3273609194261772,0.2288525602782409,0.4398348240088049,1473
mitchda01,Davion Mitchell,MIA,28,fg3a_rate,0.428,0.4638594564401168,0.37890841576536644,0.559584867705335,2000
mitchdo01,Donovan Mitchell,CLE,30,fg3a_rate,0.439,0.46801851461634414,0.3830674739415938,0.5637439258815624,2342
mobleev01,Evan Mobley,CLE,25,fg3a_rate,0.243,0.24837300681226204,0.1634219661375117,0.3440984180774803,2074
monkma01,Malik Monk,SAC,28,fg3a_rate,0.497,0.4941029487045698,0.3955945895566335,0.6065768532871976,1364
moodymo01,Moses Moody,GSW,24,fg3a_rate,0.677,0.6067385533407285,0.5082301941927923,0.7192124579233562,1540
moranja01,Ja Morant,MEM,27,fg3a_rate,0.264,0.32187254107877306,0.19547714058435411,0.45686852777790865,569
murphtr02,Trey Murphy III,NOP,26,fg3a_rate,0.538,0.5719656850546739,0.4870146443799236,0.6676910963198922,2341
murraco01,Collin Murray-Boyles,TOR,21,fg3a_rate,0.146,0.21377436149679657,0.11526600234886032,0.3262482660794243,1246
murrade01,Dejounte Murray,NOP,30,fg3a_rate,0.341,0.38262383828977736,0.2562284377953584,0.517619824988913,389
murraja01,Jamal Murray,DEN,29,fg3a_rate,0.414,0.39927329494061686,0.3143222542658665,0.49499870620583514,2652
murrake02,Keegan Murray,SAC,26,fg3a_rate,0.373,0.5132063975113409,0.38681099701692195,0.6482023842104765,793
murrakr01,Kris Murray,POR,26,fg3a_rate,0.442,0.4647087597366549,0.3662004005887186,0.5771826643192826,1333
mykhasv01,Svi Mykhailiuk,UTA,29,fg3a_rate,0.663,0.6688601541276344,0.5703517949796982,0.7813340587102622,1156
nancela02,Larry Nance Jr.,CLE,34,fg3a_rate,0.508,0.43074195982218794,0.304346559327769,0.5657379465213236,449
nancepe01,Pete Nance,MIL,26,fg3a_rate,0.613,0.5653289197928647,0.43893351929844576,0.7003249064920003,737
nembhan01,Andrew Nembhard,IND,27,fg3a_rate,0.393,0.3738873925503406,0.2753790334024043,0.48636129713296833,1786
nembhry01,Ryan Nembhard,DAL,23,fg3a_rate,0.346,0.3628228442915381,0.26431448514360184,0.47529674887416584,1171
nesmiaa01,Aaron Nesmith,IND,27,fg3a_rate,0.541,0.5330495364989373,0.434541177351001,0.645523441081565,1335
newelas01,Asa Newell,ATL,21,fg3a_rate,0.444,0.4480847694632815,0.3216893689688626,0.5830807561624172,500
nnajize01,Zeke Nnaji,DEN,26,fg3a_rate,0.358,0.3434043608061401,0.21700896031172118,0.4784003475052757,626
nurkiju01,Jusuf Nurkić,UTA,32,fg3a_rate,0.198,0.23604085120285867,0.10964545070843973,0.37103683790199427,1083
okogijo01,Josh Okogie,HOU,28,fg3a_rate,0.548,0.5075009228740571,0.40899256372612086,0.6199748274566849,1354
okongon01,Onyeka Okongwu,ATL,26,fg3a_rate,0.445,0.35066005693270097,0.2657090162579506,0.44638546819791924,2297
okorois01,Isaac Okoro,CHI,26,fg3a_rate,0.481,0.49696364928435843,0.39845529013642217,0.6094375538669862,1695
olbrila01,Lachlan Olbrich,CHI,23,fg3a_rate,0.247,0.33961995098990894,0.21322455049549,0.47461593768904453,344
olynyke01,Kelly Olynyk,SAS,35,fg3a_rate,0.49,0.3623522771887605,0.23595687669434157,0.4973482638878961,360
onealro01,Royce O'Neale,PHO,33,fg3a_rate,0.832,0.797914281964502,0.7129632412897516,0.8936396932297203,2213
oubreke01,Kelly Oubre Jr.,PHI,31,fg3a_rate,0.439,0.38956101455684805,0.2910526554089118,0.5020349191394757,1574
payneca01,Cameron Payne,PHI,32,fg3a_rate,0.651,0.5793800326258044,0.45298463213138546,0.71437601932494,374
paytoga02,Gary Payton II,GSW,34,fg3a_rate,0.306,0.33607238097692016,0.2375640218289839,0.4485462855595479,1142
peavymi01,Micah Peavy,NOP,25,fg3a_rate,0.393,0.4146382448568038,0.28824284436238484,0.5496342315559394,913
pendano01,Noah Penda,ORL,22,fg3a_rate,0.458,0.45186273920647024,0.3254673387120513,0.5868587259056058,757
peterta01,Taelon Peter,IND,24,fg3a_rate,0.791,0.6708928244119615,0.5444974239175426,0.8058888111110971,492
phillju01,Julian Phillips,2TM,23,fg3a_rate,0.537,0.5137352681617089,0.38733986766728995,0.6487312548608445,428
pickeja02,Jalen Pickett,DEN,27,fg3a_rate,0.547,0.5378840130690401,0.41148861257462116,0.6728799997681757,807
plowdda01,Daeqwon Plowden,SAC,28,fg3a_rate,0.667,0.6298265339711102,0.5034311334766912,0.7648225206702458,844
podzibr01,Brandin Podziemski,GSW,23,fg3a_rate,0.476,0.4651779779622055,0.38022693728745516,0.5609033892274238,2333
poeltja01,Jakob Poeltl,TOR,31,fg3a_rate,0.0,0.04530923053072371,-0.05319912861721254,0.15778313511335146,1149
poolejo01,Jordan Poole,NOP,27,fg3a_rate,0.649,0.566779740617203,0.4403843401227841,0.7017757273163386,933
portecr01,Craig Porter Jr.,CLE,26,fg3a_rate,0.36,0.3290608973290982,0.23055253818116195,0.44153480191172595,1148
porteke02,Kevin Porter Jr.,MIL,26,fg3a_rate,0.278,0.29830041524501744,0.19979205609708117,0.4107743198276452,1261
portemi01,Michael Porter Jr.,BRK,28,fg3a_rate,0.506,0.5139071275057805,0.41539876835784423,0.6263810320884082,1689
portibo01,Bobby Portis,MIL,31,fg3a_rate,0.395,0.34429770342133,0.24578934427339372,0.4567716080039577,1619
porzikr01,Kristaps Porziņģis,2TM,31,fg3a_rate,0.412,0.42344036225460085,0.2970449617601819,0.5584363489537365,769
postqu01,Quinten Post,GSW,26,fg3a_rate,0.631,0.6256972214755306,0.5271888623275944,0.7381711260581584,1159
pottemi01,Micah Potter,IND,28,fg3a_rate,0.573,0.6011926762411578,0.47479727574673886,0.7361886629402934,908
poulajo01,John Poulakidas,DAL,23,fg3a_rate,0.846,0.6412939411403829,0.5148985406459639,0.7762899278395184,253
poweldr01,Drake Powell,BRK,21,fg3a_rate,0.508,0.50398286473238,0.4054745055844437,0.6164567693150077,1320
poweldw01,Dwight Powell,DAL,35,fg3a_rate,0.069,0.17963606026324005,0.053240659768821114,0.3146320469623757,904
powelno01,Norman Powell,MIA,33,fg3a_rate,0.458,0.48168075400553706,0.3831723948576008,0.5941546585881647,1717
princta02,Taurean Prince,MIL,32,fg3a_rate,0.733,0.6513915531003786,0.5249961526059597,0.7863875397995141,611
pritcpa01,Payton Pritchard,BOS,29,fg3a_rate,0.515,0.6072487729566268,0.5222977322818765,0.7029741842218451,2556
proctty01,Tyrese Proctor,CLE,22,fg3a_rate,0.582,0.5426060113674035,0.41621061087298455,0.6776019980665391,545
prospol01,Olivier-Maxence Prosper,MEM,24,fg3a_rate,0.423,0.4066650814468542,0.28026968095243526,0.5416610681459898,984
queende01,Derik Queen,NOP,22,fg3a_rate,0.118,0.1552417787276219,0.07029073805287156,0.2509671899928402,2023
quetane01,Neemias Queta,BOS,27,fg3a_rate,0.016,0.06781014227813058,-0.017140898396619766,0.16353555354334887,1926
quickim01,Immanuel Quickley,TOR,27,fg3a_rate,0.526,0.5177857663295413,0.432834725654791,0.6135111775947596,2231
randlju01,Julius Randle,MIN,32,fg3a_rate,0.287,0.3202422302962539,0.23529118962150358,0.4159676415614722,2610
raynama01,Maxime Raynaud,SAC,23,fg3a_rate,0.11,0.14895477939336582,0.06400373871861548,0.2446801906585841,1964
reathdu01,Duop Reath,POR,30,fg3a_rate,0.743,0.5577095051301526,0.43131410463573366,0.6927054918292882,258
reaveau01,Austin Reaves,LAL,28,fg3a_rate,0.43,0.4861774528193288,0.3876690936713925,0.5986513574019565,1762
reedpa01,Paul Reed,DET,27,fg3a_rate,0.118,0.17103060269432827,0.044635202199909324,0.3060265893934639,901
reeseju01,Julian Reese,WAS,23,fg3a_rate,0.0,0.17787449635511468,0.05147909586069574,0.3128704830542503,402
reidna01,Naz Reid,MIN,27,fg3a_rate,0.514,0.5087939725473823,0.423842931872632,0.6045193838126006,2007
richaja02,Jase Richardson,ORL,21,fg3a_rate,0.42,0.4322859264097772,0.30589052591535826,0.5672819131089128,587
richani01,Nick Richards,2TM,29,fg3a_rate,0.09,0.08809179459545423,-0.03830360589896471,0.22308778129458984,701
richawi02,Will Richard,GSW,24,fg3a_rate,0.613,0.5858481490544286,0.48733978990649235,0.6983220536370564,1377
rileywi01,Will Riley,WAS,20,fg3a_rate,0.4,0.40576947582097916,0.3072611166730429,0.5182433804036068,1633
risacza01,Zaccharie Risacher,ATL,21,fg3a_rate,0.481,0.4709464619974325,0.37243810284949624,0.5834203665800602,1503
robindu01,Duncan Robinson,DET,32,fg3a_rate,0.768,0.7366741444580758,0.6517231037833254,0.832399555723294,2113
robinje02,Jeremiah Robinson-Earl,2TM,26,fg3a_rate,0.41,0.45759137376423104,0.3311959732698121,0.5925873604633667,361
robinmi01,Mitchell Robinson,NYK,28,fg3a_rate,0.0,0.10810634913311852,0.00959798998518227,0.22058025371574624,1175
rolliry01,Ryan Rollins,MIL,24,fg3a_rate,0.44,0.4510876587389239,0.3661366180641736,0.5468130700041423,2376
ruperra01,Rayan Rupert,2TM,22,fg3a_rate,0.435,0.44294981651847887,0.3165544160240599,0.5779458032176145,1072
russeda01,D'Angelo Russell,DAL,30,fg3a_rate,0.483,0.5297619403248787,0.4033665398304597,0.6647579270240143,495
ryanco01,Cormac Ryan,MIL,28,fg3a_rate,0.578,0.5254702398563592,0.39907483936194027,0.6604662265554948,271
sabondo01,Domantas Sabonis,SAC,30,fg3a_rate,0.122,0.1571086809146226,0.03071328042020366,0.2921046676137582,564
salauti01,Tidjane Salaün,CHO,21,fg3a_rate,0.522,0.5565252450066103,0.43012984451219133,0.6915212317057459,575
sandeko01,Kobe Sanders,LAC,24,fg3a_rate,0.51,0.5048114864482993,0.40630312730036305,0.617285391030927,1351
santogu01,Gui Santos,GSW,24,fg3a_rate,0.483,0.5058422933087221,0.40733393416078584,0.6183161978913498,1395
sarafbe01,Ben Saraf,BRK,20,fg3a_rate,0.297,0.3268727963891326,0.20047739589471364,0.4618687830882682,916
sarral01,Alex Sarr,WAS,21,fg3a_rate,0.229,0.34069382478345905,0.2421854656355228,0.4531677293660868,1305
sassema01,Marcus Sasser,DET,26,fg3a_rate,0.599,0.5180853590781636,0.3916899585837446,0.6530813457772991,457
scheiba01,Baylor Scheierman,BOS,26,fg3a_rate,0.73,0.6924169519675797,0.5939085928196435,0.8048908565502074,1429
schrode01,Dennis Schröder,2TM,33,fg3a_rate,0.362,0.4224731765901972,0.3239648174422609,0.534947081172825,1697
sengual01,Alperen Şengün,HOU,24,fg3a_rate,0.117,0.12495184131350627,0.040000800638755926,0.22067725257872456,2398
sensabr01,Brice Sensabaugh,UTA,23,fg3a_rate,0.516,0.5483358127792318,0.44982745363129556,0.6608097173618596,1762
sextoco01,Collin Sexton,2TM,28,fg3a_rate,0.376,0.3609936956117548,0.26248533646381855,0.47346760019438255,1614
shamela01,Landry Shamet,NYK,29,fg3a_rate,0.723,0.6659269093624248,0.5674185502144886,0.7784008139450526,1171
shannte01,Terrence Shannon Jr.,MIN,26,fg3a_rate,0.444,0.40474703646582566,0.2783516359714067,0.5397430231649613,538
sharpda01,Day'Ron Sharpe,BRK,25,fg3a_rate,0.11,0.1538309673775491,0.05532260822961284,0.2663048719601768,1160
sharpsh01,Shaedon Sharpe,POR,23,fg3a_rate,0.353,0.39930897640971624,0.30080061726178,0.5117828809923439,1471
sheadja01,Jamal Shead,TOR,24,fg3a_rate,0.52,0.49146038967051503,0.4065093489957647,0.5871858009357334,1852
sheppbe01,Ben Sheppard,IND,25,fg3a_rate,0.599,0.6358699267000124,0.5373615675520762,0.7483438312826401,1390
sheppre01,Reed Sheppard,HOU,22,fg3a_rate,0.609,0.5998390277269392,0.5148879870521889,0.6955644389921575,2147
siakapa01,Pascal Siakam,IND,32,fg3a_rate,0.254,0.26365498366232576,0.17870394298757541,0.35938039492754403,2057
simonan01,Anfernee Simons,2TM,27,fg3a_rate,0.585,0.5410876787056561,0.44257931955771984,0.6535615832882838,1372
simpskj01,KJ Simpson,2TM,24,fg3a_rate,0.404,0.43417895002880563,0.3077835495343867,0.5691749367279413,257
simsje01,Jericho Sims,MIL,28,fg3a_rate,0.0,0.12055701530605344,0.022048656158117186,0.2330309198886812,1318
slawsja01,Jalen Slawson,IND,27,fg3a_rate,0.519,0.4750213400597554,0.34862593956533644,0.610017326758891,311
smallja01,Javon Small,MEM,24,fg3a_rate,0.493,0.48722616185101836,0.3608307613565994,0.622222148550154,830
smartma01,Marcus Smart,LAL,32,fg3a_rate,0.616,0.5880000860320457,0.4894917268841094,0.7004739906146734,1769
smithdr01,Dru Smith,MIA,29,fg3a_rate,0.397,0.42763729631888897,0.3291289371709527,0.5401112009015168,1141
smithja04,Jalen Smith,CHI,26,fg3a_rate,0.545,0.5067034874301846,0.4081951282822483,0.6191773920128123,1095
smithja05,Jabari Smith Jr.,HOU,23,fg3a_rate,0.501,0.4879578708003905,0.40300683012564015,0.5836832820656088,2705
smithma02,Malachi Smith,BRK,27,fg3a_rate,0.465,0.4526274633407514,0.32623206284633244,0.587623450039887,359
smithni01,Nick Smith Jr.,LAL,22,fg3a_rate,0.534,0.5259446854335085,0.39954928493908953,0.6609406721326441,375
sochaje01,Jeremy Sochan,2TM,23,fg3a_rate,0.349,0.27901356495889823,0.1526181644644793,0.4140095516580339,469
spencca01,Cam Spencer,MEM,26,fg3a_rate,0.585,0.5820364792931105,0.48352812014517427,0.6945103838757383,1714
spencpa01,Pat Spencer,GSW,30,fg3a_rate,0.385,0.37984542300596624,0.28133706385803,0.492319327588594,1229
stewais01,Isaiah Stewart,DET,25,fg3a_rate,0.299,0.3293040863126356,0.23079572716469932,0.4417779908952633,1317
strawju01,Julian Strawther,DEN,24,fg3a_rate,0.47,0.5337831605815743,0.4073877600871553,0.6687791472807099,861
strusma01,Max Strus,CLE,30,fg3a_rate,0.774,0.7030501671576109,0.576654766663192,0.8380461538567465,288
suggsja01,Jalen Suggs,ORL,25,fg3a_rate,0.555,0.546436209715138,0.4479278505672017,0.6589101142977657,1574
tateja01,Jae'Sean Tate,HOU,31,fg3a_rate,0.294,0.344658090960763,0.21826269046634406,0.47965407765989865,405
tatumja01,Jayson Tatum,BOS,28,fg3a_rate,0.498,0.49136315620992904,0.3649677557155101,0.6263591429090647,522
terryda01,Dalen Terry,2TM,24,fg3a_rate,0.426,0.4293149883346742,0.30291958784025524,0.5643109750338098,551
thomaca02,Cam Thomas,2TM,25,fg3a_rate,0.364,0.3843566831388263,0.2579612826444074,0.5193526698379619,881
thompam01,Amen Thompson,HOU,24,fg3a_rate,0.111,0.14483700121071647,0.05988596053596612,0.24056241247593474,2953
thompau01,Ausar Thompson,DET,24,fg3a_rate,0.042,0.13871361909089855,0.053762578416148205,0.23443903035611682,1896
thompet01,Ethan Thompson,IND,27,fg3a_rate,0.592,0.5491133391175667,0.4227179386231477,0.6841093258167023,653
thompkl01,Klay Thompson,DAL,36,fg3a_rate,0.724,0.6640607783355365,0.5655524191876002,0.7765346829181642,1497
thybuma01,Matisse Thybulle,POR,29,fg3a_rate,0.694,0.6534816823405002,0.5270862818460813,0.7884776690396358,480
tomlina01,Nae'Qwan Tomlin,CLE,26,fg3a_rate,0.366,0.38950364134222554,0.2631082408478066,0.5244996280413612,1004
toppiob01,Obi Toppin,IND,28,fg3a_rate,0.528,0.5021580926835689,0.37576269218915,0.6371540793827045,424
townska01,Karl-Anthony Towns,NYK,31,fg3a_rate,0.297,0.3144194349293543,0.22946839425460397,0.4101448461945726,2322
traorno01,Nolan Traoré,BRK,20,fg3a_rate,0.401,0.4070475279990462,0.30853916885110994,0.5195214325816739,1243
trentga02,Gary Trent Jr.,MIL,28,fg3a_rate,0.723,0.6474296027309238,0.5489212435829876,0.7599035073135515,1377
tshieos01,Oscar Tshiebwe,UTA,27,fg3a_rate,0.0,0.13487054458162806,0.008475144087209119,0.26986653128076366,448
turnemy01,Myles Turner,MIL,30,fg3a_rate,0.594,0.4953014190258975,0.4103503783511472,0.5910268302911158,1912
tysonja01,Jaylon Tyson,CLE,24,fg3a_rate,0.445,0.4466175643806279,0.3481092052326916,0.5590914689632556,1777
valanjo01,Jonas Valančiūnas,DEN,34,fg3a_rate,0.067,0.13202686100893396,0.005631460514515019,0.2670228477080696,871
vandeja01,Jarred Vanderbilt,LAL,27,fg3a_rate,0.413,0.3704357335720087,0.27192737442407244,0.48290963815463644,1128
vassede01,Devin Vassell,SAS,26,fg3a_rate,0.572,0.5065201329108949,0.4215690922361446,0.6022455441761132,2044
vincega01,Gabe Vincent,2TM,30,fg3a_rate,0.801,0.7279120635627581,0.6015166630683391,0.8629080502618937,879
vucevni01,Nikola Vučević,2TM,36,fg3a_rate,0.339,0.32419270150069135,0.22568434235275509,0.4366666060833191,1818
vukcetr01,Tristan Vukcevic,WAS,23,fg3a_rate,0.454,0.44211251341200547,0.31571711291758653,0.5771085001111411,671
wadede01,Dean Wade,CLE,30,fg3a_rate,0.705,0.7499573408575831,0.6514489817096469,0.8624312454402109,1318
wagnefr01,Franz Wagner,ORL,25,fg3a_rate,0.274,0.31780135492471767,0.19140595443029873,0.4527973416238533,1019
wagnemo01,Moritz Wagner,ORL,29,fg3a_rate,0.359,0.30624334756855337,0.17984794707413443,0.441239334267689,427
walkeja01,Jabari Walker,PHI,24,fg3a_rate,0.446,0.356969443723124,0.23057404322870506,0.4919654304222596,762
walkeja02,Jarace Walker,IND,23,fg3a_rate,0.486,0.4929560616584742,0.4080050209837239,0.5886814729236924,1953
wallaca01,Cason Wallace,OKC,23,fg3a_rate,0.493,0.4795827530213376,0.3946317123465873,0.5753081642865558,2046
wallake01,Keaton Wallace,ATL,27,fg3a_rate,0.596,0.5366511837553711,0.4102557832609522,0.6716471704545067,536
walshjo01,Jordan Walsh,BOS,22,fg3a_rate,0.468,0.4947516291443569,0.3962432699964206,0.6072255337269846,1212
walteja01,Ja'Kobe Walter,TOR,22,fg3a_rate,0.666,0.5705461978068774,0.47203783865894117,0.6830201023895052,1474
wareke01,Kel'el Ware,MIA,22,fg3a_rate,0.359,0.329813061650094,0.23130470250215773,0.44228696623272173,1704
washipj01,P.J. Washington,DAL,28,fg3a_rate,0.356,0.42413233337451356,0.3256239742265773,0.5366062379571412,1736
waterli01,Lindy Waters III,SAS,29,fg3a_rate,0.898,0.7394535308026605,0.6130581303082416,0.8744495175017961,285
watfotr01,Trendon Watford,PHI,26,fg3a_rate,0.187,0.2530027498144645,0.12660734932004558,0.3879987365136002,864
watkija01,Jamir Watkins,WAS,25,fg3a_rate,0.534,0.5237304712017984,0.39733507070737945,0.658726457900934,1032
watsope01,Peyton Watson,DEN,24,fg3a_rate,0.339,0.35087764095036666,0.2523692818024304,0.4633515455329944,1598
wellsja01,Jaylen Wells,MEM,23,fg3a_rate,0.523,0.5437743095271723,0.44526595037923605,0.6562482141098,1821
wembavi01,Victor Wembanyama,SAS,23,fg3a_rate,0.324,0.372818698752094,0.28786765807734366,0.4685441100173123,1866
weslebl01,Blake Wesley,POR,23,fg3a_rate,0.29,0.31407776495238293,0.187682364457964,0.4490737516515185,361
westbru01,Russell Westbrook,SAC,38,fg3a_rate,0.452,0.4087480238563419,0.32379698318159156,0.5044734351215602,1853
whiteco01,Coby White,2TM,26,fg3a_rate,0.51,0.5083056168542553,0.4097972577063191,0.6207795214368831,1249
whitede01,Derrick White,BOS,32,fg3a_rate,0.578,0.6333915877337063,0.548440547058956,0.7291169989989246,2625
whitmca01,Cam Whitmore,WAS,22,fg3a_rate,0.331,0.4381580551107618,0.31176265461634284,0.5731540418098974,354
wiggiaa01,Aaron Wiggins,OKC,28,fg3a_rate,0.504,0.47841693289136733,0.37990857374343107,0.5908908374739951,1414
wiggian01,Andrew Wiggins,MIA,31,fg3a_rate,0.406,0.40150561108177707,0.3165545704070267,0.49723102234699534,2063
willibr03,Brandon Williams,DAL,27,fg3a_rate,0.251,0.29049800972492945,0.1919896505769932,0.4029719143075572,1463
willico04,Cody Williams,UTA,22,fg3a_rate,0.257,0.34950145148623535,0.2509930923382991,0.4619753560688631,1631
willigr01,Grant Williams,CHO,28,fg3a_rate,0.732,0.6113576351205864,0.48496223462616744,0.746353621819722,711
willija06,Jalen Williams,OKC,25,fg3a_rate,0.173,0.27329634265421565,0.1469009421597967,0.40829232935335125,936
willija07,Jaylin Williams,OKC,24,fg3a_rate,0.727,0.6780825726978505,0.5795742135499143,0.7905564772804783,1277
willike04,Kenrich Williams,OKC,32,fg3a_rate,0.436,0.4775782095001302,0.35118280900571125,0.6125741961992658,855
willima07,Mark Williams,PHO,25,fg3a_rate,0.002,0.057281655316057466,-0.041226703831878785,0.1697555598986852,1416
willipa01,Patrick Williams,CHI,25,fg3a_rate,0.573,0.5331448166723586,0.4346364575244223,0.6456187212549863,1474
williro04,Robert Williams,POR,29,fg3a_rate,0.092,0.17017612581622246,0.04378072532180352,0.3051721125153581,1008
willivi01,Vince Williams Jr.,2TM,26,fg3a_rate,0.606,0.573309540760305,0.4469141402658861,0.7083055274594406,820
willizi01,Zion Williamson,NOP,26,fg3a_rate,0.005,0.044124063794171144,-0.0408269768805792,0.1398494750593894,1841
willizi02,Ziaire Williams,BRK,25,fg3a_rate,0.58,0.5690974908185144,0.4705891316705781,0.6815713954011421,1281
wilsoja03,Jalen Wilson,BRK,26,fg3a_rate,0.547,0.5525002017281889,0.42610480123377,0.6874961884273245,859
wolfda01,Danny Wolf,BRK,22,fg3a_rate,0.48,0.47611829986139736,0.3776099407134611,0.588592204444025,1187
yabusgu01,Guerschon Yabusele,2TM,31,fg3a_rate,0.628,0.5420478976584354,0.4156524971640165,0.677043884357571,1007
yangha01,Yang Hansen,POR,21,fg3a_rate,0.42,0.43144708760679235,0.3050516871123734,0.566443074305928,300
youngtr01,Trae Young,2TM,28,fg3a_rate,0.452,0.4848907220998628,0.35849532160544384,0.6198867087989984,384
zubaciv01,Ivica Zubac,2TM,29,fg3a_rate,0.0,0.039038764641073906,-0.059469594506862344,0.15151266922370166,1446
achiupr01,Precious Achiuwa,SAC,27,ft_pct,0.5539568345323741,0.5932075081018947,0.4999227011713088,0.6724511718381916,1745
adamsst01,Steven Adams,HOU,33,ft_pct,0.5802469135802469,0.5468614503830048,0.42191058511184665,0.6367878743192743,730
adebaba01,Bam Adebayo,MIA,29,ft_pct,0.7777777777777778,0.7664204552364672,0.7075503580343696,0.8220300957572517,2365
agbajoc01,Ochai Agbaji,2TM,26,ft_pct,0.8372093023255814,0.7508413043350807,0.6258904390639225,0.8407677282713502,973
aldamsa01,Santi Aldama,MEM,26,ft_pct,0.6666666666666666,0.6757672922092223,0.5824824852786364,0.7550109559455191,1198
alexani01,Nickeil Alexander-Walker,ATL,28,ft_pct,0.9022801302931596,0.8647568637797091,0.8058867665776115,0.9203665043004936,2603
allengr01,Grayson Allen,PHO,31,ft_pct,0.8571428571428571,0.8417753035388704,0.7484904966082846,0.9210189672751673,1467
allenja01,Jarrett Allen,CLE,28,ft_pct,0.7088122605363985,0.7246048471993476,0.6313200402687618,0.8038485109356445,1519
alvarjo01,Jose Alvarado,2TM,28,ft_pct,0.7608695652173914,0.7666601239058592,0.6733753169752734,0.8459037876421561,1370
anderky01,Kyle Anderson,3TM,33,ft_pct,0.7058823529411765,0.7145199530660911,0.5895690877949329,0.8044463770023605,853
antetgi01,Giannis Antetokounmpo,MIL,32,ft_pct,0.6498599439775911,0.6401546756565505,0.5152038103853923,0.73008109959282,1039
anthoco01,Cole Anthony,MIL,26,ft_pct,0.6153846153846154,0.8032646756700743,0.6783138103989161,0.8931910996063438,527
anunoog01,OG Anunoby,NYK,29,ft_pct,0.8280542986425339,0.8085280397433451,0.7496579425412475,0.8641376802641296,2224
avdijde01,Deni Avdija,POR,26,ft_pct,0.8016393442622951,0.78814018995951,0.7292700927574124,0.8437498304802945,2199
aytonde01,Deandre Ayton,LAL,28,ft_pct,0.6453900709219859,0.6944908639296203,0.6356207667275228,0.7501005044504049,1958
baglema01,Marvin Bagley III,2TM,27,ft_pct,0.6597222222222222,0.6977083659811303,0.6044235590505445,0.7769520297174272,1201
baileac01,Ace Bailey,UTA,20,ft_pct,0.75,0.7776486373491416,0.718778540147044,0.8332582778699261,1988
ballla01,LaMelo Ball,CHO,25,ft_pct,0.8994413407821229,0.8715525001469064,0.8126824029448089,0.927162140667691,2017
balllo01,Lonzo Ball,CLE,29,ft_pct,0.6666666666666666,0.7530087919554593,0.6280579266843012,0.8429352158917288,728
banchpa01,Paolo Banchero,ORL,24,ft_pct,0.7745762711864407,0.7554295402177247,0.6965594430156271,0.8110391807385092,2502
banede01,Desmond Bane,ORL,28,ft_pct,0.9075144508670521,0.8955951451830504,0.8367250479809528,0.9512047857038349,2756
barlodo01,Dominick Barlow,PHI,23,ft_pct,0.7175572519083969,0.7184375014750438,0.625152694544458,0.7976811652113407,1689
barneha02,Harrison Barnes,SAS,34,ft_pct,0.8292682926829268,0.8151130286429188,0.7562429314408212,0.8707226691637033,1986
barnesc01,Scottie Barnes,TOR,25,ft_pct,0.8148148148148148,0.7918199573070542,0.7329498601049567,0.8474295978278388,2681
barnhbr01,Brooks Barnhizer,OKC,24,ft_pct,0.7,0.7616260736297802,0.636675208358622,0.8515524975660497,348
barrerj01,RJ Barrett,TOR,26,ft_pct,0.7168458781362007,0.6904988066532525,0.5972139997226666,0.7697424703895493,1726
battlja01,Jamison Battle,TOR,25,ft_pct,0.6428571428571429,0.7797242996371091,0.6547734343659509,0.8696507235733786,517
batumni01,Nicolas Batum,LAC,38,ft_pct,0.8181818181818182,0.7762442850048873,0.6829594780743015,0.8554879487411842,1295
berinjo01,Joan Beringer,MIN,20,ft_pct,0.7027027027027027,0.7526426706870268,0.6276918054158687,0.8425690946232963,314
beysa01,Saddiq Bey,NOP,27,ft_pct,0.8406779661016949,0.8372030903648188,0.7783329931627212,0.8928127308856033,2246
bitadgo01,Goga Bitadze,ORL,27,ft_pct,0.711340206185567,0.6781973958835112,0.5532465306123531,0.7681238198197807,972
blackan01,Anthony Black,ORL,23,ft_pct,0.7316017316017316,0.739912279467525,0.6810421822654275,0.7955219199883096,1910
blackle01,Leaky Black,WAS,27,ft_pct,0.875,0.7750186902557145,0.6500678249845563,0.8649451141919839,433
bogdabo01,Bogdan Bogdanović,LAC,34,ft_pct,0.8,0.8835979061388761,0.758647040867718,0.9735243300751456,452
bonaad01,Adem Bona,PHI,23,ft_pct,0.7079646017699115,0.7091220211546253,0.6158372142240395,0.7883656848909222,1234
bookede01,Devin Booker,PHO,30,ft_pct,0.8730769230769231,0.8844025638985507,0.8255324666964531,0.9400122044193352,2146
bouyeja01,Jamaree Bouyea,PHO,27,ft_pct,0.6857142857142857,0.7215926335343381,0.5966417682631799,0.8115190574706076,644
bradlto01,Tony Bradley,2TM,29,ft_pct,0.7441860465116279,0.7545579959903594,0.6296071307192013,0.8444844199266289,450
branhma01,Malaki Branham,WAS,23,ft_pct,0.8235294117647058,0.8395584556428228,0.7146075903716647,0.9294848795790923,275
braunch01,Christian Braun,DEN,25,ft_pct,0.7821782178217822,0.7893558240575888,0.6960710171270029,0.8685994877938856,1399
bridgmi01,Mikal Bridges,NYK,30,ft_pct,0.826530612244898,0.8183296106131832,0.7594595134110856,0.8739392511339678,2692
bridgmi02,Miles Bridges,CHO,28,ft_pct,0.8221343873517787,0.8389998026146378,0.7801297054125402,0.8946094431354223,2387
brookdi01,Dillon Brooks,PHO,31,ft_pct,0.8415841584158416,0.8276044015095476,0.7343195945789618,0.9068480652458445,1702
brownbr01,Bruce Brown,DEN,30,ft_pct,0.7619047619047619,0.7948798250906911,0.7360097278885935,0.8504894656114756,1998
brownja02,Jaylen Brown,BOS,30,ft_pct,0.7947761194029851,0.7729688977048003,0.7140988005027027,0.8285785382255848,2443
brownko01,Kobe Brown,2TM,27,ft_pct,0.7966101694915254,0.7841162519134827,0.6591653866423245,0.8740426758497521,963
brunsja01,Jalen Brunson,NYK,30,ft_pct,0.8408551068883611,0.8381171688716722,0.7792470716695746,0.8937268093924567,2590
bryanca01,Carter Bryant,SAS,21,ft_pct,0.7142857142857143,0.7471554778981266,0.6222046126269685,0.8370819018343961,818
bryanth01,Thomas Bryant,CLE,29,ft_pct,0.803030303030303,0.8276633307022,0.7027124654310418,0.9175897546384695,732
burtoty01,Tyler Burton,MEM,26,ft_pct,0.8518518518518519,0.8247430653485038,0.6997922000773457,0.9146694892847733,307
butleji01,Jimmy Butler,GSW,37,ft_pct,0.8641114982578397,0.8529906057682296,0.7597057988376438,0.9322342695045265,1182
buzelma01,Matas Buzelis,CHI,22,ft_pct,0.7857142857142857,0.802369421655547,0.7434993244534495,0.8579790621763316,2248
cainja01,Jamal Cain,ORL,27,ft_pct,0.8478260869565217,0.7736358208999488,0.6486849556287906,0.8635622448362182,486
caldwke01,Kentavious Caldwell-Pope,MEM,33,ft_pct,0.9125,0.8744332564793633,0.7494823912082051,0.9643596804156328,1088
camarto01,Toumani Camara,POR,26,ft_pct,0.708029197080292,0.7287289955036064,0.6698588983015088,0.7843386360243909,2731
capelca01,Clint Capela,HOU,32,ft_pct,0.5769230769230769,0.6018324001183601,0.47688153484720197,0.6917588240546296,926
cardwdy01,Dylan Cardwell,SAC,25,ft_pct,0.5098039215686274,0.5929563648273691,0.46800549955621096,0.6828827887636386,907
carlsbr01,Branden Carlson,OKC,27,ft_pct,0.5769230769230769,0.66734424944381,0.5423933841726518,0.7572706733800795,488
carrica01,Bub Carrington,WAS,21,ft_pct,0.7297297297297297,0.7735617161854571,0.7146916189833595,0.8291713567062416,2271
cartede02,Devin Carter,SAC,24,ft_pct,0.7127659574468085,0.6993551790612929,0.5744043137901347,0.7892816029975623,700
carteje01,Jevon Carter,2TM,31,ft_pct,0.7894736842105263,0.7650143727645837,0.6400635074934256,0.8549407967008532,867
cartewe01,Wendell Carter Jr.,ORL,27,ft_pct,0.792,0.7600109614786551,0.7011408642765575,0.8156206019994396,2288
carusal01,Alex Caruso,OKC,32,ft_pct,0.803921568627451,0.7906396035456,0.6656887382744419,0.8805660274818695,1020
castlst01,Stephon Castle,SAS,22,ft_pct,0.734375,0.7410536950021287,0.6821835978000311,0.7966633355229132,2038
champju01,Justin Champagnie,WAS,25,ft_pct,0.7843137254901961,0.7575759645603589,0.6642911576297731,0.8368196282966558,1377
champju02,Julian Champagnie,SAS,25,ft_pct,0.8444444444444444,0.8557206744243174,0.7968505772222199,0.911330314945102,2266
chandke01,Kennedy Chandler,UTA,24,ft_pct,0.6511627906976745,0.6992099709726202,0.574259105701462,0.7891363949088896,355
chrisca02,Cam Christie,LAC,21,ft_pct,0.76,0.7771512128508882,0.65220034757973,0.8670776367871577,480
chrisma02,Max Christie,DAL,23,ft_pct,0.8992805755395683,0.8721439832246831,0.8132738860225855,0.9277536237454677,2244
cissemo01,Moussa Cisse,DAL,24,ft_pct,0.4691358024691358,0.5376251346421144,0.4126742693709562,0.6275515585783839,530
cissosi01,Sidy Cissoko,POR,22,ft_pct,0.6590909090909091,0.6918150660417387,0.5985302591111529,0.7710587297780356,1435
clarkja02,Jaylen Clark,MIN,25,ft_pct,0.6567164179104478,0.7163396437066448,0.5913887784354867,0.8062660676429143,888
clarkjo01,Jordan Clarkson,NYK,34,ft_pct,0.8297872340425532,0.8376041307142849,0.744319323783699,0.9168477944505817,1279
claxtni01,Nic Claxton,BRK,27,ft_pct,0.6157205240174672,0.5813496675475689,0.5224795703454713,0.6369593080683534,1920
claytwa01,Walter Clayton,2TM,23,ft_pct,0.9008264462809917,0.8922916369795756,0.7990068300489898,0.9715353007158725,1410
cliffni01,Nique Clifford,SAC,24,ft_pct,0.7216494845360825,0.7380484805875501,0.6791783833854526,0.7936581211083347,1882
clingdo01,Donovan Clingan,POR,22,ft_pct,0.6798029556650246,0.6734144861566081,0.6145443889545106,0.7290241266773927,2094
clownno01,Noah Clowney,BRK,22,ft_pct,0.8035714285714286,0.8127590119914716,0.7194742050608858,0.8920026757277685,1780
coffeam01,Amir Coffey,2TM,29,ft_pct,0.7857142857142857,0.8556602350578494,0.7307093697866912,0.9455866589941189,490
colliis01,Isaiah Collier,UTA,22,ft_pct,0.722488038277512,0.7212556215538973,0.6279708146233115,0.8004992852901942,1517
collijo01,John Collins,LAC,29,ft_pct,0.7662337662337663,0.7980428226591645,0.7391727254570669,0.853652463179949,1872
conlemi01,Mike Conley,MIN,39,ft_pct,0.9,0.8840382748778369,0.7590874096066788,0.9739646988141064,991
connapa01,Pat Connaughton,CHO,34,ft_pct,0.65,0.7493906925061538,0.6244398272349956,0.8393171164424232,297
coopesh01,Sharife Cooper,WAS,25,ft_pct,0.8333333333333334,0.8262821793365716,0.7013313140654134,0.916208603272841,700
coulibi01,Bilal Coulibaly,WAS,22,ft_pct,0.7457627118644068,0.7490506543544942,0.6557658474239084,0.8282943180907911,1468
cowarce01,Cedric Coward,MEM,23,ft_pct,0.8433734939759037,0.8451254108320212,0.7518406039014354,0.9243690745683181,1598
cryerlj01,LJ Cryer,GSW,25,ft_pct,0.8947368421052632,0.8429354737944402,0.717984608523282,0.9328618977307097,292
cunnica01,Cade Cunningham,DET,25,ft_pct,0.8115183246073299,0.8390411702125283,0.7801710730104308,0.8946508107333129,2172
curryst01,Stephen Curry,GSW,38,ft_pct,0.9230769230769231,0.9159902051646047,0.8227053982340189,0.9952338689009016,1329
daniedy01,Dyson Daniels,ATL,23,ft_pct,0.6147540983606558,0.6293169307250235,0.5704468335229259,0.684926571245808,2520
dasiltr01,Tristan Da Silva,ORL,25,ft_pct,0.8842105263157894,0.8740096005704119,0.8151395033683143,0.9296192410911964,1899
davisan02,Anthony Davis,DAL,33,ft_pct,0.7283950617283951,0.7810288412651697,0.6560779759940115,0.8709552652014392,626
demineg01,Egor Dëmin,BRK,20,ft_pct,0.8307692307692308,0.8409603721966334,0.7476755652660476,0.9202040359329303,1308
derozde01,DeMar DeRozan,SAC,37,ft_pct,0.8677494199535963,0.858707567253104,0.7998374700510065,0.9143172077738886,2406
diabamo01,Moussa Diabaté,CHO,25,ft_pct,0.6590909090909091,0.6526382812012119,0.5937681839991144,0.7082479217219965,1899
diawamo01,Mohamed Diawara,NYK,21,ft_pct,0.75,0.775711443151776,0.6507605778806178,0.8656378670880455,634
dickgr01,Gradey Dick,TOR,23,ft_pct,0.875,0.8667940960414026,0.7418432307702444,0.956720519977672,1067
diengou01,Ousmane Dieng,2TM,23,ft_pct,0.7111111111111111,0.7505701834394842,0.6572853765088984,0.8298138471757811,1099
dilliro01,Rob Dillingham,2TM,22,ft_pct,0.7454545454545455,0.7345781847530813,0.6096273194819232,0.8245046086893508,970
divindo01,Donte DiVincenzo,MIN,30,ft_pct,0.7428571428571429,0.7596395664143408,0.7007694692122433,0.8152492069351254,2494
doncilu01,Luka Dončić,LAL,27,ft_pct,0.7798449612403101,0.7822579971882331,0.7233878999861355,0.8378676377090176,2289
dortlu01,Luguentz Dort,OKC,27,ft_pct,0.7586206896551724,0.7838569886162349,0.7249868914141373,0.8394666291370194,1849
dosunay01,Ayo Dosunmu,2TM,27,ft_pct,0.8758620689655172,0.835442338592236,0.7765722413901385,0.8910519791130206,1881
drumman01,Andre Drummond,PHI,33,ft_pct,0.6309523809523809,0.6154118541365055,0.5221270472059196,0.6946555178728023,1231
dunnkr01,Kris Dunn,LAC,32,ft_pct,0.7654320987654321,0.7457808746155434,0.6869107774134459,0.801390515136328,2230
dunnry01,Ryan Dunn,PHO,24,ft_pct,0.48936170212765956,0.5547929921081622,0.46150818517757636,0.6340366558444591,1355
duranke01,Kevin Durant,HOU,38,ft_pct,0.8736616702355461,0.8514649211808788,0.7925948239787812,0.9070745617016633,2840
durenja01,Jalen Duren,DET,23,ft_pct,0.7465116279069768,0.7421949650006657,0.6833248677985682,0.7978046055214503,1976
easonta01,Tari Eason,HOU,25,ft_pct,0.7761194029850746,0.760624847426345,0.6673400404957591,0.8398685111626418,1549
edeyza01,Zach Edey,MEM,24,ft_pct,0.78125,0.7393293809102981,0.6143785156391399,0.8292558048465676,284
edgecvj01,VJ Edgecombe,PHI,21,ft_pct,0.8176795580110497,0.8246234093854883,0.7657533121833907,0.8802330499062728,2623
edwaran01,Anthony Edwards,MIN,25,ft_pct,0.7963386727688787,0.8258241970857166,0.7669540998836191,0.8814338376065012,2137
edwarju01,Justin Edwards,PHI,23,ft_pct,0.8461538461538461,0.7835329053018194,0.6585820400306612,0.8734593292380889,977
elliske01,Keon Ellis,2TM,27,ft_pct,0.7285714285714285,0.7824464378885378,0.689161630957952,0.8616901016248347,1478
embiijo01,Joel Embiid,PHI,32,ft_pct,0.8537313432835821,0.8663587224670373,0.7730739155364514,0.9456023862033341,1201
etienty01,Tyson Etienne,BRK,27,ft_pct,0.8333333333333334,0.8155156769210175,0.6905648116498593,0.9054421008572869,380
eubandr01,Drew Eubanks,SAC,29,ft_pct,0.5614035087719298,0.6754868117884625,0.5505359465173043,0.765413235724732,552
fearsje01,Jeremiah Fears,NOP,20,ft_pct,0.7886178861788617,0.8096158980189556,0.750745800816858,0.8652255385397402,2112
filipky01,Kyle Filipowski,UTA,23,ft_pct,0.75,0.7273051037487127,0.6340202968181269,0.8065487674850096,1801
finnedo01,Dorian Finney-Smith,HOU,33,ft_pct,0.8888888888888888,0.7219221492187783,0.5969712839476201,0.8118485731550478,620
flaggco01,Cooper Flagg,DAL,20,ft_pct,0.827485380116959,0.8464172024599856,0.7875471052578881,0.9020268429807702,2344
flemira01,Rasheer Fleming,PHO,22,ft_pct,0.5588235294117647,0.6520707095033189,0.5271198442321607,0.7419971334395884,673
fontesi01,Simone Fontecchio,MIA,31,ft_pct,0.8431372549019608,0.8247288824567345,0.7314440755261487,0.9039725461930314,1173
foxde01,De'Aaron Fox,SAS,29,ft_pct,0.7601626016260162,0.7731293335555474,0.7142592363534498,0.8287389740763319,2231
furphjo01,Johnny Furphy,IND,22,ft_pct,0.4857142857142857,0.658223108877734,0.5332722436065759,0.7481495328140035,643
gaffoda01,Daniel Gafford,DAL,28,ft_pct,0.6832298136645962,0.689122059881566,0.5958372529509802,0.7683657236178629,1195
gardnmy01,Myron Gardner,MIA,25,ft_pct,0.7307692307692307,0.7593386205008875,0.6343877552297293,0.849265044437157,411
garlada01,Darius Garland,2TM,27,ft_pct,0.860655737704918,0.8591726760414872,0.7658878691109013,0.938416339777784,1344
garzalu01,Luka Garza,BOS,28,ft_pct,0.7692307692307693,0.7728162072099494,0.6795314002793635,0.8520598709462462,1118
georgke01,Keyonte George,UTA,23,ft_pct,0.8915343915343915,0.8669606723653107,0.7736758654347249,0.9462043361016076,1786
georgky01,Kyshawn George,WAS,23,ft_pct,0.8015267175572519,0.79205223090667,0.6987674239760842,0.8712958946429669,1391
georgpa01,Paul George,PHI,36,ft_pct,0.8198198198198198,0.8547580563738804,0.7614732494432945,0.9340017201101772,1135
giddejo01,Josh Giddey,CHI,24,ft_pct,0.7631578947368421,0.7825858046810878,0.689300997750502,0.8618294684173847,1731
gilgesh01,Shai Gilgeous-Alexander,OKC,28,ft_pct,0.8794788273615635,0.8847354001150853,0.8258653029129878,0.9403450406358699,2259
gillan01,Anthony Gill,WAS,34,ft_pct,0.7391304347826086,0.7362322174374701,0.611281352166312,0.8261586413737396,951
gilleco01,Collin Gillespie,PHO,27,ft_pct,0.8735632183908046,0.8576652510652988,0.7987951538632012,0.9132748915860833,2282
goberru01,Rudy Gobert,MIN,34,ft_pct,0.5264900662251656,0.6122259106289986,0.553355813426901,0.6678355511497831,2380
gonzahu01,Hugo González,BOS,20,ft_pct,0.5,0.6453673538543093,0.5204164885831511,0.7352937777905788,1084
goodwjo01,Jordan Goodwin,PHO,28,ft_pct,0.6964285714285714,0.7359271074921121,0.6426423005615263,0.815170771228409,1572
gordoaa01,Aaron Gordon,DEN,31,ft_pct,0.7668711656441718,0.7382533561528486,0.6133024908816904,0.8281797800891181,1005
grantje01,Jerami Grant,POR,32,ft_pct,0.8136645962732919,0.8201424575817498,0.7268576506511639,0.8993861213180466,1695
greenaj01,A.J. Green,MIL,27,ft_pct,0.8548387096774194,0.8388539382208196,0.779983841018722,0.8944635787416041,2270
greendr01,Draymond Green,GSW,36,ft_pct,0.7023809523809523,0.7044796392536368,0.6456095420515392,0.7600892797744213,1869
greenja02,Javonte Green,DET,33,ft_pct,0.84,0.793307018209351,0.7000222112787652,0.8725506819456479,1446
greenja05,Jalen Green,PHO,24,ft_pct,0.7471264367816092,0.8044798526231327,0.6795289873519745,0.8944062765594022,828
greenjo02,Josh Green,CHO,26,ft_pct,0.8928571428571429,0.7408848771455352,0.615934011874377,0.8308113010818047,908
grimequ01,Quentin Grimes,PHI,26,ft_pct,0.8396624472573839,0.8032280714386583,0.7443579742365607,0.8588377119594428,2206
gueyemo02,Mouhamed Gueye,ATL,24,ft_pct,0.6451612903225806,0.7089055727434497,0.6156207658128638,0.7881492364797466,1179
hachiru01,Rui Hachimura,LAL,28,ft_pct,0.6944444444444444,0.7422653536969746,0.683395256494877,0.7978749942177591,1927
hardati02,Tim Hardaway Jr.,DEN,34,ft_pct,0.8112244897959183,0.8348631647172913,0.7759930675151937,0.8904728052380758,2127
hardeja01,James Harden,2TM,37,ft_pct,0.8835877862595419,0.8774350018896887,0.8185649046875911,0.9330446424104732,2438
hardyja02,Jaden Hardy,2TM,24,ft_pct,0.7333333333333333,0.7415476030631751,0.616596737792017,0.8314740269994446,898
harklej01,Elijah Harkless,UTA,26,ft_pct,0.765625,0.7720430317038337,0.6470921664326755,0.8619694556401032,545
harpedy01,Dylan Harper,SAS,20,ft_pct,0.7563025210084033,0.7816407181589881,0.6883559112284022,0.8608843818952849,1558
harpero02,Ron Harper Jr.,BOS,26,ft_pct,0.75,0.7801360574819283,0.6551851922107701,0.8700624814181978,318
harriga01,Gary Harris,MIL,32,ft_pct,0.8888888888888888,0.7564670165512063,0.6315161512800481,0.8463934404874758,661
harrito02,Tobias Harris,DET,34,ft_pct,0.8662420382165605,0.8680033375122811,0.7747185305816953,0.947247001248578,1746
harteis01,Isaiah Hartenstein,OKC,28,ft_pct,0.6095238095238096,0.671212390295993,0.5779275833654072,0.7504560540322899,1137
hartjo01,Josh Hart,NYK,31,ft_pct,0.72,0.7545568639975553,0.6956867667954577,0.8101665045183398,1994
hausesa01,Sam Hauser,BOS,29,ft_pct,0.85,0.8558654447694644,0.7969953475673668,0.9114750852902489,1934
hawkijo01,Jordan Hawkins,NOP,24,ft_pct,0.8518518518518519,0.8296211775870621,0.7046703123159039,0.9195476015233316,692
hayesja02,Jaxson Hayes,LAL,26,ft_pct,0.6533333333333333,0.6509643535411931,0.5576795466106073,0.73020801727749,1207
hayeski01,Killian Hayes,SAC,25,ft_pct,0.9285714285714286,0.7935660725077701,0.6686152072366119,0.8834924964440396,406
hendesc01,Scoot Henderson,POR,22,ft_pct,0.84,0.8107317700734121,0.685780904802254,0.9006581940096816,748
hendrta01,Taylor Hendricks,2TM,23,ft_pct,0.6805555555555556,0.7256497678299645,0.6323649608993787,0.8048934315662614,1118
herroty01,Tyler Herro,MIA,27,ft_pct,0.9166666666666666,0.8796210852840068,0.7546702200128487,0.9695475092202763,1033
hieldbu01,Buddy Hield,2TM,34,ft_pct,0.8108108108108109,0.8341332076546184,0.7091823423834602,0.9240596315908879,819
hinsobl01,Blake Hinson,UTA,27,ft_pct,0.75,0.7688018675593056,0.6438510022881474,0.8587282914955751,285
holidaa01,Aaron Holiday,HOU,30,ft_pct,0.8536585365853658,0.8590226841099586,0.7340718188388005,0.9489491080462281,781
holidjr01,Jrue Holiday,POR,36,ft_pct,0.8380952380952381,0.8495647344648984,0.7562799275343126,0.9288083982011953,1560
hollaro01,Ron Holland,DET,21,ft_pct,0.8053691275167785,0.7953312375812784,0.7020464306506926,0.8745749013175753,1551
holmgch01,Chet Holmgren,OKC,24,ft_pct,0.7922535211267606,0.7906466466142007,0.7317765494121031,0.8462562871349852,1997
horfoal01,Al Horford,GSW,40,ft_pct,0.8461538461538461,0.8094912057115012,0.6845403404403431,0.8994176296477707,969
howarje01,Jett Howard,ORL,23,ft_pct,0.9487179487179487,0.8539633274812097,0.7290124622100516,0.9438897514174792,695
huertke01,Kevin Huerter,2TM,28,ft_pct,0.7746478873239436,0.7607939660105373,0.6675091590799515,0.8400376297468342,1549
huffja01,Jay Huff,IND,28,ft_pct,0.8282828282828283,0.8126212289294397,0.7193364219988538,0.8918648926657365,1719
hukpoar01,Ariel Hukporti,NYK,24,ft_pct,0.7878787878787878,0.79197008888243,0.6670192236112719,0.8818965128186995,498
huntede01,De'Andre Hunter,2TM,29,ft_pct,0.8671328671328671,0.8478412482384822,0.7545564413078963,0.927084911974779,1176
hylanbo01,Bones Hyland,MIN,26,ft_pct,0.7804878048780488,0.7833895735259903,0.6901047665954044,0.8626332372622871,1177
ighodos01,Oso Ighodaro,PHO,24,ft_pct,0.452991452991453,0.5250725200135821,0.4317877130829962,0.6043161837498789,1808
ingrabr01,Brandon Ingram,TOR,29,ft_pct,0.8202247191011236,0.813514627557202,0.7546445303551045,0.8691242680779866,2604
isaacjo01,Jonathan Isaac,ORL,29,ft_pct,0.603448275862069,0.6767885594420019,0.5518376941708437,0.7667149833782714,521
iveyja01,Jaden Ivey,2TM,24,ft_pct,0.8085106382978723,0.7606359678121151,0.6356851025409569,0.8505623917483845,670
jacksan01,Andre Jackson Jr.,MIL,25,ft_pct,0.625,0.6494329548569113,0.5244820895857532,0.7393593787931808,408
jacksgg01,GG Jackson II,MEM,22,ft_pct,0.7417218543046358,0.7553426317940692,0.6620578248634834,0.8345862955303661,1178
jacksis01,Isaiah Jackson,2TM,25,ft_pct,0.6476190476190476,0.6901824814720414,0.5652316162008832,0.7801089054083109,908
jacksja02,Jaren Jackson Jr.,2TM,27,ft_pct,0.8029556650246306,0.7955061385038922,0.7022213315733064,0.8747498022401891,1454
jacksqu01,Quenton Jackson,IND,28,ft_pct,0.8235294117647058,0.8112178325037225,0.6862669672325643,0.901144256439992,897
jackstr02,Trayce Jackson-Davis,2TM,26,ft_pct,0.5135135135135135,0.5724187579110138,0.44746789263985565,0.6623451818472833,496
jakucka01,Kasparas Jakučionis,MIA,20,ft_pct,0.8787878787878788,0.8778562010524296,0.7529053357812714,0.967782624988699,945
jamesbr02,Bronny James,LAL,22,ft_pct,0.8571428571428571,0.8119909415353587,0.6870400762642005,0.9019173654716282,375
jamesle01,LeBron James,LAL,42,ft_pct,0.7373417721518988,0.8374311373881369,0.7785610401860393,0.8930407779089214,1989
jamessi01,Sion James,CHO,24,ft_pct,0.8367346938775511,0.8333757027796388,0.7745056055775412,0.8889853433004233,1843
jaqueja01,Jaime Jaquez Jr.,MIA,25,ft_pct,0.7685185185185185,0.7808297529216602,0.7219596557195627,0.8364393934424448,2121
jenkida01,Daniss Jenkins,DET,25,ft_pct,0.8322981366459627,0.8323482802064374,0.7390634732758515,0.9115919439427342,1455
jeromty01,Ty Jerome,MEM,29,ft_pct,0.875,0.8612371809810101,0.7362863157098519,0.9511636049172796,339
joeis01,Isaiah Joe,OKC,27,ft_pct,0.8943089430894309,0.8651597242567194,0.7718749173261336,0.9444033879930163,1507
johnsaj01,AJ Johnson,2TM,22,ft_pct,0.85,0.8494418391406756,0.7244909738695174,0.9393682630769451,454
johnsca02,Cameron Johnson,DEN,30,ft_pct,0.8392857142857143,0.8563252281724159,0.76304042124183,0.9355688919087127,1647
johnsch06,Chaney Johnson,BRK,24,ft_pct,0.8,0.7997148734769953,0.6747640082058372,0.8896412974132648,348
johnsja05,Jalen Johnson,ATL,25,ft_pct,0.7879581151832461,0.7771804980952576,0.71831040089316,0.8327901386160421,2532
johnske04,Keldon Johnson,SAS,27,ft_pct,0.7938144329896907,0.7865779863758912,0.7277078891737936,0.8421876268966757,1911
johnske10,Keshad Johnson,MIA,25,ft_pct,0.7241379310344828,0.7540221572392098,0.6290712919680517,0.8439485811754793,280
johnstr03,Tre Johnson,WAS,20,ft_pct,0.8735632183908046,0.8779869565448774,0.7847021496142915,0.9572306202811742,1443
jokicni01,Nikola Jokić,DEN,31,ft_pct,0.83125,0.8112904877296281,0.7524203905275305,0.8669001282504126,2265
jonesde02,Derrick Jones Jr.,LAC,29,ft_pct,0.7634408602150538,0.7288624827342144,0.6355776758036286,0.8081061464705113,1350
joneshe01,Herbert Jones,NOP,28,ft_pct,0.8064516129032258,0.8360583859843802,0.7427735790537944,0.9153020497206771,1588
joneska03,Kam Jones,IND,24,ft_pct,0.5,0.7088530190154079,0.5839021537442497,0.7987794429516774,616
jonessp01,Spencer Jones,DEN,25,ft_pct,0.6078431372549019,0.6631810839284927,0.5698962769979069,0.7424247476647896,1417
jonestr01,Tre Jones,CHI,27,ft_pct,0.8414096916299559,0.8381413475495372,0.7448565406189513,0.917385011285834,1752
jonesty01,Tyus Jones,3TM,30,ft_pct,0.7777777777777778,0.8413085876516672,0.716357722380509,0.9312350115879366,979
jovicni01,Nikola Jović,MIA,23,ft_pct,0.6831683168316832,0.7490073212195669,0.6240564559484088,0.8389337451558364,808
kalkbry01,Ryan Kalkbrenner,CHO,25,ft_pct,0.7155172413793104,0.7310926603376258,0.6378078534070399,0.8103363240739226,1479
kennalu01,Luke Kennard,2TM,30,ft_pct,0.9130434782608695,0.8906563099672414,0.7973715030366556,0.9698999737035383,1681
kispeco01,Corey Kispert,2TM,27,ft_pct,0.7938144329896907,0.7851215323487108,0.6601706670775527,0.8750479562849803,1080
klebima01,Maxi Kleber,LAL,35,ft_pct,0.5384615384615384,0.681628463346795,0.5566775980756369,0.7715548872830645,461
knechda01,Dalton Knecht,LAL,25,ft_pct,0.7272727272727273,0.7644232532723956,0.6394723880012374,0.8543496772086651,553
knuepko01,Kon Knueppel,CHO,21,ft_pct,0.8628318584070797,0.8666969630919892,0.8078268658898916,0.9223066036127737,2551
kolekty01,Tyler Kolek,NYK,25,ft_pct,0.7,0.7532176047462004,0.6282667394750422,0.8431440286824698,727
kolokch01,Christian Koloko,3TM,26,ft_pct,0.6666666666666666,0.7311677358204896,0.6062168705493314,0.821094159756759,357
konanya01,Yanic Konan Niederhäuser,LAC,23,ft_pct,0.7580645161290323,0.7725724499592466,0.6476215846880884,0.862498873895516,424
konchjo01,John Konchar,2TM,30,ft_pct,0.7272727272727273,0.7743239245058596,0.6810391175752738,0.8535675882421565,1115
kornelu01,Luke Kornet,SAS,31,ft_pct,0.8245614035087719,0.7836703274059593,0.6903855204753735,0.8629139911422562,1430
krejcvi01,Vít Krejčí,2TM,26,ft_pct,0.7450980392156863,0.7460488014761149,0.652763994545529,0.8252924652124117,1392
kuminjo01,Jonathan Kuminga,2TM,24,ft_pct,0.7235772357723578,0.7190598254082713,0.5941089601371131,0.8089862493445408,830
kuzmaky01,Kyle Kuzma,MIL,31,ft_pct,0.7258064516129032,0.706871634848535,0.6135868279179492,0.7861152985848319,1806
landajo01,Jock Landale,2TM,31,ft_pct,0.6349206349206349,0.6783299443848967,0.5850451374543109,0.7575736081211936,1506
laniech01,Chaz Lanier,DET,25,ft_pct,0.8333333333333334,0.8004505778735445,0.6754997126023863,0.8903770018098139,262
laravja01,Jake LaRavia,LAL,25,ft_pct,0.7631578947368421,0.7586014280784713,0.6997313308763737,0.8142110685992558,2061
larsspe01,Pelle Larsson,MIA,25,ft_pct,0.7965367965367965,0.7809092159564001,0.7220391187543025,0.8365188564771846,1849
lavinza01,Zach LaVine,SAC,31,ft_pct,0.8802816901408451,0.838348277400545,0.7450634704699591,0.9175919411368418,1224
leonaka01,Kawhi Leonard,LAC,35,ft_pct,0.8918269230769231,0.8728231016803555,0.8139530044782579,0.92843274220114,2085
leonsma01,Malevy Leons,GSW,27,ft_pct,0.7894736842105263,0.7865007811541839,0.6615499158830257,0.8764272050904534,276
leverca01,Caris LeVert,DET,32,ft_pct,0.6785714285714286,0.7251980918662009,0.631913284935615,0.8044417556024978,1154
liddeej01,E.J. Liddell,BRK,26,ft_pct,0.8076923076923077,0.7992588854215594,0.6743080201504013,0.8891853093578289,349
liveris01,Isaiah Livers,PHO,28,ft_pct,0.75,0.7463151489488754,0.6213642836777172,0.8362415728851449,347
looneke01,Kevon Looney,NOP,30,ft_pct,0.7,0.6388220949528416,0.5138712296816834,0.7287485188891111,308
lopezbr01,Brook Lopez,LAC,38,ft_pct,0.7567567567567568,0.7972087272957898,0.703923920365204,0.8764523910320867,1635
loveca01,Caleb Love,POR,25,ft_pct,0.7346938775510204,0.7544440644945558,0.6294931992233976,0.8443704884308253,1013
loveke01,Kevin Love,UTA,38,ft_pct,0.8409090909090909,0.7848370278231352,0.6598861625519771,0.8747634517594047,613
maluakh01,Khaman Maluach,PHO,20,ft_pct,0.7096774193548387,0.7602124188652418,0.6352615535940836,0.8501388428015113,411
mamuksa01,Sandro Mamukelashvili,TOR,27,ft_pct,0.7468354430379747,0.7479377856784014,0.6546529787478156,0.8271814494146983,1751
mannte01,Terance Mann,BRK,30,ft_pct,0.7875,0.7772019514325684,0.6839171445019826,0.8564456151688653,1529
manntr01,Tre Mann,CHO,25,ft_pct,0.8518518518518519,0.8206547720781993,0.6957039068070411,0.9105811960144687,669
markkla01,Lauri Markkanen,UTA,29,ft_pct,0.8955223880597015,0.8856120100209721,0.7923272030903863,0.964855673757269,1443
marshna01,Naji Marshall,DAL,29,ft_pct,0.76,0.7753504121909686,0.716480314988871,0.8309600527117531,2184
martica02,Caleb Martin,DAL,31,ft_pct,0.6065573770491803,0.6690526602246968,0.5441017949535386,0.7589790841609663,856
martity01,Tyrese Martin,2TM,27,ft_pct,0.6785714285714286,0.7572365712748907,0.6322857060037326,0.8471629952111602,777
mashaja01,Jahmai Mashack,MEM,24,ft_pct,0.5428571428571428,0.6366713952161257,0.5117205299449675,0.7265978191523952,673
mathube01,Bennedict Mathurin,2TM,24,ft_pct,0.8690476190476191,0.8507779525844015,0.7574931456538156,0.9300216163206984,1620
matkoka01,Karlo Matković,NOP,25,ft_pct,0.7317073170731707,0.7630356688334532,0.638084803562295,0.8529620927697227,912
maxeyty01,Tyrese Maxey,PHI,26,ft_pct,0.8920863309352518,0.8821704642603194,0.8233003670582218,0.937780104781104,2661
mbengbe01,Bez Mbeng,UTA,23,ft_pct,0.64,0.712402613200207,0.5874517479290489,0.8023290371364765,492
mcbrimi01,Miles McBride,NYK,26,ft_pct,0.7872340425531915,0.8122751017206937,0.6873242364495356,0.9022015256569632,1080
mccaija01,Jared McCain,2TM,22,ft_pct,0.864406779661017,0.8645503523567389,0.7712655454261531,0.9437940160930358,1160
mccolcj01,CJ McCollum,2TM,35,ft_pct,0.7721518987341772,0.7633473361937108,0.7044772389916132,0.8189569767144953,2264
mccontj01,T.J. McConnell,IND,34,ft_pct,0.8620689655172413,0.7862401905553602,0.661289325284202,0.8761666144916297,963
mcdanja02,Jaden McDaniels,MIN,26,ft_pct,0.8352272727272727,0.8120202065401215,0.753150109338024,0.8676298470609061,2316
mcderdo01,Doug McDermott,SAC,35,ft_pct,0.8888888888888888,0.7331667690956126,0.6082159038244545,0.8230931930318821,439
mcgowbr01,Bryce McGowens,NOP,24,ft_pct,0.7789473684210526,0.78447570978213,0.6595248445109718,0.8744021337183995,880
mclaujo01,Jordan McLaughlin,SAS,30,ft_pct,0.8571428571428571,0.7804519199765192,0.655501054705361,0.8703783439127887,282
mcneeli01,Liam McNeeley,CHO,21,ft_pct,0.8205128205128205,0.818276462313136,0.6933255970419778,0.9082028862494055,368
meltode01,De'Anthony Melton,GSW,28,ft_pct,0.8264462809917356,0.8255892740905415,0.7323044671599557,0.9048329378268384,1125
merrisa01,Sam Merrill,CLE,30,ft_pct,0.855072463768116,0.8762498167916816,0.7829650098610957,0.9554934805279784,1377
middlkh01,Khris Middleton,2TM,35,ft_pct,0.875,0.8516390227750295,0.7583542158444436,0.9308826865113263,1439
millebr02,Brandon Miller,CHO,24,ft_pct,0.8923766816143498,0.8712263335610512,0.8123562363589536,0.9268359740818357,1968
millejo02,Jordan Miller,LAC,27,ft_pct,0.7771428571428571,0.7806598666869881,0.6873750597564022,0.8599035304232849,1325
millele01,Leonard Miller,2TM,23,ft_pct,0.7358490566037735,0.7572582092290822,0.632307343957924,0.8471846331653516,719
minotjo01,Josh Minott,2TM,24,ft_pct,0.7868852459016393,0.8089230097101484,0.6839721444389902,0.8988494336464179,834
missiyv01,Yves Missi,NOP,22,ft_pct,0.5588235294117647,0.6206553122744826,0.5273705053438967,0.6998989760107794,1297
mitchaj01,Ajay Mitchell,OKC,24,ft_pct,0.8703703703703703,0.8621875037500332,0.7689026968194473,0.94143116748633,1473
mitchda01,Davion Mitchell,MIA,28,ft_pct,0.6461538461538462,0.6896955251272578,0.6308254279251603,0.7453051656480424,2000
mitchdo01,Donovan Mitchell,CLE,30,ft_pct,0.8651162790697674,0.8532011548517825,0.7943310576496849,0.908810795372567,2342
mobleev01,Evan Mobley,CLE,25,ft_pct,0.6060606060606061,0.6780161200729088,0.6191460228708112,0.7336257605936933,2074
monkma01,Malik Monk,SAC,28,ft_pct,0.8785046728971962,0.8548313623690003,0.7615465554384144,0.9340750261052971,1364
moodymo01,Moses Moody,GSW,24,ft_pct,0.7699115044247787,0.7891661500705894,0.6958813431400036,0.8684098138068863,1540
moranja01,Ja Morant,MEM,27,ft_pct,0.8974358974358975,0.8413587068798941,0.7164078416087359,0.9312851308161636,569
murphtr02,Trey Murphy III,NOP,26,ft_pct,0.8861788617886179,0.8727264122264938,0.8138563150243963,0.9283360527472784,2341
murraco01,Collin Murray-Boyles,TOR,21,ft_pct,0.6574074074074074,0.6876549310798108,0.594370124149225,0.7668985948161077,1246
murrade01,Dejounte Murray,NOP,30,ft_pct,0.8666666666666667,0.815243378758782,0.6902925134876238,0.9051698026950514,389
murraja01,Jamal Murray,DEN,29,ft_pct,0.8871794871794871,0.8765510499381726,0.817680952736075,0.9321606904589571,2652
murrake02,Keegan Murray,SAC,26,ft_pct,0.7755102040816326,0.8153734994649258,0.6904226341937676,0.9052999234011953,793
murrakr01,Kris Murray,POR,26,ft_pct,0.6842105263157895,0.6276120365673762,0.5343272296367904,0.7068557003036731,1333
mykhasv01,Svi Mykhailiuk,UTA,29,ft_pct,0.8928571428571429,0.8167557976572614,0.7234709907266755,0.8959994613935582,1156
nancela02,Larry Nance Jr.,CLE,34,ft_pct,0.46153846153846156,0.7171856698084537,0.5922348045372955,0.8071120937447231,449
nancepe01,Pete Nance,MIL,26,ft_pct,0.36363636363636365,0.6376306998998722,0.512679834628714,0.7275571238361417,737
nembhan01,Andrew Nembhard,IND,27,ft_pct,0.8247863247863247,0.8125441667827809,0.719259359852195,0.8917878305190777,1786
nembhry01,Ryan Nembhard,DAL,23,ft_pct,0.8064516129032258,0.8056647349746782,0.7123799280440923,0.884908398710975,1171
nesmiaa01,Aaron Nesmith,IND,27,ft_pct,0.8288288288288288,0.83073882501679,0.7374540180862041,0.9099824887530868,1335
newelas01,Asa Newell,ATL,21,ft_pct,0.5517241379310345,0.6572822367449502,0.5323313714737921,0.7472086606812197,500
nnajize01,Zeke Nnaji,DEN,26,ft_pct,0.7727272727272727,0.7094926895700262,0.584541824298868,0.7994191135062957,626
nurkiju01,Jusuf Nurkić,UTA,32,ft_pct,0.5486725663716814,0.6265027257462842,0.501551860475126,0.7164291496825537,1083
okogijo01,Josh Okogie,HOU,28,ft_pct,0.5942028985507246,0.7012365220564087,0.6079517151258229,0.7804801857927056,1354
okongon01,Onyeka Okongwu,ATL,26,ft_pct,0.7574257425742574,0.7667014545211357,0.7078313573190381,0.8223110950419202,2297
okorois01,Isaac Okoro,CHI,26,ft_pct,0.7946428571428571,0.7466511026712176,0.6533662957406318,0.8258947664075145,1695
olbrila01,Lachlan Olbrich,CHI,23,ft_pct,0.375,0.5203353638170229,0.39538449854586477,0.6102617877532924,344
olynyke01,Kelly Olynyk,SAS,35,ft_pct,0.7105263157894737,0.7858190952272115,0.6608682299560533,0.875745519163481,360
onealro01,Royce O'Neale,PHO,33,ft_pct,0.7105263157894737,0.7174520112052463,0.6585819140031487,0.7730616517260308,2213
oubreke01,Kelly Oubre Jr.,PHI,31,ft_pct,0.7655172413793103,0.7509527777294024,0.6576679707988166,0.8301964414656993,1574
payneca01,Cameron Payne,PHI,32,ft_pct,0.8636363636363636,0.8656662598829519,0.7407153946117937,0.9555926838192214,374
paytoga02,Gary Payton II,GSW,34,ft_pct,0.65,0.6916267337201051,0.5983419267895193,0.770870397456402,1142
peavymi01,Micah Peavy,NOP,25,ft_pct,0.7586206896551724,0.7743473604912424,0.6493964952200842,0.8642737844275119,913
pendano01,Noah Penda,ORL,22,ft_pct,0.6875,0.7254400891287122,0.600489223857554,0.8153665130649816,757
peterta01,Taelon Peter,IND,24,ft_pct,0.625,0.7192117206014903,0.5942608553303321,0.8091381445377598,492
phillju01,Julian Phillips,2TM,23,ft_pct,0.782608695652174,0.784913370806613,0.6599625055354549,0.8748397947428825,428
pickeja02,Jalen Pickett,DEN,27,ft_pct,0.7894736842105263,0.7813873623066796,0.6564364970355214,0.8713137862429491,807
plowdda01,Daeqwon Plowden,SAC,28,ft_pct,0.8571428571428571,0.8371411132708179,0.7121902479996597,0.9270675372070873,844
podzibr01,Brandin Podziemski,GSW,23,ft_pct,0.7966804979253111,0.776383373933906,0.7175132767318084,0.8319930144546905,2333
poeltja01,Jakob Poeltl,TOR,31,ft_pct,0.6020408163265306,0.625181220185496,0.5318964132549102,0.7044248839217929,1149
poolejo01,Jordan Poole,NOP,27,ft_pct,0.8596491228070176,0.8718254645309551,0.7468745992597969,0.9617518884672246,933
portecr01,Craig Porter Jr.,CLE,26,ft_pct,0.6,0.6958155103360486,0.6025307034054628,0.7750591740723455,1148
porteke02,Kevin Porter Jr.,MIL,26,ft_pct,0.8782051282051282,0.8268654788214664,0.7335806718908806,0.9061091425577633,1261
portemi01,Michael Porter Jr.,BRK,28,ft_pct,0.8590308370044053,0.823907999826702,0.7306231928961162,0.9031516635629989,1689
portibo01,Bobby Portis,MIL,31,ft_pct,0.7058823529411765,0.7697312619361327,0.6764464550055469,0.8489749256724296,1619
porzikr01,Kristaps Porziņģis,2TM,31,ft_pct,0.8417721518987342,0.8290327075414212,0.704081842270263,0.9189591314776907,769
postqu01,Quinten Post,GSW,26,ft_pct,0.7906976744186046,0.787821822833099,0.6945370159025132,0.8670654865693959,1159
pottemi01,Micah Potter,IND,28,ft_pct,0.8415841584158416,0.8354984229533896,0.7105475576822314,0.9254248468896591,908
poulajo01,John Poulakidas,DAL,23,ft_pct,0.8571428571428571,0.8107459255326046,0.6857950602614464,0.9006723494688741,253
poweldr01,Drake Powell,BRK,21,ft_pct,0.8961038961038961,0.883085931574741,0.7898011246441552,0.9623295953110379,1320
poweldw01,Dwight Powell,DAL,35,ft_pct,0.6964285714285714,0.697237050294906,0.5722861850237478,0.7871634742311755,904
powelno01,Norman Powell,MIA,33,ft_pct,0.8270440251572327,0.8120073579902887,0.7187225510597028,0.8912510217265855,1717
princta02,Taurean Prince,MIL,32,ft_pct,1.0,0.7869434986442208,0.6619926333730626,0.8768699225804902,611
pritcpa01,Payton Pritchard,BOS,29,ft_pct,0.8897058823529411,0.8585930601471269,0.7997229629450293,0.9142027006679114,2556
proctty01,Tyrese Proctor,CLE,22,ft_pct,0.8888888888888888,0.8657447986739696,0.7407939334028114,0.9556712226102391,545
prospol01,Olivier-Maxence Prosper,MEM,24,ft_pct,0.7543859649122807,0.7244336932557642,0.5994828279846061,0.8143601171920337,984
queende01,Derik Queen,NOP,22,ft_pct,0.7948717948717948,0.8035777778179714,0.7447076806158738,0.8591874183387559,2023
quetane01,Neemias Queta,BOS,27,ft_pct,0.7028571428571428,0.7195008692741053,0.6606307720720077,0.7751105097948898,1926
quickim01,Immanuel Quickley,TOR,27,ft_pct,0.821256038647343,0.8394050153069832,0.7805349181048856,0.8950146558277677,2231
randlju01,Julius Randle,MIN,32,ft_pct,0.8024193548387096,0.798276090375693,0.7394059931735955,0.8538857308964776,2610
raynama01,Maxime Raynaud,SAC,23,ft_pct,0.7857142857142857,0.7937238590237712,0.7348537618216736,0.8493334995445557,1964
reathdu01,Duop Reath,POR,30,ft_pct,0.8333333333333334,0.7883901789655781,0.6634393136944199,0.8783166029018475,258
reaveau01,Austin Reaves,LAL,28,ft_pct,0.8706199460916442,0.8688347304320757,0.7755499235014899,0.9480783941683726,1762
reedpa01,Paul Reed,DET,27,ft_pct,0.6636363636363637,0.7031783696502036,0.5782275043790455,0.7931047935864731,901
reeseju01,Julian Reese,WAS,23,ft_pct,0.6363636363636364,0.6909212841820492,0.5659704189108911,0.7808477081183187,402
reidna01,Naz Reid,MIN,27,ft_pct,0.7317073170731707,0.7507263840022862,0.6918562868001886,0.8063360245230707,2007
richaja02,Jase Richardson,ORL,21,ft_pct,0.717391304347826,0.7479538207507239,0.6230029554795657,0.8378802446869934,587
richani01,Nick Richards,2TM,29,ft_pct,0.6435643564356436,0.7135098322854463,0.5885589670142881,0.8034362562217158,701
richawi02,Will Richard,GSW,24,ft_pct,0.8518518518518519,0.8389899965779829,0.7457051896473971,0.9182336603142798,1377
rileywi01,Will Riley,WAS,20,ft_pct,0.8,0.8197233664399246,0.7264385595093388,0.8989670301762215,1633
risacza01,Zaccharie Risacher,ATL,21,ft_pct,0.6444444444444445,0.7018596732250351,0.6085748662944492,0.7811033369613319,1503
robindu01,Duncan Robinson,DET,32,ft_pct,0.7545454545454545,0.8130929817400185,0.754222884537921,0.8687026222608031,2113
robinje02,Jeremiah Robinson-Earl,2TM,26,ft_pct,0.9444444444444444,0.8390204337915048,0.7140695685203466,0.9289468577277743,361
robinmi01,Mitchell Robinson,NYK,28,ft_pct,0.4077669902912621,0.4757894088973243,0.3825046019667384,0.5550330726336212,1175
rolliry01,Ryan Rollins,MIL,24,ft_pct,0.7961783439490446,0.8013554958692977,0.7424853986672001,0.8569651363900822,2376
ruperra01,Rayan Rupert,2TM,22,ft_pct,0.7777777777777778,0.7835849130221588,0.6586340477510007,0.8735113369584283,1072
russeda01,D'Angelo Russell,DAL,30,ft_pct,0.7166666666666667,0.8090944451035383,0.6841435798323802,0.8990208690398078,495
ryanco01,Cormac Ryan,MIL,28,ft_pct,0.9230769230769231,0.863555575190119,0.7386047099189609,0.9534819991263885,271
sabondo01,Domantas Sabonis,SAC,30,ft_pct,0.7272727272727273,0.7328388535908757,0.6078879883197176,0.8227652775271452,564
salauti01,Tidjane Salaün,CHO,21,ft_pct,0.65,0.71515518566923,0.5902043203980718,0.8050816096054995,575
sandeko01,Kobe Sanders,LAC,24,ft_pct,0.8260869565217391,0.8221855370120269,0.7289007300814411,0.9014292007483238,1351
santogu01,Gui Santos,GSW,24,ft_pct,0.725,0.730859503209738,0.6375746962791522,0.8101031669460349,1395
sarafbe01,Ben Saraf,BRK,20,ft_pct,0.8295454545454546,0.8423436465912857,0.7173927813201275,0.9322700705275552,916
sarral01,Alex Sarr,WAS,21,ft_pct,0.6917808219178082,0.7026154628534387,0.6093306559228528,0.7818591265897356,1305
sassema01,Marcus Sasser,DET,26,ft_pct,0.8333333333333334,0.8455200859337735,0.7205692206626153,0.935446509870043,457
scheiba01,Baylor Scheierman,BOS,26,ft_pct,0.9032258064516129,0.8413914194882689,0.7481066125576831,0.9206350832245658,1429
schrode01,Dennis Schröder,2TM,33,ft_pct,0.8341463414634146,0.8270009244221889,0.733716117491603,0.9062445881584857,1697
sengual01,Alperen Şengün,HOU,24,ft_pct,0.6914893617021277,0.6995860909277523,0.6407159937256547,0.7551957314485368,2398
sensabr01,Brice Sensabaugh,UTA,23,ft_pct,0.8258706467661692,0.8498836259258855,0.7565988189952997,0.9291272896621824,1762
sextoco01,Collin Sexton,2TM,28,ft_pct,0.8549019607843137,0.8585342295748932,0.7652494226443074,0.9377778933111901,1614
shamela01,Landry Shamet,NYK,29,ft_pct,0.7105263157894737,0.7374948810189256,0.6442100740883397,0.8167385447552225,1171
shannte01,Terrence Shannon Jr.,MIN,26,ft_pct,0.8,0.8005063638061201,0.6755554985349619,0.8904327877423895,538
sharpda01,Day'Ron Sharpe,BRK,25,ft_pct,0.6776315789473685,0.6890605208384735,0.5957757139078876,0.7683041845747703,1160
sharpsh01,Shaedon Sharpe,POR,23,ft_pct,0.7868020304568528,0.7996706960948322,0.7063858891642464,0.8789143598311291,1471
sheadja01,Jamal Shead,TOR,24,ft_pct,0.7844827586206896,0.7853926948110724,0.7265225976089749,0.841002335331857,1852
sheppbe01,Ben Sheppard,IND,25,ft_pct,0.7647058823529411,0.8157049995540349,0.722420192623449,0.8949486632903317,1390
sheppre01,Reed Sheppard,HOU,22,ft_pct,0.8023255813953488,0.8097211906205326,0.750851093418435,0.8653308311413171,2147
siakapa01,Pascal Siakam,IND,32,ft_pct,0.6931216931216931,0.7163027748932325,0.6574326776911349,0.771912415414017,2057
simonan01,Anfernee Simons,2TM,27,ft_pct,0.8961038961038961,0.8982530223225866,0.8049682153920008,0.9774966860588835,1372
simpskj01,KJ Simpson,2TM,24,ft_pct,0.6111111111111112,0.7682348122871618,0.6432839470160037,0.8581612362234313,257
simsje01,Jericho Sims,MIL,28,ft_pct,0.6197183098591549,0.6551649914629332,0.5618801845323473,0.73440865519923,1318
slawsja01,Jalen Slawson,IND,27,ft_pct,0.7058823529411765,0.7481369698256068,0.6231861045544487,0.8380633937618763,311
smallja01,Javon Small,MEM,24,ft_pct,0.8292682926829268,0.8259627179009237,0.7010118526297655,0.9158891418371932,830
smartma01,Marcus Smart,LAL,32,ft_pct,0.8217054263565892,0.7956446913322522,0.7023598844016664,0.8748883550685491,1769
smithdr01,Dru Smith,MIA,29,ft_pct,0.8285714285714286,0.8140158030906429,0.7207309961600571,0.8932594668269398,1141
smithja04,Jalen Smith,CHI,26,ft_pct,0.7419354838709677,0.754252282852217,0.6609674759216312,0.8334959465885139,1095
smithja05,Jabari Smith Jr.,HOU,23,ft_pct,0.7751196172248804,0.80422164845145,0.7453515512493525,0.8598312889722346,2705
smithma02,Malachi Smith,BRK,27,ft_pct,1.0,0.8450385188198983,0.7200876535487402,0.9349649427561678,359
smithni01,Nick Smith Jr.,LAL,22,ft_pct,0.7333333333333333,0.8616841286427446,0.7367332633715864,0.9516105525790141,375
sochaje01,Jeremy Sochan,2TM,23,ft_pct,0.7307692307692307,0.7435281985910344,0.6185773333198762,0.8334546225273038,469
spencca01,Cam Spencer,MEM,26,ft_pct,0.9402985074626866,0.9290789895678335,0.8357941826372477,1.0083226533041305,1714
spencpa01,Pat Spencer,GSW,30,ft_pct,0.7719298245614035,0.7723408977594444,0.6790560908288585,0.8515845614957412,1229
stewais01,Isaiah Stewart,DET,25,ft_pct,0.7557251908396947,0.7634958558427362,0.6702110489121503,0.842739519579033,1317
strawju01,Julian Strawther,DEN,24,ft_pct,0.8142857142857143,0.8089793399540901,0.6840284746829319,0.8989057638903596,861
strusma01,Max Strus,CLE,30,ft_pct,0.7777777777777778,0.8007693055713362,0.675818440300178,0.8906957295076057,288
suggsja01,Jalen Suggs,ORL,25,ft_pct,0.8547008547008547,0.8343030914873366,0.7410182845567508,0.9135467552236335,1574
tateja01,Jae'Sean Tate,HOU,31,ft_pct,0.6363636363636364,0.6884869333308531,0.5635360680596949,0.7784133572671226,405
tatumja01,Jayson Tatum,BOS,28,ft_pct,0.8227848101265823,0.8229685691320344,0.6980177038608762,0.9128949930683039,522
terryda01,Dalen Terry,2TM,24,ft_pct,0.5333333333333333,0.6614287190286198,0.5364778537574616,0.7513551429648893,551
thomaca02,Cam Thomas,2TM,25,ft_pct,0.8106508875739645,0.8495810509432319,0.7246301856720737,0.9395074748795014,881
thompam01,Amen Thompson,HOU,24,ft_pct,0.7794871794871795,0.7457777673855076,0.68690767018341,0.8013874079062921,2953
thompau01,Ausar Thompson,DET,24,ft_pct,0.5706806282722513,0.6120567289627692,0.5531866317606716,0.6676663694835537,1896
thompet01,Ethan Thompson,IND,27,ft_pct,0.7872340425531915,0.7862012713316079,0.6612504060604497,0.8761276952678774,653
thompkl01,Klay Thompson,DAL,36,ft_pct,0.7659574468085106,0.8688386309741299,0.7755538240435441,0.9480822947104268,1497
thybuma01,Matisse Thybulle,POR,29,ft_pct,0.84,0.743469060087733,0.6185181948165748,0.8333954840240024,480
tomlina01,Nae'Qwan Tomlin,CLE,26,ft_pct,0.7704918032786885,0.7758582110288521,0.6509073457576939,0.8657846349651216,1004
toppiob01,Obi Toppin,IND,28,ft_pct,0.9130434782608695,0.8074911803786239,0.6825403151074657,0.8974176043148934,424
townska01,Karl-Anthony Towns,NYK,31,ft_pct,0.8581730769230769,0.843205183095133,0.7843350858930355,0.8988148236159176,2322
traorno01,Nolan Traoré,BRK,20,ft_pct,0.7872340425531915,0.8079673159244717,0.7146825089938859,0.8872109796607686,1243
trentga02,Gary Trent Jr.,MIL,28,ft_pct,0.7692307692307693,0.8010223666421692,0.7077375597115834,0.8802660303784661,1377
tshieos01,Oscar Tshiebwe,UTA,27,ft_pct,0.5510204081632653,0.6514312663775026,0.5264804011063444,0.7413576903137721,448
turnemy01,Myles Turner,MIL,30,ft_pct,0.7401129943502824,0.7662553491621064,0.7073852519600088,0.8218649896828909,1912
tysonja01,Jaylon Tyson,CLE,24,ft_pct,0.7383177570093458,0.7572847357969936,0.6639999288664078,0.8365283995332905,1777
valanjo01,Jonas Valančiūnas,DEN,34,ft_pct,0.7720588235294118,0.8144835583664929,0.6895326930953347,0.9044099823027624,871
vandeja01,Jarred Vanderbilt,LAL,27,ft_pct,0.5892857142857143,0.6258826630514027,0.5325978561208169,0.7051263267876996,1128
vassede01,Devin Vassell,SAS,26,ft_pct,0.8153846153846154,0.8048062289114707,0.7459361317093731,0.8604158694322552,2044
vincega01,Gabe Vincent,2TM,30,ft_pct,0.8695652173913043,0.8001030043020363,0.6751521390308781,0.8900294282383058,879
vucevni01,Nikola Vučević,2TM,36,ft_pct,0.8279569892473119,0.8129480028406835,0.7196631959100976,0.8921916665769803,1818
vukcetr01,Tristan Vukcevic,WAS,23,ft_pct,0.7837837837837838,0.7897771447888332,0.664826279517675,0.8797035687251027,671
wadede01,Dean Wade,CLE,30,ft_pct,0.7105263157894737,0.6944613676252673,0.6011765606946815,0.7737050313615642,1318
wagnefr01,Franz Wagner,ORL,25,ft_pct,0.8232323232323232,0.8533376335664432,0.728386768295285,0.9432640575027127,1019
wagnemo01,Moritz Wagner,ORL,29,ft_pct,0.8194444444444444,0.7830711255837023,0.6581202603125441,0.8729975495199718,427
walkeja01,Jabari Walker,PHI,24,ft_pct,0.7352941176470589,0.7425119994440788,0.6175611341729206,0.8324384233803482,762
walkeja02,Jarace Walker,IND,23,ft_pct,0.7486338797814208,0.745268111544186,0.6863980143420885,0.8008777520649706,1953
wallaca01,Cason Wallace,OKC,23,ft_pct,0.8088235294117647,0.8098692277050374,0.7509991305029399,0.865478868225822,2046
wallake01,Keaton Wallace,ATL,27,ft_pct,0.6666666666666666,0.7793906055701403,0.6544397402989821,0.8693170295064098,536
walshjo01,Jordan Walsh,BOS,22,ft_pct,0.7719298245614035,0.7632652528778493,0.6699804459472635,0.8425089166141462,1212
walteja01,Ja'Kobe Walter,TOR,22,ft_pct,0.7888888888888889,0.800130935563545,0.7068461286329591,0.8793745992998419,1474
wareke01,Kel'el Ware,MIA,22,ft_pct,0.7395833333333334,0.7375655435165406,0.6442807365859547,0.8168092072528375,1704
washipj01,P.J. Washington,DAL,28,ft_pct,0.6868131868131868,0.7043964522351323,0.6111116453045464,0.7836401159714291,1736
waterli01,Lindy Waters III,SAS,29,ft_pct,0.6666666666666666,0.7636920018825539,0.6387411366113958,0.8536184258188234,285
watfotr01,Trendon Watford,PHI,26,ft_pct,0.7792207792207793,0.7785081379895725,0.6535572727184144,0.868434561925842,864
watkija01,Jamir Watkins,WAS,25,ft_pct,0.6951219512195121,0.7180864366177357,0.5931355713465776,0.8080128605540052,1032
watsope01,Peyton Watson,DEN,24,ft_pct,0.7301587301587301,0.7181429268621695,0.6248581199315837,0.7973865905984664,1598
wellsja01,Jaylen Wells,MEM,23,ft_pct,0.783625730994152,0.8057934561439702,0.7125086492133844,0.8850371198802671,1821
wembavi01,Victor Wembanyama,SAS,23,ft_pct,0.8266666666666667,0.8274268593973062,0.7685567621952086,0.8830364999180907,1866
weslebl01,Blake Wesley,POR,23,ft_pct,0.5531914893617021,0.643547603637046,0.5185967383658878,0.7334740275733155,361
westbru01,Russell Westbrook,SAC,38,ft_pct,0.6939890710382514,0.6773493926072724,0.6184792954051749,0.732959033128057,1853
whiteco01,Coby White,2TM,26,ft_pct,0.8174273858921162,0.8549006177502033,0.7616158108196175,0.9341442814865002,1249
whitede01,Derrick White,BOS,32,ft_pct,0.9019607843137255,0.8772462011737289,0.8183761039716313,0.9328558416945134,2625
whitmca01,Cam Whitmore,WAS,22,ft_pct,0.7419354838709677,0.7346445032926987,0.6096936380215405,0.8245709272289682,354
wiggiaa01,Aaron Wiggins,OKC,28,ft_pct,0.7361111111111112,0.7860766080694902,0.6927918011389044,0.8653202718057871,1414
wiggian01,Andrew Wiggins,MIA,31,ft_pct,0.7839506172839507,0.7618517524590853,0.7029816552569877,0.8174613929798699,2063
willibr03,Brandon Williams,DAL,27,ft_pct,0.7927631578947368,0.7980203983487609,0.7047355914181751,0.8772640620850578,1463
willico04,Cody Williams,UTA,22,ft_pct,0.7058823529411765,0.7281069360482384,0.6348221291176526,0.8073505997845353,1631
willigr01,Grant Williams,CHO,28,ft_pct,0.8148148148148148,0.790761224979929,0.6658103597087708,0.8806876489161984,711
willija06,Jalen Williams,OKC,25,ft_pct,0.8372093023255814,0.8128297066001119,0.6878788413289537,0.9027561305363814,936
willija07,Jaylin Williams,OKC,24,ft_pct,0.7934782608695652,0.795702374314993,0.7024175673844072,0.8749460380512899,1277
willike04,Kenrich Williams,OKC,32,ft_pct,0.6346153846153846,0.673870518425895,0.5489196531547368,0.7637969423621644,855
willima07,Mark Williams,PHO,25,ft_pct,0.7714285714285715,0.7835813461342123,0.6902965392036264,0.8628250098705091,1416
willipa01,Patrick Williams,CHI,25,ft_pct,0.72,0.7461786655082534,0.6528938585776676,0.8254223292445503,1474
williro04,Robert Williams,POR,29,ft_pct,0.5964912280701754,0.6787100986779013,0.5537592334067432,0.7686365226141708,1008
willivi01,Vince Williams Jr.,2TM,26,ft_pct,0.78,0.7932004568509219,0.6682495915797637,0.8831268807871914,820
willizi01,Zion Williamson,NOP,26,ft_pct,0.7161290322580646,0.7034957759660573,0.6446256787639597,0.7591054164868418,1841
willizi02,Ziaire Williams,BRK,25,ft_pct,0.85,0.8382493406777134,0.7449645337471276,0.9174930044140103,1281
wilsoja03,Jalen Wilson,BRK,26,ft_pct,0.71875,0.783940234115859,0.6589893688447008,0.8738666580521285,859
wolfda01,Danny Wolf,BRK,22,ft_pct,0.7706422018348624,0.7821483171901205,0.6888635102595346,0.8613919809264173,1187
yabusgu01,Guerschon Yabusele,2TM,31,ft_pct,0.75,0.7335651872658416,0.6086143219946835,0.8234916112021111,1007
yangha01,Yang Hansen,POR,21,ft_pct,0.8235294117647058,0.8190060204500849,0.6940551551789267,0.9089324443863543,300
youngtr01,Trae Young,2TM,28,ft_pct,0.8247422680412371,0.8622836989856848,0.7373328337145266,0.9522101229219543,384
zubaciv01,Ivica Zubac,2TM,29,ft_pct,0.7112676056338029,0.6938065045786476,0.6005216976480617,0.7730501683149444,1446
achiupr01,Precious Achiuwa,SAC,27,mp,1745.0,1512.9545949772469,748.7877510753018,2202.2587647960318,1745
adamsst01,Steven Adams,HOU,33,mp,730.0,655.0645230859102,53.018690416497066,1386.689373316327,730
adebaba01,Bam Adebayo,MIA,29,mp,2365.0,2287.285708520255,1436.811288800965,2858.846510638112,2365
agbajoc01,Ochai Agbaji,2TM,26,mp,973.0,1442.7987792466886,840.7529465772755,2174.4236294771054,973
aldamsa01,Santi Aldama,MEM,26,mp,1198.0,1499.7218561697655,735.5550122678204,2189.0260259885504,1198
alexani01,Nickeil Alexander-Walker,ATL,28,mp,2603.0,2167.1764545650085,1316.7020348457186,2738.7372566828653,2603
allengr01,Grayson Allen,PHO,31,mp,1467.0,1623.595723973274,859.428880071329,2312.899893792059,1467
allenja01,Jarrett Allen,CLE,28,mp,1519.0,1939.0995314880856,1174.9326875861407,2628.4037013068705,1519
alvarjo01,Jose Alvarado,2TM,28,mp,1370.0,1269.3303007188547,505.1634568169096,1958.6344705376396,1370
anderky01,Kyle Anderson,3TM,33,mp,853.0,990.2962153936024,388.2503827241893,1721.9210656240193,853
antetgi01,Giannis Antetokounmpo,MIL,32,mp,1039.0,1687.0032138409476,1084.9573811715345,2418.6280640713644,1039
anthoco01,Cole Anthony,MIL,26,mp,527.0,1156.4910869389962,554.4452542695831,1888.115937169413,527
anunoog01,OG Anunoby,NYK,29,mp,2224.0,2078.1318623664088,1227.6574426471188,2649.6926644842656,2224
avdijde01,Deni Avdija,POR,26,mp,2199.0,2186.3372407851502,1335.8628210658603,2757.898042903007,2199
aytonde01,Deandre Ayton,LAL,28,mp,1958.0,1620.7149161034702,770.2404963841802,2192.275718221327,1958
baglema01,Marvin Bagley III,2TM,27,mp,1201.0,893.4930565157083,129.32621261376323,1582.7972263344932,1201
baileac01,Ace Bailey,UTA,20,mp,1988.0,2116.325283163288,1265.8508634439982,2687.886085281145,1988
ballla01,LaMelo Ball,CHO,25,mp,2017.0,1560.1918341406586,709.7174144213686,2131.7526362585154,2017
balllo01,Lonzo Ball,CLE,29,mp,728.0,701.9463239048703,99.90049123545714,1433.571174135287,728
banchpa01,Paolo Banchero,ORL,24,mp,2502.0,2306.615870354299,1456.1414506350093,2878.176672472156,2502
banede01,Desmond Bane,ORL,28,mp,2756.0,2156.3303007188547,1305.8558809995648,2727.8911028367115,2756
barlodo01,Dominick Barlow,PHI,23,mp,1689.0,1111.5050963901294,347.33825248818437,1800.8092662089143,1689
barneha02,Harrison Barnes,SAS,34,mp,1986.0,1956.4868669035613,1106.0124471842714,2528.047669021418,1986
barnesc01,Scottie Barnes,TOR,25,mp,2681.0,2328.2687572175814,1477.7943374982915,2899.8295593354383,2681
barnhbr01,Brooks Barnhizer,OKC,24,mp,348.0,617.4413404397696,15.395507770356517,1349.0661906701864,348
barrerj01,RJ Barrett,TOR,26,mp,1726.0,1817.8757023236117,1053.7088584216667,2507.1798721423966,1726
battlja01,Jamison Battle,TOR,25,mp,517.0,862.3524495252738,260.3066168558606,1593.9772997556906,517
batumni01,Nicolas Batum,LAC,38,mp,1295.0,1020.9189263577529,256.7520824558078,1710.2230961765379,1295
berinjo01,Joan Beringer,MIN,20,mp,314.0,721.3252831632881,119.27945049387495,1452.9501333937048,314
beysa01,Saddiq Bey,NOP,27,mp,2246.0,2086.2666177692695,1235.7921980499796,2657.8274198871263,2246
bitadgo01,Goga Bitadze,ORL,27,mp,972.0,1141.7238257464776,539.6779930770645,1873.3486759768944,972
blackan01,Anthony Black,ORL,23,mp,1910.0,1833.4281733132063,982.9537535939164,2404.9889754310634,1910
blackle01,Leaky Black,WAS,27,mp,433.0,486.37772888038063,-115.6681037890325,1218.0025791107973,433
bogdabo01,Bogdan Bogdanović,LAC,34,mp,452.0,1099.7176361343306,497.6718034649175,1831.3424863647474,452
bonaad01,Adem Bona,PHI,23,mp,1234.0,1258.3657117747448,494.1988678727997,1947.6698815935297,1234
bookede01,Devin Booker,PHO,30,mp,2146.0,2288.03533254746,1437.5609128281699,2859.5961346653166,2146
bouyeja01,Jamaree Bouyea,PHO,27,mp,644.0,759.5236548063066,157.47782213689345,1491.1485050367232,644
bradlto01,Tony Bradley,2TM,29,mp,450.0,488.18810168264815,-113.85773098676498,1219.8129519130648,450
branhma01,Malaki Branham,WAS,23,mp,275.0,854.5820194670525,252.5361867976394,1586.2068696974693,275
braunch01,Christian Braun,DEN,25,mp,1399.0,1900.3456802945047,1136.1788363925598,2589.6498501132896,1399
bridgmi01,Mikal Bridges,NYK,30,mp,2692.0,2666.1122556243827,1815.6378359050927,3237.6730577422395,2692
bridgmi02,Miles Bridges,CHO,28,mp,2387.0,2222.868762257316,1372.3943425380262,2794.429564375173,2387
brookdi01,Dillon Brooks,PHO,31,mp,1702.0,1907.672647050197,1143.5058031482517,2596.976816868982,1702
brownbr01,Bruce Brown,DEN,30,mp,1998.0,1520.7276402397674,670.2532205204775,2092.2884423576243,1998
brownja02,Jaylen Brown,BOS,30,mp,2443.0,2182.266101778229,1331.791682058939,2753.8269038960857,2443
brownko01,Kobe Brown,2TM,27,mp,963.0,652.0315180541699,49.98568538475672,1383.6563682845867,963
brunsja01,Jalen Brunson,NYK,30,mp,2590.0,2371.189178701306,1520.714758982016,2942.749980819163,2590
bryanca01,Carter Bryant,SAS,21,mp,818.0,1110.1237757908552,508.0779431214421,1841.748626021272,818
bryanth01,Thomas Bryant,CLE,29,mp,732.0,676.9780162125626,74.93218354314945,1408.6028664429793,732
burtoty01,Tyler Burton,MEM,26,mp,307.0,526.457582665492,-75.58825000392108,1258.0824328959088,307
butleji01,Jimmy Butler,GSW,37,mp,1182.0,1461.8889960910085,697.7221521890634,2151.1931659097936,1182
buzelma01,Matas Buzelis,CHI,22,mp,2248.0,2037.2239305240782,1186.7495108047883,2608.784732641935,2248
cainja01,Jamal Cain,ORL,27,mp,486.0,508.1853642080159,-93.8604684613972,1239.8102144384327,486
caldwke01,Kentavious Caldwell-Pope,MEM,33,mp,1088.0,1616.680830778218,1014.6349981088049,2348.3056810086346,1088
camarto01,Toumani Camara,POR,26,mp,2731.0,2390.4910869389964,1540.0166672197065,2962.0518890568533,2731
capelca01,Clint Capela,HOU,32,mp,926.0,1143.233983071717,541.1881504023038,1874.8588333021337,926
cardwdy01,Dylan Cardwell,SAC,25,mp,907.0,1028.927560636385,426.88172796697177,1760.5524108668017,907
carlsbr01,Branden Carlson,OKC,27,mp,488.0,629.5236548063066,27.47782213689345,1361.1485050367232,488
carrica01,Bub Carrington,WAS,21,mp,2271.0,2461.1153313464106,1610.6409116271207,3032.6761334642674,2271
cartede02,Devin Carter,SAC,24,mp,700.0,749.7995626619919,147.75372999257877,1481.4244128924088,700
carteje01,Jevon Carter,2TM,31,mp,867.0,668.2880316655816,66.24219899616844,1399.9128818959985,867
cartewe01,Wendell Carter Jr.,ORL,27,mp,2288.0,1852.4161334387852,1001.9417137194953,2423.9769355566423,2288
carusal01,Alex Caruso,OKC,32,mp,1020.0,1174.0801369178707,572.0343042484576,1905.7049871482875,1020
castlst01,Stephon Castle,SAS,22,mp,2038.0,2192.623930524078,1342.149510804788,2764.1847326419347,2038
champju01,Justin Champagnie,WAS,25,mp,1377.0,1411.552449525274,647.3856056233288,2100.856619344059,1377
champju02,Julian Champagnie,SAS,25,mp,2266.0,1962.0379879868124,1111.5635682675224,2533.598790104669,2266
chandke01,Kennedy Chandler,UTA,24,mp,355.0,623.274673773103,21.228841103689888,1354.8995240035197,355
chrisca02,Cam Christie,LAC,21,mp,480.0,828.4571091241886,226.41127645477548,1560.0819593546053,480
chrisma02,Max Christie,DAL,23,mp,2244.0,1984.9666348516678,1134.4922151323779,2556.5274369695244,2244
cissemo01,Moussa Cisse,DAL,24,mp,530.0,769.1080071064364,167.06217443702326,1500.7328573368532,530
cissosi01,Sidy Cissoko,POR,22,mp,1435.0,1590.6990416351894,826.5321977332443,2280.0032114539745,1435
clarkja02,Jaylen Clark,MIN,25,mp,888.0,839.8524495252738,237.80661685586063,1571.4772997556906,888
clarkjo01,Jordan Clarkson,NYK,34,mp,1279.0,1133.102251518946,368.93540761700103,1822.406421337731,1279
claxtni01,Nic Claxton,BRK,27,mp,1920.0,1912.8776719003238,1062.4032521810338,2484.4384740181804,1920
claytwa01,Walter Clayton,2TM,23,mp,1410.0,1540.4074895525225,776.2406456505774,2229.7116593713076,1410
cliffni01,Nique Clifford,SAC,24,mp,1882.0,1895.7746737731031,1045.3002540538132,2467.33547589096,1882
clingdo01,Donovan Clingan,POR,22,mp,2094.0,1885.423930524078,1034.9495108047881,2456.984732641935,2094
clownno01,Noah Clowney,BRK,22,mp,1780.0,1369.6556228317704,605.4887789298253,2058.9597926505553,1780
coffeam01,Amir Coffey,2TM,29,mp,490.0,1060.5934008279473,458.5475681585342,1792.218251058364,490
colliis01,Isaiah Collier,UTA,22,mp,1517.0,1802.923930524078,1038.757086622133,2492.228100342863,1517
collijo01,John Collins,LAC,29,mp,1872.0,1531.4395546741011,680.9651349548112,2103.000356791958,1872
conlemi01,Mike Conley,MIN,39,mp,991.0,1370.2012932497134,768.1554605803003,2101.82614348013,991
connapa01,Pat Connaughton,CHO,34,mp,297.0,643.5637899804844,41.517957311071314,1375.1886402109012,297
coopesh01,Sharife Cooper,WAS,25,mp,700.0,856.4275606363849,254.38172796697177,1588.0524108668017,700
coulibi01,Bilal Coulibaly,WAS,22,mp,1468.0,1838.8094689856166,1074.6426250836716,2528.1136388044015,1468
cowarce01,Cedric Coward,MEM,23,mp,1598.0,1697.0741562191893,932.9073123172442,2386.378326037974,1598
cryerlj01,LJ Cryer,GSW,25,mp,292.0,516.427560636385,-85.61827203302812,1248.052410866802,292
cunnica01,Cade Cunningham,DET,25,mp,2172.0,2225.73029567912,1375.25587595983,2797.291097796977,2172
curryst01,Stephen Curry,GSW,38,mp,1329.0,1512.1496955885223,747.9828516865772,2201.453865407307,1329
daniedy01,Dyson Daniels,ATL,23,mp,2520.0,2323.2743271593604,1472.7999074400705,2894.835129277217,2520
dasiltr01,Tristan Da Silva,ORL,25,mp,1899.0,1788.1524495252738,937.6780298059839,2359.7132516431307,1899
davisan02,Anthony Davis,DAL,33,mp,626.0,1331.4500615474485,729.4042288780354,2063.074911777865,626
demineg01,Egor Dëmin,BRK,20,mp,1308.0,1549.6586164966213,785.4917725946763,2238.9627863154064,1308
derozde01,DeMar DeRozan,SAC,37,mp,2406.0,2465.6582268602388,1615.1838071409488,3037.2190289780956,2406
diabamo01,Moussa Diabaté,CHO,25,mp,1899.0,1632.952449525274,782.4780298059841,2204.513251643131,1899
diawamo01,Mohamed Diawara,NYK,21,mp,634.0,956.7904424575219,354.74460978810873,1688.4152926879387,634
dickgr01,Gradey Dick,TOR,23,mp,1067.0,1440.8897117747447,838.8438791053316,2172.5145620051617,1067
diengou01,Ousmane Dieng,2TM,23,mp,1099.0,881.120481005514,116.9536371035689,1570.424650824299,1099
dilliro01,Rob Dillingham,2TM,22,mp,970.0,1000.2239305240781,398.178097854665,1731.8487807544948,970
divindo01,Donte DiVincenzo,MIN,30,mp,2494.0,2035.9584094705365,1185.4839897512466,2607.5192115883933,2494
doncilu01,Luka Dončić,LAL,27,mp,2289.0,2137.2622872849392,1286.7878675656493,2708.823089402796,2289
dortlu01,Luguentz Dort,OKC,27,mp,1849.0,1974.3392103618621,1123.8647906425722,2545.900012479719,1849
dosunay01,Ayo Dosunmu,2TM,27,mp,1881.0,1769.8776719003238,919.4032521810338,2341.4384740181804,1881
drumman01,Andre Drummond,PHI,33,mp,1231.0,958.9885230859101,194.821679183965,1648.292692904695,1231
dunnkr01,Kris Dunn,LAC,32,mp,2230.0,1685.233983071717,834.759563352427,2256.7947851895738,2230
dunnry01,Ryan Dunn,PHO,24,mp,1355.0,1482.899562661992,718.7327187600469,2172.203732480777,1355
duranke01,Kevin Durant,HOU,38,mp,2840.0,2182.6881571269837,1332.2137374076938,2754.2489592448405,2840
durenja01,Jalen Duren,DET,23,mp,1976.0,2045.5050963901294,1195.0306766708395,2617.0658985079863,1976
easonta01,Tari Eason,HOU,25,mp,1549.0,1300.73029567912,536.5634517771749,1990.0344654979049,1549
edeyza01,Zach Edey,MEM,24,mp,284.0,949.7995626619919,347.75372999257877,1681.4244128924088,284
edgecvj01,VJ Edgecombe,PHI,21,mp,2623.0,2614.2904424575217,1763.8160227382318,3185.8512445753786,2623
edwaran01,Anthony Edwards,MIN,25,mp,2137.0,2501.8072187560433,1651.3327990367534,3073.3680208739,2137
edwarju01,Justin Edwards,PHI,23,mp,977.0,1229.8657117747448,627.8198791053317,1961.4905620051616,977
elliske01,Keon Ellis,2TM,27,mp,1478.0,1500.5699795926314,736.4031356906863,2189.8741494114165,1478
embiijo01,Joel Embiid,PHI,32,mp,1201.0,931.3109061486401,167.14406224669506,1620.6150759674251,1201
etienty01,Tyson Etienne,BRK,27,mp,380.0,539.5236548063066,-62.52217786310655,1271.1485050367232,380
eubandr01,Drew Eubanks,SAC,29,mp,552.0,708.9780162125626,106.93218354314945,1440.6028664429793,552
fearsje01,Jeremiah Fears,NOP,20,mp,2112.0,2219.658616496621,1369.1841967773312,2791.219418614478,2112
filipky01,Kyle Filipowski,UTA,23,mp,1801.0,1788.6657117747448,1024.4988678727996,2477.96988159353,1801
finnedo01,Dorian Finney-Smith,HOU,33,mp,620.0,1186.8346769320642,584.7888442626511,1918.459527162481,620
flaggco01,Cooper Flagg,DAL,20,mp,2344.0,2412.9919498299546,1562.5175301106647,2984.5527519478114,2344
flemira01,Rasheer Fleming,PHO,22,mp,673.0,955.6990416351892,353.6532089657761,1687.3238918656061,673
fontesi01,Simone Fontecchio,MIA,31,mp,1173.0,1215.518800896351,451.3519569944059,1904.8229707151359,1173
foxde01,De'Aaron Fox,SAS,29,mp,2231.0,2158.5934008279473,1308.1189811086574,2730.154202945804,2231
furphjo01,Johnny Furphy,IND,22,mp,643.0,781.9239305240782,179.87809785466504,1513.548780754495,643
gaffoda01,Daniel Gafford,DAL,28,mp,1195.0,1340.561069949624,576.3942260476789,2029.865239768409,1195
gardnmy01,Myron Gardner,MIA,25,mp,411.0,615.5942273030516,13.548394633638509,1347.2190775334684,411
garlada01,Darius Garland,2TM,27,mp,1344.0,1770.6469026695545,1006.4800587676094,2459.9510724883394,1344
garzalu01,Luka Garza,BOS,28,mp,1118.0,1132.360899009453,368.194055107508,1821.665068828238,1118
georgke01,Keyonte George,UTA,23,mp,1786.0,2052.27432715936,1288.107483257415,2741.578496978145,1786
georgky01,Kyshawn George,WAS,23,mp,1391.0,1695.6657117747448,931.4988678727997,2384.96988159353,1391
georgpa01,Paul George,PHI,36,mp,1135.0,1321.8945670360629,557.7277231341178,2011.198736854848,1135
giddejo01,Josh Giddey,CHI,24,mp,1731.0,1992.846639585069,1228.6797956831238,2682.150809403854,1731
gilgesh01,Shai Gilgeous-Alexander,OKC,28,mp,2259.0,2342.253377641932,1491.778957922642,2913.8141797597887,2259
gillan01,Anthony Gill,WAS,34,mp,951.0,552.4868669035615,-49.55896576585167,1284.1117171339783,951
gilleco01,Collin Gillespie,PHO,27,mp,2282.0,1462.2152103618623,611.7407906425724,2033.7760124797192,2282
goberru01,Rudy Gobert,MIN,34,mp,2380.0,2205.8714822881766,1355.3970625688867,2777.4322844060334,2380
gonzahu01,Hugo González,BOS,20,mp,1084.0,1362.9919498299548,760.9461171605417,2094.6168000603716,1084
goodwjo01,Jordan Goodwin,PHO,28,mp,1572.0,1100.0226084111625,335.85576450921747,1789.3267782299476,1572
gordoaa01,Aaron Gordon,DEN,31,mp,1005.0,1366.2111085886586,764.1652759192455,2097.835958819075,1005
grantje01,Jerami Grant,POR,32,mp,1695.0,1533.8493676871017,769.6825237851566,2223.1535375058866,1695
greenaj01,A.J. Green,MIL,27,mp,2270.0,1632.2622872849392,781.7878675656493,2203.823089402796,2270
greendr01,Draymond Green,GSW,36,mp,1869.0,1570.3561054976014,719.8816857783115,2141.9169076154585,1869
greenja02,Javonte Green,DET,33,mp,1446.0,1198.6645230859103,434.49767918396526,1887.9686929046952,1446
greenja05,Jalen Green,PHO,24,mp,828.0,1960.154331892761,1358.108499223348,2691.7791821231776,828
greenjo02,Josh Green,CHO,26,mp,908.0,1431.9526254005348,829.9067927311216,2163.5774756309515,908
grimequ01,Quentin Grimes,PHI,26,mp,2206.0,1859.1833946313038,1008.7089749120139,2430.7441967491604,2206
gueyemo02,Mouhamed Gueye,ATL,24,mp,1179.0,1044.099562661992,279.9327187600469,1733.4037324807769,1179
hachiru01,Rui Hachimura,LAL,28,mp,1927.0,1822.4841468727009,972.009727153411,2394.0449489905577,1927
hardati02,Tim Hardaway Jr.,DEN,34,mp,2127.0,1926.7945592112537,1076.3201394919638,2498.3553613291106,2127
hardeja01,James Harden,2TM,37,mp,2438.0,2364.6582268602388,1514.1838071409488,2936.2190289780956,2438
hardyja02,Jaden Hardy,2TM,24,mp,898.0,1064.3081780466073,462.26234537719415,1795.933028277024,898
harklej01,Elijah Harkless,UTA,26,mp,545.0,724.7909159988254,122.7450833294123,1456.4157662292423,545
harpedy01,Dylan Harper,SAS,20,mp,1558.0,1757.9919498299548,993.8251059280097,2447.29611964874,1558
harpero02,Ron Harper Jr.,BOS,26,mp,318.0,535.6242493321587,-66.42158333725445,1267.2490995625753,318
harriga01,Gary Harris,MIL,32,mp,661.0,763.0032138409479,160.95738117153473,1494.6280640713646,661
harrito02,Tobias Harris,DET,34,mp,1746.0,1884.5637899804844,1120.3969460785393,2573.8679597992696,1746
harteis01,Isaiah Hartenstein,OKC,28,mp,1137.0,1448.9456853342394,684.7788414322944,2138.2498551530243,1137
hartjo01,Josh Hart,NYK,31,mp,1994.0,2287.3649547425043,1436.8905350232144,2858.925756860361,1994
hausesa01,Sam Hauser,BOS,29,mp,1934.0,1617.1318623664088,766.6574426471188,2188.6926644842656,1934
hawkijo01,Jordan Hawkins,NOP,24,mp,692.0,1151.9235626619918,549.8777299925787,1883.5484128924086,692
hayesja02,Jaxson Hayes,LAL,26,mp,1207.0,1157.7218561697655,393.5550122678204,1847.0260259885504,1207
hayeski01,Killian Hayes,SAC,25,mp,406.0,762.9483013771256,160.9024687077125,1494.5731516075425,406
hendesc01,Scoot Henderson,POR,22,mp,748.0,1515.2710074471552,913.225174777742,2246.895857677572,748
hendrta01,Taylor Hendricks,2TM,23,mp,1118.0,1200.1504525154855,435.98360861354047,1889.4546223342704,1118
herroty01,Tyler Herro,MIA,27,mp,1033.0,1667.4930565157083,1065.4472238462952,2399.1179067461253,1033
hieldbu01,Buddy Hield,2TM,34,mp,819.0,1343.7176361343306,741.6718034649175,2075.3424863647474,819
hinsobl01,Blake Hinson,UTA,27,mp,285.0,460.3569881396399,-141.68884452977323,1191.9818383700567,285
holidaa01,Aaron Holiday,HOU,30,mp,781.0,874.8814863936135,272.83565372420037,1606.5063366240302,781
holidjr01,Jrue Holiday,POR,36,mp,1560.0,1603.1253362668322,838.9584923648871,2292.429506085617,1560
hollaro01,Ron Holland,DET,21,mp,1551.0,1624.3153313464109,860.1484874444658,2313.6195011651957,1551
holmgch01,Chet Holmgren,OKC,24,mp,1997.0,1806.3851011235304,955.9106814042404,2377.945903241387,1997
horfoal01,Al Horford,GSW,40,mp,969.0,1122.868752847978,520.8229201785648,1854.4936030783947,969
howarje01,Jett Howard,ORL,23,mp,695.0,907.2657117747447,305.21987910533153,1638.8905620051614,695
huertke01,Kevin Huerter,2TM,28,mp,1549.0,1557.7149161034702,793.5480722015251,2247.0190859222553,1549
huffja01,Jay Huff,IND,28,mp,1719.0,1273.3524545650087,509.1856106630636,1962.6566243837938,1719
hukpoar01,Ariel Hukporti,NYK,24,mp,498.0,742.4413404397698,140.39550777035663,1474.0661906701866,498
huntede01,De'Andre Hunter,2TM,29,mp,1176.0,1372.9780162125626,608.8111723106175,2062.2821860313475,1176
hylanbo01,Bones Hyland,MIN,26,mp,1177.0,1032.8116567395662,268.6448128376211,1722.1158265583513,1177
ighodos01,Oso Ighodaro,PHO,24,mp,1808.0,1563.399562661992,799.2327187600469,2252.703732480777,1808
ingrabr01,Brandon Ingram,TOR,29,mp,2604.0,1667.285708520255,816.811288800965,2238.846510638112,2604
isaacjo01,Jonathan Isaac,ORL,29,mp,521.0,744.0549392894857,142.00910662007254,1475.6797895199024,521
iveyja01,Jaden Ivey,2TM,24,mp,670.0,1257.2312549696842,655.1854223002711,1988.856105200101,670
jacksan01,Andre Jackson Jr.,MIL,25,mp,408.0,747.73029567912,145.68446300970686,1479.3551459095368,408
jacksgg01,GG Jackson II,MEM,22,mp,1178.0,1157.8863920625397,393.7195481605946,1847.1905618813248,1178
jacksis01,Isaiah Jackson,2TM,25,mp,908.0,962.8371902660145,360.7913575966014,1694.4620404964312,908
jacksja02,Jaren Jackson Jr.,2TM,27,mp,1454.0,1835.4930565157083,1071.3262126137633,2524.797226334493,1454
jacksqu01,Quenton Jackson,IND,28,mp,897.0,715.5524545650086,113.50662189559546,1447.1773047954252,897
jackstr02,Trayce Jackson-Davis,2TM,26,mp,496.0,903.8757023236117,301.82986965419855,1635.5005525540284,496
jakucka01,Kasparas Jakučionis,MIA,20,mp,945.0,1247.1586164966216,645.1127838272084,1978.7834667270383,945
jamesbr02,Bronny James,LAL,22,mp,375.0,707.365708301856,105.31987563244286,1438.9905585322726,375
jamesle01,LeBron James,LAL,42,mp,1989.0,2241.7043262867455,1391.2299065674556,2813.2651284046024,1989
jamessi01,Sion James,CHO,24,mp,1843.0,1863.2746737731031,1012.8002540538132,2434.83547589096,1843
jaqueja01,Jaime Jaquez Jr.,MIA,25,mp,2121.0,1881.5764495252738,1031.1020298059839,2453.1372516431306,2121
jenkida01,Daniss Jenkins,DET,25,mp,1455.0,1485.5942273030516,721.4273834011066,2174.8983971218368,1455
jeromty01,Ty Jerome,MEM,29,mp,339.0,753.8463239048704,151.80049123545723,1485.4711741352871,339
joeis01,Isaiah Joe,OKC,27,mp,1507.0,1513.6469026695545,749.4800587676094,2202.9510724883394,1507
johnsaj01,AJ Johnson,2TM,22,mp,454.0,791.4239305240782,189.37809785466504,1523.048780754495,454
johnsca02,Cameron Johnson,DEN,30,mp,1647.0,1594.2661017782289,830.0992578762838,2283.5702715970137,1647
johnsch06,Chaney Johnson,BRK,24,mp,348.0,617.4413404397696,15.395507770356517,1349.0661906701864,348
johnsja05,Jalen Johnson,ATL,25,mp,2532.0,1962.1149110637355,1111.6404913444455,2533.675713181592,2532
johnske04,Keldon Johnson,SAS,27,mp,1911.0,1877.8776719003238,1027.4032521810338,2449.4384740181804,1911
johnske10,Keshad Johnson,MIA,25,mp,280.0,506.427560636385,-95.61827203302812,1238.052410866802,280
johnstr03,Tre Johnson,WAS,20,mp,1443.0,1662.1586164966213,897.9917725946763,2351.4627863154064,1443
jokicni01,Nikola Jokić,DEN,31,mp,2265.0,2298.211108588658,1447.7366888693682,2869.771910706515,2265
jonesde02,Derrick Jones Jr.,LAC,29,mp,1350.0,1504.362631597178,740.195787695233,2193.666801415963,1350
joneshe01,Herbert Jones,NOP,28,mp,1588.0,1430.637993026547,666.471149124602,2119.942162845332,1588
joneska03,Kam Jones,IND,24,mp,616.0,840.774673773103,238.7288411036899,1572.3995240035197,616
jonessp01,Spencer Jones,DEN,25,mp,1417.0,1453.9275606363851,689.76071673444,2143.2317304551702,1417
jonestr01,Tre Jones,CHI,27,mp,1752.0,1552.7238257464776,788.5569818445325,2242.0279955652627,1752
jonesty01,Tyus Jones,3TM,30,mp,979.0,1529.4968710089981,927.451038339585,2261.121721239415,979
jovicni01,Nikola Jović,MIA,23,mp,808.0,1122.8127886978216,520.7669560284085,1854.4376389282384,808
kalkbry01,Ryan Kalkbrenner,CHO,25,mp,1479.0,1505.5942273030516,741.4273834011066,2194.8983971218368,1479
kennalu01,Luke Kennard,2TM,30,mp,1681.0,1367.9584094705367,603.7915655685916,2057.262579289322,1681
kispeco01,Corey Kispert,2TM,27,mp,1080.0,1492.3392103618621,890.293377692449,2223.9640605922787,1080
klebima01,Maxi Kleber,LAL,35,mp,461.0,576.2490411855034,-25.796791483909715,1307.8738914159203,461
knechda01,Dalton Knecht,LAL,25,mp,553.0,1061.1524495252738,459.1066168558607,1792.7772997556906,553
knuepko01,Kon Knueppel,CHO,21,mp,2551.0,2554.2904424575217,1703.8160227382318,3125.8512445753786,2551
kolekty01,Tyler Kolek,NYK,25,mp,727.0,668.9524495252738,66.90661685586065,1400.5772997556905,727
kolokch01,Christian Koloko,3TM,26,mp,357.0,499.8824715543809,-102.16336111503222,1231.5073217847976,357
konanya01,Yanic Konan Niederhäuser,LAC,23,mp,424.0,718.7408228858558,116.69499021644265,1450.3656731162725,424
konchjo01,John Konchar,2TM,30,mp,1115.0,909.1891787013058,145.0223347993607,1598.4933485200909,1115
kornelu01,Luke Kornet,SAS,31,mp,1430.0,1199.9803393578893,435.81349545594423,1889.2845091766744,1430
krejcvi01,Vít Krejčí,2TM,26,mp,1392.0,1169.7987792466886,405.6319353447435,1859.1029490654737,1392
kuminjo01,Jonathan Kuminga,2TM,24,mp,830.0,1332.6158703542997,730.5700376848865,2064.2407205847167,830
kuzmaky01,Kyle Kuzma,MIL,31,mp,1806.0,1821.0572624348124,1056.8904185328674,2510.3614322535973,1806
landajo01,Jock Landale,2TM,31,mp,1506.0,913.5188008963507,149.35195699440567,1602.8229707151359,1506
laniech01,Chaz Lanier,DET,25,mp,262.0,491.427560636385,-110.61827203302812,1223.052410866802,262
laravja01,Jake LaRavia,LAL,25,mp,2061.0,1551.0379879868124,700.5635682675224,2122.598790104669,2061
larsspe01,Pelle Larsson,MIA,25,mp,1849.0,1424.3524495252739,573.8780298059839,1995.9132516431307,1849
lavinza01,Zach LaVine,SAC,31,mp,1224.0,1476.9803393578893,712.8134954559442,2166.2845091766744,1224
leonaka01,Kawhi Leonard,LAC,35,mp,2085.0,1704.6336565701188,854.1592368508288,2276.1944586879754,2085
leonsma01,Malevy Leons,GSW,27,mp,276.0,452.8569881396399,-149.18884452977323,1184.4818383700567,276
leverca01,Caris LeVert,DET,32,mp,1154.0,1377.4647523024862,613.2979084005411,2066.7689221212713,1154
liddeej01,E.J. Liddell,BRK,26,mp,349.0,561.457582665492,-40.588250003921075,1293.0824328959088,349
liveris01,Isaiah Livers,PHO,28,mp,347.0,478.10386197241604,-123.94197069699709,1209.7287122028329,347
looneke01,Kevon Looney,NOP,30,mp,308.0,783.5737940859211,181.527961416508,1515.1986443163378,308
lopezbr01,Brook Lopez,LAC,38,mp,1635.0,1717.995849434676,953.829005532731,2407.300019253461,1635
loveca01,Caleb Love,POR,25,mp,1013.0,1117.2608939697184,515.2150613003053,1848.8857442001352,1013
loveke01,Kevin Love,UTA,38,mp,613.0,275.6112340500606,-326.4345986193525,1007.2360842804774,613
maluakh01,Khaman Maluach,PHO,20,mp,411.0,802.1586164966214,200.11278382720832,1533.783466727038,411
mamuksa01,Sandro Mamukelashvili,TOR,27,mp,1751.0,1094.108441131093,329.941597229148,1783.412610949878,1751
mannte01,Terance Mann,BRK,30,mp,1529.0,1493.343024855152,729.1761809532069,2182.647194673937,1529
manntr01,Tre Mann,CHO,25,mp,669.0,740.4995264483507,138.45369377893758,1472.1243766787675,669
markkla01,Lauri Markkanen,UTA,29,mp,1443.0,1426.5164777510242,662.3496338490792,2115.8206475698094,1443
marshna01,Naji Marshall,DAL,29,mp,2184.0,1717.9010931356395,867.4266734163496,2289.4618952534966,2184
martica02,Caleb Martin,DAL,31,mp,856.0,1113.595723973274,511.54989130386093,1845.2205742036908,856
martity01,Tyrese Martin,2TM,27,mp,777.0,1051.3152103618622,449.2693776924491,1782.940060592279,777
mashaja01,Jahmai Mashack,MEM,24,mp,673.0,888.274673773103,286.2288411036899,1619.8995240035197,673
mathube01,Bennedict Mathurin,2TM,24,mp,1620.0,1850.846639585069,1086.6797956831238,2540.150809403854,1620
matkoka01,Karlo Matković,NOP,25,mp,912.0,959.4524495252738,357.40661685586065,1691.0772997556905,912
maxeyty01,Tyrese Maxey,PHI,26,mp,2661.0,2387.3372407851502,1536.8628210658603,2958.898042903007,2661
mbengbe01,Bez Mbeng,UTA,23,mp,492.0,775.4074895525225,173.3616568831094,1507.0323397829393,492
mcbrimi01,Miles McBride,NYK,26,mp,1080.0,1366.7987792466886,764.7529465772755,2098.4236294771054,1080
mccaija01,Jared McCain,2TM,22,mp,1160.0,1125.623930524078,361.45708662213303,1814.9281003428632,1160
mccolcj01,CJ McCollum,2TM,35,mp,2264.0,1934.6336565701188,1084.1592368508288,2506.1944586879754,2264
mccontj01,T.J. McConnell,IND,34,mp,963.0,1060.7176361343306,458.6718034649175,1792.3424863647474,963
mcdanja02,Jaden McDaniels,MIN,26,mp,2316.0,2335.644933092842,1485.1705133735522,2907.205735210699,2316
mcderdo01,Doug McDermott,SAC,35,mp,439.0,484.6336565701188,-117.41217609929436,1216.2585068005355,439
mcgowbr01,Bryce McGowens,NOP,24,mp,880.0,1038.628747847177,436.5829151777639,1770.2535980775938,880
mclaujo01,Jordan McLaughlin,SAS,30,mp,282.0,387.49687100899814,-214.548961660415,1119.121721239415,282
mcneeli01,Liam McNeeley,CHO,21,mp,368.0,735.1237757908552,133.0779431214421,1466.748626021272,368
meltode01,De'Anthony Melton,GSW,28,mp,1125.0,1094.992750861305,330.82590695935994,1784.29692068009,1125
merrisa01,Sam Merrill,CLE,30,mp,1377.0,1245.343024855152,481.1761809532069,1934.647194673937,1377
middlkh01,Khris Middleton,2TM,35,mp,1439.0,1157.9413488778112,393.7745049758661,1847.2455186965963,1439
millebr02,Brandon Miller,CHO,24,mp,1968.0,1802.7697165081458,952.2952967888559,2374.3305186260027,1968
millejo02,Jordan Miller,LAC,27,mp,1325.0,967.3152103618621,203.14836645991704,1656.619380180647,1325
millele01,Leonard Miller,2TM,23,mp,719.0,964.5741562191893,362.52832354977613,1696.199006449606,719
minotjo01,Josh Minott,2TM,24,mp,834.0,768.7995626619919,166.75372999257877,1500.4244128924088,834
missiyv01,Yves Missi,NOP,22,mp,1297.0,1739.7239305240782,975.5570866221332,2429.028100342863,1297
mitchaj01,Ajay Mitchell,OKC,24,mp,1473.0,1216.6995626619919,452.5327187600468,1906.0037324807768,1473
mitchda01,Davion Mitchell,MIA,28,mp,2000.0,1731.8687622573163,881.3943425380264,2303.429564375173,2000
mitchdo01,Donovan Mitchell,CLE,30,mp,2342.0,2073.6507171628446,1223.1762974435546,2645.2115192807014,2342
mobleev01,Evan Mobley,CLE,25,mp,2074.0,1975.2687572175817,1124.7943374982917,2546.8295593354387,2074
monkma01,Malik Monk,SAC,28,mp,1364.0,1673.4841468727009,909.3173029707558,2362.7883166914858,1364
moodymo01,Moses Moody,GSW,24,mp,1540.0,1578.077408815838,813.9105649138929,2267.381578634623,1540
moranja01,Ja Morant,MEM,27,mp,569.0,866.6469026695544,264.60107000014125,1598.271752899971,569
murphtr02,Trey Murphy III,NOP,26,mp,2341.0,2015.6449330928424,1165.1705133735525,2587.2057352106995,2341
murraco01,Collin Murray-Boyles,TOR,21,mp,1246.0,1466.790442457522,702.6235985555769,2156.094612276307,1246
murrade01,Dejounte Murray,NOP,30,mp,389.0,1141.189178701306,539.1433460318929,1872.8140289317228,389
murraja01,Jamal Murray,DEN,29,mp,2652.0,2190.8241700587164,1340.3497503394265,2762.3849721765732,2652
murrake02,Keegan Murray,SAC,26,mp,793.0,1860.1064715543807,1258.0606388849676,2591.7313217847977,793
murrakr01,Kris Murray,POR,26,mp,1333.0,1298.5680100159193,534.4011661139742,1987.8721798347042,1333
mykhasv01,Svi Mykhailiuk,UTA,29,mp,1156.0,771.1318623664088,6.9650184644636965,1460.4360321851937,1156
nancela02,Larry Nance Jr.,CLE,34,mp,449.0,552.7945592112537,-49.2512734581594,1284.4194094416705,449
nancepe01,Pete Nance,MIL,26,mp,737.0,884.7909159988254,282.7450833294123,1616.4157662292423,737
nembhan01,Andrew Nembhard,IND,27,mp,1786.0,1764.3392103618621,1000.172366459917,2453.643380180647,1786
nembhry01,Ryan Nembhard,DAL,23,mp,1171.0,1341.240822885856,577.0739789839109,2030.5449927046411,1171
nesmiaa01,Aaron Nesmith,IND,27,mp,1335.0,1426.108441131093,661.941597229148,2115.412610949878,1335
newelas01,Asa Newell,ATL,21,mp,500.0,845.1237757908552,243.0779431214421,1576.748626021272,500
nnajize01,Zeke Nnaji,DEN,26,mp,626.0,715.5680100159194,113.52217734650628,1447.1928602463363,626
nurkiju01,Jusuf Nurkić,UTA,32,mp,1083.0,1213.8493676871017,611.8035350176885,1945.4742179175184,1083
okogijo01,Josh Okogie,HOU,28,mp,1354.0,1019.4841468727009,255.3173029707558,1708.7883166914858,1354
okongon01,Onyeka Okongwu,ATL,26,mp,2297.0,1997.5680100159193,1147.0935902966294,2569.128812133776,2297
okorois01,Isaac Okoro,CHI,26,mp,1695.0,1566.1833946313038,802.0165507293588,2255.487564450089,1695
olbrila01,Lachlan Olbrich,CHI,23,mp,344.0,652.0741562191893,50.02832354977613,1383.699006449606,344
olynyke01,Kelly Olynyk,SAS,35,mp,360.0,820.4798104162726,218.43397774685945,1552.1046606466894,360
onealro01,Royce O'Neale,PHO,33,mp,2213.0,1809.98852308591,959.51410336662,2381.549325203767,2213
oubreke01,Kelly Oubre Jr.,PHI,31,mp,1574.0,1723.3649547425048,959.1981108405597,2412.6691245612897,1574
payneca01,Cameron Payne,PHI,32,mp,374.0,770.8493676871017,168.80353501768855,1502.4742179175184,374
paytoga02,Gary Payton II,GSW,34,mp,1142.0,838.4099438266384,74.2430999246933,1527.7141136454234,1142
peavymi01,Micah Peavy,NOP,25,mp,913.0,1033.927560636385,431.88172796697177,1765.5524108668017,913
pendano01,Noah Penda,ORL,22,mp,757.0,1025.6990416351891,423.653208965776,1757.323891865606,757
peterta01,Taelon Peter,IND,24,mp,492.0,737.4413404397698,135.39550777035663,1469.0661906701866,492
phillju01,Julian Phillips,2TM,23,mp,428.0,834.2743271593602,232.22849448994702,1565.899177389777,428
pickeja02,Jalen Pickett,DEN,27,mp,807.0,806.7152103618621,204.66937769244896,1538.3400605922789,807
plowdda01,Daeqwon Plowden,SAC,28,mp,844.0,904.0275656761197,301.9817330067066,1635.6524159065366,844
podzibr01,Brandin Podziemski,GSW,23,mp,2333.0,2129.043557928591,1278.569138209301,2700.6043600464477,2333
poeltja01,Jakob Poeltl,TOR,31,mp,1149.0,1269.4418778194279,505.2750339174828,1958.746047638213,1149
poolejo01,Jordan Poole,NOP,27,mp,933.0,1622.9545949772469,1020.9087623078337,2354.5794452076634,933
portecr01,Craig Porter Jr.,CLE,26,mp,1148.0,903.9526254005348,139.7857814985897,1593.2567952193199,1148
porteke02,Kevin Porter Jr.,MIL,26,mp,1261.0,1407.8824715543808,643.7156276524357,2097.186641373166,1261
portemi01,Michael Porter Jr.,BRK,28,mp,1689.0,2124.253377641932,1360.0865337399869,2813.5575474607167,1689
portibo01,Bobby Portis,MIL,31,mp,1619.0,1473.2111085886586,709.0442646867135,2162.5152784074435,1619
porzikr01,Kristaps Porziņģis,2TM,31,mp,769.0,1062.4418778194279,460.39604515001474,1794.0667280498446,769
postqu01,Quinten Post,GSW,26,mp,1159.0,1038.482471554381,274.31562765243586,1727.7866413731658,1159
pottemi01,Micah Potter,IND,28,mp,908.0,850.6524545650086,248.60662189559548,1582.2773047954254,908
poulajo01,John Poulakidas,DAL,23,mp,253.0,576.2408228858559,-25.80500978355724,1307.8656731162728,253
poweldr01,Drake Powell,BRK,21,mp,1320.0,1528.4571091241885,764.2902652222434,2217.7612789429736,1320
poweldw01,Dwight Powell,DAL,35,mp,904.0,712.0951950316572,110.0493623622441,1443.720045262074,904
powelno01,Norman Powell,MIA,33,mp,1717.0,1664.757753855141,900.5909099531958,2354.061923673926,1717
princta02,Taurean Prince,MIL,32,mp,611.0,1378.6185984563324,776.5727657869193,2110.243448686749,611
pritcpa01,Payton Pritchard,BOS,29,mp,2556.0,2100.362631597178,1249.888211877888,2671.9234337150347,2556
proctty01,Tyrese Proctor,CLE,22,mp,545.0,849.0323749685226,246.9865422991095,1580.6572251989394,545
prospol01,Olivier-Maxence Prosper,MEM,24,mp,984.0,847.3081780466073,245.26234537719415,1578.933028277024,984
queende01,Derik Queen,NOP,22,mp,2023.0,2080.699041635189,1230.2246219158992,2652.259843753046,2023
quetane01,Neemias Queta,BOS,27,mp,1926.0,1190.1853642080162,339.7109444887262,1761.746166325873,1926
quickim01,Immanuel Quickley,TOR,27,mp,2231.0,1705.6469026695545,855.1724829502646,2277.2077047874113,2231
randlju01,Julius Randle,MIN,32,mp,2610.0,2055.6185984563326,1205.1441787370427,2627.1794005741895,2610
raynama01,Maxime Raynaud,SAC,23,mp,1964.0,2002.0741562191893,1151.5997364998993,2573.634958337046,1964
reathdu01,Duop Reath,POR,30,mp,258.0,561.6507171628442,-40.395115506568914,1293.275567393261,258
reaveau01,Austin Reaves,LAL,28,mp,1762.0,2153.868762257316,1389.7019183553712,2843.172932076101,1762
reedpa01,Paul Reed,DET,27,mp,901.0,955.262287284939,353.2164546155259,1686.8871375153558,901
reeseju01,Julian Reese,WAS,23,mp,402.0,700.4074895525225,98.36165688310939,1432.0323397829393,402
reidna01,Naz Reid,MIN,27,mp,2007.0,2009.108441131093,1158.6340214118031,2580.66924324895,2007
richaja02,Jase Richardson,ORL,21,mp,587.0,917.6237757908552,315.5779431214421,1649.248626021272,587
richani01,Nick Richards,2TM,29,mp,701.0,1059.362631597178,457.3167989277649,1790.9874818275948,701
richawi02,Will Richard,GSW,24,mp,1377.0,1474.9413404397696,710.7744965378246,2164.2455102585545,1377
rileywi01,Will Riley,WAS,20,mp,1633.0,1820.4919498299548,1056.3251059280096,2509.79611964874,1633
risacza01,Zaccharie Risacher,ATL,21,mp,1503.0,1831.1153313464108,1066.9484874444656,2520.419501165196,1503
robindu01,Duncan Robinson,DET,32,mp,2113.0,1792.5416753794093,942.0672556601194,2364.102477497266,2113
robinje02,Jeremiah Robinson-Earl,2TM,26,mp,361.0,751.9526254005348,149.90679273112164,1483.5774756309515,361
robinmi01,Mitchell Robinson,NYK,28,mp,1175.0,803.2533776419317,39.086533739986635,1492.5575474607167,1175
rolliry01,Ryan Rollins,MIL,24,mp,2376.0,1757.399562661992,906.925142942702,2328.9603647798485,2376
ruperra01,Rayan Rupert,2TM,22,mp,1072.0,978.9633151394628,376.91748247004966,1710.5881653698796,1072
russeda01,D'Angelo Russell,DAL,30,mp,495.0,1256.9584094705367,654.9125768011236,1988.5832597009535,495
ryanco01,Cormac Ryan,MIL,28,mp,271.0,426.52756567611976,-175.51826699329337,1158.1524159065366,271
sabondo01,Domantas Sabonis,SAC,30,mp,564.0,1677.9584094705367,1075.9125768011236,2409.5832597009535,564
salauti01,Tidjane Salaün,CHO,21,mp,575.0,1127.5153313464107,525.4694986769975,1859.1401815768274,575
sandeko01,Kobe Sanders,LAC,24,mp,1351.0,1453.2746737731031,689.1078298711581,2142.578843591888,1351
santogu01,Gui Santos,GSW,24,mp,1395.0,1243.6995626619919,479.5327187600468,1933.0037324807768,1395
sarafbe01,Ben Saraf,BRK,20,mp,916.0,1222.9919498299546,620.9461171605415,1954.6168000603714,916
sarral01,Alex Sarr,WAS,21,mp,1305.0,1720.5153313464107,956.3484874444656,2409.8195011651956,1305
sassema01,Marcus Sasser,DET,26,mp,457.0,891.8757023236117,289.82986965419855,1623.5005525540284,457
scheiba01,Baylor Scheierman,BOS,26,mp,1429.0,1052.682471554381,288.5156276524359,1741.986641373166,1429
schrode01,Dennis Schröder,2TM,33,mp,1697.0,1816.757753855141,1052.590909953196,2506.061923673926,1697
sengual01,Alperen Şengün,HOU,24,mp,2398.0,2343.000485738915,1492.526066019625,2914.5612878567717,2398
sensabr01,Brice Sensabaugh,UTA,23,mp,1762.0,1502.6589425439756,738.4920986420306,2191.9631123627605,1762
sextoco01,Collin Sexton,2TM,28,mp,1614.0,1725.4072237957778,961.2403798938327,2414.711393614563,1614
shamela01,Landry Shamet,NYK,29,mp,1171.0,849.7472469817934,85.58040307984834,1539.0514168005784,1171
shannte01,Terrence Shannon Jr.,MIN,26,mp,538.0,589.182471554381,-12.863361115032149,1320.8073217847978,538
sharpda01,Day'Ron Sharpe,BRK,25,mp,1160.0,1095.3456802945047,331.1788363925597,1784.6498501132896,1160
sharpsh01,Shaedon Sharpe,POR,23,mp,1471.0,1752.6589425439756,988.4920986420306,2441.9631123627605,1471
sheadja01,Jamal Shead,TOR,24,mp,1852.0,1754.1995626619919,903.725142942702,2325.7603647798487,1852
sheppbe01,Ben Sheppard,IND,25,mp,1390.0,1257.8841418329662,493.7172979310211,1947.188311651751,1390
sheppre01,Reed Sheppard,HOU,22,mp,2147.0,1643.923930524078,793.4495108047881,2215.484732641935,2147
siakapa01,Pascal Siakam,IND,32,mp,2057.0,2179.003213840948,1328.528794121658,2750.5640159588047,2057
simonan01,Anfernee Simons,2TM,27,mp,1372.0,1705.03151805417,940.8646741522249,2394.335687872955,1372
simpskj01,KJ Simpson,2TM,24,mp,257.0,706.6995626619919,104.65372999257875,1438.3244128924086,257
simsje01,Jericho Sims,MIL,28,mp,1318.0,921.2533776419317,157.08653373998663,1610.5575474607167,1318
slawsja01,Jalen Slawson,IND,27,mp,311.0,482.0236548063066,-120.02217786310655,1213.6485050367232,311
smallja01,Javon Small,MEM,24,mp,830.0,1019.1080071064364,417.06217443702326,1750.7328573368532,830
smartma01,Marcus Smart,LAL,32,mp,1769.0,1019.9262907640249,255.7594468620798,1709.2304605828099,1769
smithdr01,Dru Smith,MIA,29,mp,1141.0,704.8463239048704,-59.32051999707471,1394.1504937236555,1141
smithja04,Jalen Smith,CHI,26,mp,1095.0,1113.5680100159193,349.4011661139742,1802.8721798347042,1095
smithja05,Jabari Smith Jr.,HOU,23,mp,2705.0,2377.3512502362832,1526.8768305169933,2948.91205235414,2705
smithma02,Malachi Smith,BRK,27,mp,359.0,522.0236548063066,-80.02217786310655,1253.6485050367232,359
smithni01,Nick Smith Jr.,LAL,22,mp,375.0,1012.7325459086935,410.6867132392804,1744.3573961391103,375
sochaje01,Jeremy Sochan,2TM,23,mp,469.0,1355.7358656208987,753.6900329514856,2087.3607158513155,469
spencca01,Cam Spencer,MEM,26,mp,1714.0,1142.3824715543808,378.2156276524357,1831.686641373166,1714
spencpa01,Pat Spencer,GSW,30,mp,1229.0,782.2421017782289,18.075257876283786,1471.5462715970139,1229
stewais01,Isaiah Stewart,DET,25,mp,1317.0,1433.4226033714278,669.2557594694828,2122.726773190213,1317
strawju01,Julian Strawther,DEN,24,mp,861.0,1094.3851011235304,492.33926845411725,1826.0099513539471,861
strusma01,Max Strus,CLE,30,mp,288.0,1057.112255624383,455.06642295496977,1788.7371058547997,288
suggsja01,Jalen Suggs,ORL,25,mp,1574.0,1538.2687572175817,774.1019133156366,2227.5729270363668,1574
tateja01,Jae'Sean Tate,HOU,31,mp,405.0,578.9803393578892,-23.065493311523937,1310.605189588306,405
tatumja01,Jayson Tatum,BOS,28,mp,522.0,1703.4072237957778,1101.3613911263647,2435.0320740261946,522
terryda01,Dalen Terry,2TM,24,mp,551.0,884.3851011235304,282.33926845411725,1616.0099513539471,551
thomaca02,Cam Thomas,2TM,25,mp,881.0,1215.2687572175817,613.2229245481685,1946.8936074479984,881
thompam01,Amen Thompson,HOU,24,mp,2953.0,2352.3081780466073,1501.8337583273174,2923.868980164464,2953
thompau01,Ausar Thompson,DET,24,mp,1896.0,1714.7697165081458,864.2952967888559,2286.3305186260027,1896
thompet01,Ethan Thompson,IND,27,mp,653.0,767.0236548063066,164.97782213689345,1498.6485050367232,653
thompkl01,Klay Thompson,DAL,36,mp,1497.0,1604.971490112986,840.8046462110409,2294.275659931771,1497
thybuma01,Matisse Thybulle,POR,29,mp,480.0,621.1318623664088,19.086029696995638,1352.7567125968255,480
tomlina01,Nae'Qwan Tomlin,CLE,26,mp,1004.0,1107.2909159988253,505.2450833294122,1838.915766229242,1004
toppiob01,Obi Toppin,IND,28,mp,424.0,1122.561069949624,520.5152372802108,1854.1859201800407,424
townska01,Karl-Anthony Towns,NYK,31,mp,2322.0,2139.4418778194276,1288.9674581001377,2711.0026799372845,2322
traorno01,Nolan Traoré,BRK,20,mp,1243.0,1495.4919498299548,731.3251059280097,2184.79611964874,1243
trentga02,Gary Trent Jr.,MIL,28,mp,1377.0,1657.0995314880856,892.9326875861406,2346.4037013068705,1377
tshieos01,Oscar Tshiebwe,UTA,27,mp,448.0,462.8152103618621,-139.23062230755102,1194.4400605922788,448
turnemy01,Myles Turner,MIL,30,mp,1912.0,1921.343024855152,1070.868605135862,2492.903826973009,1912
tysonja01,Jaylon Tyson,CLE,24,mp,1777.0,1311.099562661992,546.9327187600469,2000.4037324807769,1777
valanjo01,Jonas Valančiūnas,DEN,34,mp,871.0,1205.1791745958692,603.1333419264561,1936.804024826286,871
vandeja01,Jarred Vanderbilt,LAL,27,mp,1128.0,853.7238257464775,89.5569818445324,1543.0279955652625,1128
vassede01,Devin Vassell,SAS,26,mp,2044.0,2069.8757023236117,1219.4012826043218,2641.4365044414685,2044
vincega01,Gabe Vincent,2TM,30,mp,879.0,1118.042101778229,515.9962691088158,1849.6669520086457,879
vucevni01,Nikola Vučević,2TM,36,mp,1818.0,1899.971490112986,1135.804646211041,2589.275659931771,1818
vukcetr01,Tristan Vukcevic,WAS,23,mp,671.0,820.0657117747448,218.0198791053317,1551.6905620051616,671
wadede01,Dean Wade,CLE,30,mp,1318.0,1185.8045633166905,421.63771941474545,1875.1087331354756,1318
wagnefr01,Franz Wagner,ORL,25,mp,1019.0,1710.9610649098893,1108.9152322404761,2442.585915140306,1019
wagnemo01,Moritz Wagner,ORL,29,mp,427.0,661.6703239048703,59.624491235457185,1393.2951741352872,427
walkeja01,Jabari Walker,PHI,24,mp,762.0,1127.4620242004535,525.4161915310403,1859.0868744308702,762
walkeja02,Jarace Walker,IND,23,mp,1953.0,1444.4281733132063,593.9537535939164,2015.9889754310632,1953
wallaca01,Cason Wallace,OKC,23,mp,2046.0,2004.197404082437,1153.7229843631471,2575.758206200294,2046
wallake01,Keaton Wallace,ATL,27,mp,536.0,605.2152103618621,3.169377692448961,1336.8400605922789,536
walshjo01,Jordan Walsh,BOS,22,mp,1212.0,1076.0239305240782,311.8570866221331,1765.3281003428633,1212
walteja01,Ja'Kobe Walter,TOR,22,mp,1474.0,1487.0239305240782,722.8570866221331,2176.3281003428633,1474
wareke01,Kel'el Ware,MIA,22,mp,1704.0,1729.623930524078,965.457086622133,2418.928100342863,1704
washipj01,P.J. Washington,DAL,28,mp,1736.0,1829.7149161034702,1065.548072201525,2519.0190859222553,1736
waterli01,Lindy Waters III,SAS,29,mp,285.0,410.9780162125626,-191.06781645685055,1142.6028664429793,285
watfotr01,Trendon Watford,PHI,26,mp,864.0,965.5680100159194,363.5221773465063,1697.1928602463363,864
watkija01,Jamir Watkins,WAS,25,mp,1032.0,1133.0942273030516,531.0483946336385,1864.7190775334684,1032
watsope01,Peyton Watson,DEN,24,mp,1598.0,1679.154331892761,914.987487990816,2368.458501711546,1598
wellsja01,Jaylen Wells,MEM,23,mp,1821.0,2007.0657117747448,1242.8988678727997,2696.36988159353,1821
wembavi01,Victor Wembanyama,SAS,23,mp,1866.0,1923.120481005514,1072.646061286224,2494.681283123371,1866
weslebl01,Blake Wesley,POR,23,mp,361.0,800.7358656208985,198.69003295148536,1532.3607158513153,361
westbru01,Russell Westbrook,SAC,38,mp,1853.0,1458.6112340500608,608.1368143307709,2030.1720361679177,1853
whiteco01,Coby White,2TM,26,mp,1249.0,2053.8757023236117,1289.7088584216667,2743.1798721423966,1249
whitede01,Derrick White,BOS,32,mp,2625.0,2341.772444610179,1491.2980248908889,2913.3332467280356,2625
whitmca01,Cam Whitmore,WAS,22,mp,354.0,872.7325459086935,270.6867132392804,1604.3573961391103,354
wiggiaa01,Aaron Wiggins,OKC,28,mp,1414.0,1448.7149161034702,684.5480722015251,2138.0190859222553,1414
wiggian01,Andrew Wiggins,MIA,31,mp,2063.0,1807.672647050197,957.198227330907,2379.233449168054,2063
willibr03,Brandon Williams,DAL,27,mp,1463.0,1063.1152103618622,298.9483664599171,1752.4193801806473,1463
willico04,Cody Williams,UTA,22,mp,1631.0,1548.3239305240782,784.1570866221331,2237.628100342863,1631
willigr01,Grant Williams,CHO,28,mp,711.0,997.2533776419317,395.2075449725186,1728.8782278723484,711
willija06,Jalen Williams,OKC,25,mp,936.0,1718.5764495252738,1116.5306168558607,2450.2012997556903,936
willija07,Jaylin Williams,OKC,24,mp,1277.0,1151.000485738915,386.83364183696983,1840.3046555576998,1277
willike04,Kenrich Williams,OKC,32,mp,855.0,905.3109061486401,303.265073479227,1636.9357563790568,855
willima07,Mark Williams,PHO,25,mp,1416.0,1179.4226033714278,415.25575946948277,1868.726773190213,1416
willipa01,Patrick Williams,CHI,25,mp,1474.0,1480.0379879868124,715.8711440848673,2169.3421578055973,1474
williro04,Robert Williams,POR,29,mp,1008.0,671.5463239048703,69.50049123545716,1403.171174135287,1008
willivi01,Vince Williams Jr.,2TM,26,mp,820.0,955.106471554381,353.06063888496783,1686.7313217847977,820
willizi01,Zion Williamson,NOP,26,mp,1841.0,1635.8757023236117,785.4012826043218,2207.4365044414685,1841
willizi02,Ziaire Williams,BRK,25,mp,1281.0,1363.653372602197,599.4865287002518,2052.957542420982,1281
wilsoja03,Jalen Wilson,BRK,26,mp,859.0,1263.33724078515,661.2914081157369,1994.9620910155668,859
wolfda01,Danny Wolf,BRK,22,mp,1187.0,1384.0323749685226,619.8655310665775,2073.3365447873075,1187
yabusgu01,Guerschon Yabusele,2TM,31,mp,1007.0,1295.648647050197,693.6028143807839,2027.2734972806138,1007
yangha01,Yang Hansen,POR,21,mp,300.0,678.4571091241885,76.41127645477536,1410.0819593546053,300
youngtr01,Trae Young,2TM,28,mp,384.0,1523.4841468727009,921.4383142032877,2255.108997103118,384
zubaciv01,Ivica Zubac,2TM,29,mp,1446.0,1774.9010931356395,1010.7342492336944,2464.2052629544246,1446
achiupr01,Precious Achiuwa,SAC,27,rim_fg_pct,0.6810035842293907,0.6622750987916218,0.5831817765115213,0.7376324859732565,1745
adamsst01,Steven Adams,HOU,33,rim_fg_pct,0.5607476635514018,0.5898306977586151,0.49101719288639883,0.6770687540239942,730
adebaba01,Bam Adebayo,MIA,29,rim_fg_pct,0.6829268292682927,0.6854133268290474,0.619904373442196,0.7494598487874826,2365
agbajoc01,Ochai Agbaji,2TM,26,rim_fg_pct,0.6521739130434783,0.6573833710308575,0.5585698661586412,0.7446214272962367,973
aldamsa01,Santi Aldama,MEM,26,rim_fg_pct,0.7107438016528925,0.6972821971681309,0.6181888748880303,0.7726395843497655,1198
alexani01,Nickeil Alexander-Walker,ATL,28,rim_fg_pct,0.6192052980132451,0.6225638114943283,0.5570548581074768,0.6866103334527635,2603
allengr01,Grayson Allen,PHO,31,rim_fg_pct,0.6853932584269663,0.6673476120631888,0.5882542897830882,0.7427049992448235,1467
allenja01,Jarrett Allen,CLE,28,rim_fg_pct,0.775438596491228,0.7522911544778264,0.6731978321977258,0.827648541659461,1519
alvarjo01,Jose Alvarado,2TM,28,rim_fg_pct,0.6756756756756757,0.6146992822372386,0.535605959957138,0.6900566694188732,1370
anderky01,Kyle Anderson,3TM,33,rim_fg_pct,0.6153846153846154,0.6346485956942935,0.5358350908220773,0.7218866519596727,853
antetgi01,Giannis Antetokounmpo,MIL,32,rim_fg_pct,0.7736318407960199,0.7653513605598046,0.6665378556875883,0.8525894168251837,1039
anthoco01,Cole Anthony,MIL,26,rim_fg_pct,0.5333333333333333,0.6052831090694655,0.5064696041972492,0.6925211653348446,527
anunoog01,OG Anunoby,NYK,29,rim_fg_pct,0.6843971631205674,0.672997076403881,0.6074881230170295,0.7370435983623161,2224
avdijde01,Deni Avdija,POR,26,rim_fg_pct,0.6571428571428571,0.6691900186862824,0.6036810652994309,0.7332365406447175,2199
aytonde01,Deandre Ayton,LAL,28,rim_fg_pct,0.8012820512820513,0.768760313306413,0.7032513599195616,0.8328068352648482,1958
baglema01,Marvin Bagley III,2TM,27,rim_fg_pct,0.7054263565891473,0.6989544605407612,0.6198611382606606,0.7743118477223958,1201
baileac01,Ace Bailey,UTA,20,rim_fg_pct,0.672316384180791,0.6828818764562081,0.6173729230693566,0.7469283984146433,1988
ballla01,LaMelo Ball,CHO,25,rim_fg_pct,0.5706214689265536,0.5670552229295638,0.5015462695427123,0.631101744887999,2017
balllo01,Lonzo Ball,CLE,29,rim_fg_pct,0.5555555555555556,0.6014461012987627,0.5026325964265465,0.6886841575641419,728
banchpa01,Paolo Banchero,ORL,24,rim_fg_pct,0.6690647482014388,0.6613072061978379,0.5957982528109864,0.7253537281562731,2502
banede01,Desmond Bane,ORL,28,rim_fg_pct,0.6160220994475138,0.6460455925720837,0.5805366391852322,0.7100921145305189,2756
barlodo01,Dominick Barlow,PHI,23,rim_fg_pct,0.7149122807017544,0.7072756841657822,0.6281823618856817,0.7826330713474169,1689
barneha02,Harrison Barnes,SAS,34,rim_fg_pct,0.719626168224299,0.6815215049491157,0.6160125515622642,0.7455680269075509,1986
barnesc01,Scottie Barnes,TOR,25,rim_fg_pct,0.6940874035989717,0.6850301000723936,0.6195211466855421,0.7490766220308288,2681
barnhbr01,Brooks Barnhizer,OKC,24,rim_fg_pct,0.5652173913043478,0.6221033694281752,0.5232898645559589,0.7093414256935544,348
barrerj01,RJ Barrett,TOR,26,rim_fg_pct,0.6996466431095406,0.6575224635655168,0.5784291412854162,0.7328798507471515,1726
battlja01,Jamison Battle,TOR,25,rim_fg_pct,0.6578947368421053,0.6238178256348651,0.5250043207626488,0.7110558819002443,517
batumni01,Nicolas Batum,LAC,38,rim_fg_pct,0.5,0.6325282502894379,0.5534349280093374,0.7078856374710726,1295
berinjo01,Joan Beringer,MIN,20,rim_fg_pct,0.6976744186046512,0.7024378031686512,0.6036242982964349,0.7896758594340304,314
beysa01,Saddiq Bey,NOP,27,rim_fg_pct,0.6156351791530945,0.6208200818214384,0.555311128434587,0.6848666037798736,2246
bitadgo01,Goga Bitadze,ORL,27,rim_fg_pct,0.7282608695652174,0.7149640761016058,0.6161505712293895,0.802202132366985,972
blackan01,Anthony Black,ORL,23,rim_fg_pct,0.6614785992217899,0.6409420449647895,0.575433091577938,0.7049885669232246,1910
blackle01,Leaky Black,WAS,27,rim_fg_pct,0.4666666666666667,0.591267258907205,0.49245375403498876,0.6785053151725842,433
bogdabo01,Bogdan Bogdanović,LAC,34,rim_fg_pct,0.55,0.5542087826529494,0.45539527778073313,0.6414468389183285,452
bonaad01,Adem Bona,PHI,23,rim_fg_pct,0.6413043478260869,0.6862298023435558,0.6071364800634552,0.7615871895251904,1234
bookede01,Devin Booker,PHO,30,rim_fg_pct,0.6615384615384615,0.677529092328905,0.6120201389420535,0.7415756142873402,2146
bouyeja01,Jamaree Bouyea,PHO,27,rim_fg_pct,0.8620689655172413,0.8068337000164195,0.7080201951442032,0.8940717562817987,644
bradlto01,Tony Bradley,2TM,29,rim_fg_pct,0.6376811594202898,0.6449561162266108,0.5461426113543945,0.7321941724919899,450
branhma01,Malaki Branham,WAS,23,rim_fg_pct,0.6,0.6807477925780959,0.5819342877058796,0.7679858488434751,275
braunch01,Christian Braun,DEN,25,rim_fg_pct,0.7142857142857143,0.6937830933923712,0.6146897711122706,0.7691404805740059,1399
bridgmi01,Mikal Bridges,NYK,30,rim_fg_pct,0.7420814479638009,0.7102772037096361,0.6447682503227846,0.7743237256680713,2692
bridgmi02,Miles Bridges,CHO,28,rim_fg_pct,0.637223974763407,0.6473412529933419,0.5818322996064904,0.7113877749517771,2387
brookdi01,Dillon Brooks,PHO,31,rim_fg_pct,0.6428571428571429,0.6098154508843363,0.5307221286042357,0.685172838065971,1702
brownbr01,Bruce Brown,DEN,30,rim_fg_pct,0.6745283018867925,0.6744756426543973,0.6089666892675458,0.7385221646128325,1998
brownja02,Jaylen Brown,BOS,30,rim_fg_pct,0.6878612716763006,0.6765063466930409,0.6109973933061894,0.7405528686514761,2443
brownko01,Kobe Brown,2TM,27,rim_fg_pct,0.6504854368932039,0.6546860184245238,0.5558725135523075,0.741924074689903,963
brunsja01,Jalen Brunson,NYK,30,rim_fg_pct,0.638095238095238,0.6269356097618866,0.5614266563750351,0.6909821317203217,2590
bryanca01,Carter Bryant,SAS,21,rim_fg_pct,0.5949367088607594,0.6294438314121341,0.5306303265399178,0.7166818876775133,818
bryanth01,Thomas Bryant,CLE,29,rim_fg_pct,0.6888888888888889,0.690962902848551,0.5921493979763347,0.7782009591139302,732
burtoty01,Tyler Burton,MEM,26,rim_fg_pct,0.48148148148148145,0.5748086813119312,0.47599517643971495,0.6620467375773104,307
butleji01,Jimmy Butler,GSW,37,rim_fg_pct,0.696969696969697,0.6636856383089946,0.584592316028894,0.7390430254906293,1182
buzelma01,Matas Buzelis,CHI,22,rim_fg_pct,0.6446991404011462,0.6441818029667697,0.5786728495799183,0.7082283249252049,2248
cainja01,Jamal Cain,ORL,27,rim_fg_pct,0.6585365853658537,0.6534321623718522,0.5546186574996359,0.7406702186372314,486
caldwke01,Kentavious Caldwell-Pope,MEM,33,rim_fg_pct,0.5964912280701754,0.6354985730824213,0.536685068210205,0.7227366293478005,1088
camarto01,Toumani Camara,POR,26,rim_fg_pct,0.67,0.6429243146654192,0.5774153612785677,0.7069708366238544,2731
capelca01,Clint Capela,HOU,32,rim_fg_pct,0.5868263473053892,0.6137845612991868,0.5149710564269705,0.701022617564566,926
cardwdy01,Dylan Cardwell,SAC,25,rim_fg_pct,0.7659574468085106,0.7500240119742637,0.6512105071020474,0.8372620682396429,907
carlsbr01,Branden Carlson,OKC,27,rim_fg_pct,0.7721518987341772,0.7501265551686331,0.6513130502964168,0.8373646114340123,488
carrica01,Bub Carrington,WAS,21,rim_fg_pct,0.49122807017543857,0.5558741995156753,0.4903652461288238,0.6199207214741105,2271
cartede02,Devin Carter,SAC,24,rim_fg_pct,0.625,0.632188442930991,0.5333749380587747,0.7194264991963701,700
carteje01,Jevon Carter,2TM,31,rim_fg_pct,0.4,0.5046765296438936,0.4058630247716774,0.5919145859092728,867
cartewe01,Wendell Carter Jr.,ORL,27,rim_fg_pct,0.7530364372469636,0.7272759425603372,0.6617669891734858,0.7913224645187724,2288
carusal01,Alex Caruso,OKC,32,rim_fg_pct,0.7375,0.673130096536391,0.5743165916641747,0.7603681528017702,1020
castlst01,Stephon Castle,SAS,22,rim_fg_pct,0.6414473684210527,0.650538597851055,0.5850296444642035,0.7145851198094901,2038
champju01,Justin Champagnie,WAS,25,rim_fg_pct,0.7068965517241379,0.7144846747269616,0.6353913524468611,0.7898420619085963,1377
champju02,Julian Champagnie,SAS,25,rim_fg_pct,0.7433628318584071,0.6829406674250222,0.6174317140381708,0.7469871893834574,2266
chandke01,Kennedy Chandler,UTA,24,rim_fg_pct,0.6458333333333334,0.6561678147131242,0.557354309840908,0.7434058709785034,355
chrisca02,Cam Christie,LAC,21,rim_fg_pct,0.6046511627906976,0.6453203846586014,0.5465068797863851,0.7325584409239806,480
chrisma02,Max Christie,DAL,23,rim_fg_pct,0.656,0.6891489864690615,0.62364003308221,0.7531955084274967,2244
cissemo01,Moussa Cisse,DAL,24,rim_fg_pct,0.6176470588235294,0.6298040484701597,0.5309905435979434,0.7170421047355389,530
cissosi01,Sidy Cissoko,POR,22,rim_fg_pct,0.7011494252873564,0.7093543111089466,0.6302609888288461,0.7847116982905813,1435
clarkja02,Jaylen Clark,MIN,25,rim_fg_pct,0.6266666666666667,0.6094742219849888,0.5106607171127725,0.696712278250368,888
clarkjo01,Jordan Clarkson,NYK,34,rim_fg_pct,0.6173913043478261,0.6042039092776936,0.525110586997593,0.6795612964593283,1279
claxtni01,Nic Claxton,BRK,27,rim_fg_pct,0.698005698005698,0.7138694428282388,0.6483604894413874,0.777915964786674,1920
claytwa01,Walter Clayton,2TM,23,rim_fg_pct,0.5185185185185185,0.5631864206606826,0.484093098380582,0.6385438078423172,1410
cliffni01,Nique Clifford,SAC,24,rim_fg_pct,0.6666666666666666,0.669112191931267,0.6036032385444156,0.7331587138897022,1882
clingdo01,Donovan Clingan,POR,22,rim_fg_pct,0.657608695652174,0.6654843616707192,0.5999754082838678,0.7295308836291544,2094
clownno01,Noah Clowney,BRK,22,rim_fg_pct,0.5794392523364486,0.6246447754637082,0.5455514531836076,0.7000021626453429,1780
coffeam01,Amir Coffey,2TM,29,rim_fg_pct,0.8695652173913043,0.7034202251578577,0.6046067202856414,0.7906582814232369,490
colliis01,Isaiah Collier,UTA,22,rim_fg_pct,0.7345679012345679,0.7104752673365734,0.6313819450564728,0.785832654518208,1517
collijo01,John Collins,LAC,29,rim_fg_pct,0.7530864197530864,0.7302780207868964,0.6647690674000449,0.7943245427453316,1872
conlemi01,Mike Conley,MIN,39,rim_fg_pct,0.4375,0.6038986360342898,0.5050851311620735,0.691136692299669,991
connapa01,Pat Connaughton,CHO,34,rim_fg_pct,0.5714285714285714,0.6568531082324534,0.5580396033602371,0.7440911644978325,297
coopesh01,Sharife Cooper,WAS,25,rim_fg_pct,0.6595744680851063,0.6659903985288856,0.5671768936566693,0.7532284547942648,700
coulibi01,Bilal Coulibaly,WAS,22,rim_fg_pct,0.648936170212766,0.679345208057146,0.6002518857770455,0.7547025952387807,1468
cowarce01,Cedric Coward,MEM,23,rim_fg_pct,0.7288135593220338,0.7303165054033172,0.6512231831232166,0.8056738925849518,1598
cryerlj01,LJ Cryer,GSW,25,rim_fg_pct,0.75,0.6861867072502823,0.587373202378066,0.7734247635156615,292
cunnica01,Cade Cunningham,DET,25,rim_fg_pct,0.6302250803858521,0.5966850942001238,0.5311761408132724,0.660731616158559,2172
curryst01,Stephen Curry,GSW,38,rim_fg_pct,0.6885245901639344,0.6586073259628608,0.5795140036827602,0.7339647131444954,1329
daniedy01,Dyson Daniels,ATL,23,rim_fg_pct,0.6773333333333333,0.6731818172099859,0.6076728638231345,0.7372283391684211,2520
dasiltr01,Tristan Da Silva,ORL,25,rim_fg_pct,0.6692307692307692,0.6402345535541728,0.5747256001673213,0.704281075512608,1899
davisan02,Anthony Davis,DAL,33,rim_fg_pct,0.6595744680851063,0.7160105859083741,0.6171970810361578,0.8032486421737532,626
demineg01,Egor Dëmin,BRK,20,rim_fg_pct,0.55,0.5963883819784447,0.5172950596983441,0.6717457691600793,1308
derozde01,DeMar DeRozan,SAC,37,rim_fg_pct,0.7264957264957265,0.6717553406332628,0.6062463872464113,0.735801862591698,2406
diabamo01,Moussa Diabaté,CHO,25,rim_fg_pct,0.7095588235294118,0.6940486475420846,0.6285396941552331,0.7580951695005198,1899
diawamo01,Mohamed Diawara,NYK,21,rim_fg_pct,0.5,0.5732618177091836,0.47444831283696737,0.6604998739745628,634
dickgr01,Gradey Dick,TOR,23,rim_fg_pct,0.6857142857142857,0.6128585888559314,0.5140450839837151,0.7000966451213105,1067
diengou01,Ousmane Dieng,2TM,23,rim_fg_pct,0.6515151515151515,0.674133919650209,0.5950405973701084,0.7494913068318436,1099
dilliro01,Rob Dillingham,2TM,22,rim_fg_pct,0.5234375,0.5812019495343789,0.48238844466216263,0.668440005799758,970
divindo01,Donte DiVincenzo,MIN,30,rim_fg_pct,0.5663716814159292,0.5813147833876289,0.5158058300007774,0.6453613053460641,2494
doncilu01,Luka Dončić,LAL,27,rim_fg_pct,0.8159509202453987,0.7629177528504172,0.6974087994635657,0.8269642748088524,2289
dortlu01,Luguentz Dort,OKC,27,rim_fg_pct,0.640625,0.6024406267447812,0.5369316733579297,0.6664871487032163,1849
dosunay01,Ayo Dosunmu,2TM,27,rim_fg_pct,0.6230031948881789,0.6388936943041036,0.5733847409172521,0.7029402162625388,1881
drumman01,Andre Drummond,PHI,33,rim_fg_pct,0.5408163265306123,0.5750219297729371,0.4959286074928365,0.6503793169545717,1231
dunnkr01,Kris Dunn,LAC,32,rim_fg_pct,0.6833333333333333,0.6816410316540323,0.6161320782671809,0.7456875536124675,2230
dunnry01,Ryan Dunn,PHO,24,rim_fg_pct,0.6544117647058824,0.6751166260501578,0.5960233037700572,0.7504740132317924,1355
duranke01,Kevin Durant,HOU,38,rim_fg_pct,0.765625,0.7692351601904696,0.7037262068036181,0.8332816821489047,2840
durenja01,Jalen Duren,DET,23,rim_fg_pct,0.7281021897810219,0.7347921513090128,0.6692831979221613,0.798838673267448,1976
easonta01,Tari Eason,HOU,25,rim_fg_pct,0.632768361581921,0.642268273798959,0.5631749515188584,0.7176256609805937,1549
edeyza01,Zach Edey,MEM,24,rim_fg_pct,0.7169811320754716,0.7299858830502318,0.6311723781780155,0.817223939315611,284
edgecvj01,VJ Edgecombe,PHI,21,rim_fg_pct,0.6086956521739131,0.6300268595323193,0.5645179061454678,0.6940733814907545,2623
edwaran01,Anthony Edwards,MIN,25,rim_fg_pct,0.7132352941176471,0.6815133624085392,0.6160044090216877,0.7455598843669744,2137
edwarju01,Justin Edwards,PHI,23,rim_fg_pct,0.6875,0.6694721144192186,0.5706586095470023,0.7567101706845978,977
elliske01,Keon Ellis,2TM,27,rim_fg_pct,0.8524590163934426,0.7767064563753749,0.6976131340952744,0.8520638435570096,1478
embiijo01,Joel Embiid,PHI,32,rim_fg_pct,0.6818181818181818,0.6818354494833393,0.6027421272032387,0.757192836664974,1201
etienty01,Tyson Etienne,BRK,27,rim_fg_pct,0.36363636363636365,0.5795645518894091,0.4807510470171929,0.6668026081547883,380
eubandr01,Drew Eubanks,SAC,29,rim_fg_pct,0.7777777777777778,0.728143597084927,0.6293300922127107,0.8153816533503062,552
fearsje01,Jeremiah Fears,NOP,20,rim_fg_pct,0.5739348370927319,0.5903591430421499,0.5248501896552984,0.6544056650005851,2112
filipky01,Kyle Filipowski,UTA,23,rim_fg_pct,0.6888888888888889,0.6889302198347331,0.6098368975546326,0.7642876070163678,1801
finnedo01,Dorian Finney-Smith,HOU,33,rim_fg_pct,0.6,0.6218139856692801,0.5230004807970638,0.7090520419346593,620
flaggco01,Cooper Flagg,DAL,20,rim_fg_pct,0.6575757575757576,0.6692270767856487,0.6037181233987973,0.7332735987440839,2344
flemira01,Rasheer Fleming,PHO,22,rim_fg_pct,0.5384615384615384,0.5902354223862238,0.4914219175140076,0.677473478651603,673
fontesi01,Simone Fontecchio,MIA,31,rim_fg_pct,0.5978260869565217,0.6179660160249764,0.5388726937448758,0.693323403206611,1173
foxde01,De'Aaron Fox,SAS,29,rim_fg_pct,0.6877637130801688,0.6710289613390192,0.6055200079521678,0.7350754832974544,2231
furphjo01,Johnny Furphy,IND,22,rim_fg_pct,0.6935483870967742,0.6712407397977542,0.5724272349255379,0.7584787960631334,643
gaffoda01,Daniel Gafford,DAL,28,rim_fg_pct,0.6984126984126984,0.7382991919504168,0.6592058696703162,0.8136565791320515,1195
gardnmy01,Myron Gardner,MIA,25,rim_fg_pct,0.6190476190476191,0.6425171039272051,0.5437035990549888,0.7297551601925842,411
garlada01,Darius Garland,2TM,27,rim_fg_pct,0.6,0.6082579723857304,0.5291646501056299,0.6836153595673651,1344
garzalu01,Luka Garza,BOS,28,rim_fg_pct,0.7218543046357616,0.7136148169083929,0.6345214946282923,0.7889722040900276,1118
georgke01,Keyonte George,UTA,23,rim_fg_pct,0.7185185185185186,0.6720705933951391,0.5929772711150385,0.7474279805767737,1786
georgky01,Kyshawn George,WAS,23,rim_fg_pct,0.6754385964912281,0.6437845085497921,0.5646911862696915,0.7191418957314267,1391
georgpa01,Paul George,PHI,36,rim_fg_pct,0.5588235294117647,0.6607836344898099,0.5816903122097093,0.7361410216714446,1135
giddejo01,Josh Giddey,CHI,24,rim_fg_pct,0.5746606334841629,0.5911244949611962,0.5120311726810957,0.6664818821428309,1731
gilgesh01,Shai Gilgeous-Alexander,OKC,28,rim_fg_pct,0.7123287671232876,0.6993706513522443,0.6338616979653928,0.7634171733106795,2259
gillan01,Anthony Gill,WAS,34,rim_fg_pct,0.8363636363636363,0.747056635846679,0.6482431309744627,0.8342946921120582,951
gilleco01,Collin Gillespie,PHO,27,rim_fg_pct,0.4827586206896552,0.5302036208285342,0.46469466744168275,0.5942501427869694,2282
goberru01,Rudy Gobert,MIN,34,rim_fg_pct,0.7358490566037735,0.7387821764308913,0.6732732230440398,0.8028286983893265,2380
gonzahu01,Hugo González,BOS,20,rim_fg_pct,0.7261904761904762,0.724304986795209,0.6254914819229928,0.8115430430605882,1084
goodwjo01,Jordan Goodwin,PHO,28,rim_fg_pct,0.5655172413793104,0.5571350582019864,0.4780417359218858,0.632492445383621,1572
gordoaa01,Aaron Gordon,DEN,31,rim_fg_pct,0.751937984496124,0.698018418639112,0.5992049137668957,0.7852564749044911,1005
grantje01,Jerami Grant,POR,32,rim_fg_pct,0.6422413793103449,0.586969631630086,0.5078763093499854,0.6623270188117206,1695
greenaj01,A.J. Green,MIL,27,rim_fg_pct,0.5789473684210527,0.6469930131691441,0.5814840597822927,0.7110395351275793,2270
greendr01,Draymond Green,GSW,36,rim_fg_pct,0.7,0.6568758040065733,0.5913668506197218,0.7209223259650085,1869
greenja02,Javonte Green,DET,33,rim_fg_pct,0.6101694915254238,0.6182673370874655,0.5391740148073649,0.6936247242691002,1446
greenja05,Jalen Green,PHO,24,rim_fg_pct,0.6044776119402985,0.6285316563740484,0.5297181515018321,0.7157697126394276,828
greenjo02,Josh Green,CHO,26,rim_fg_pct,0.6333333333333333,0.6594003000691556,0.5605867951969393,0.7466383563345348,908
grimequ01,Quentin Grimes,PHI,26,rim_fg_pct,0.6983471074380165,0.6829972193857846,0.6174882659989331,0.7470437413442198,2206
gueyemo02,Mouhamed Gueye,ATL,24,rim_fg_pct,0.7333333333333333,0.7005957518350671,0.6215024295549665,0.7759531390167017,1179
hachiru01,Rui Hachimura,LAL,28,rim_fg_pct,0.6608695652173913,0.7114545184496325,0.645945565062781,0.7755010404080677,1927
hardati02,Tim Hardaway Jr.,DEN,34,rim_fg_pct,0.631578947368421,0.6588718600359582,0.5933629066491067,0.7229183819943934,2127
hardeja01,James Harden,2TM,37,rim_fg_pct,0.6394230769230769,0.608904312468586,0.5433953590817345,0.6729508344270212,2438
hardyja02,Jaden Hardy,2TM,24,rim_fg_pct,0.5689655172413793,0.5802907139261407,0.4814772090539245,0.6675287701915199,898
harklej01,Elijah Harkless,UTA,26,rim_fg_pct,0.5348837209302325,0.5870913629912906,0.48827785811907437,0.6743294192566698,545
harpedy01,Dylan Harper,SAS,20,rim_fg_pct,0.6354515050167224,0.6489032317831683,0.5698099095030678,0.724260618964803,1558
harpero02,Ron Harper Jr.,BOS,26,rim_fg_pct,0.8,0.7216482621707478,0.6228347572985315,0.808886318436127,318
harriga01,Gary Harris,MIL,32,rim_fg_pct,0.7058823529411765,0.6851854309661142,0.5863719260938979,0.7724234872314933,661
harrito02,Tobias Harris,DET,34,rim_fg_pct,0.5902777777777778,0.6558628413989808,0.5767695191188802,0.7312202285806154,1746
harteis01,Isaiah Hartenstein,OKC,28,rim_fg_pct,0.7457627118644068,0.7188502207406734,0.6397568984605728,0.794207607922308,1137
hartjo01,Josh Hart,NYK,31,rim_fg_pct,0.6735751295336787,0.6805269485032662,0.6150179951164148,0.7445734704617014,1994
hausesa01,Sam Hauser,BOS,29,rim_fg_pct,0.8214285714285714,0.7043799819099751,0.6388710285231236,0.7684265038684103,1934
hawkijo01,Jordan Hawkins,NOP,24,rim_fg_pct,0.6129032258064516,0.5853101160333749,0.48649661116115867,0.6725481722987541,692
hayesja02,Jaxson Hayes,LAL,26,rim_fg_pct,0.7857142857142857,0.7907904933426644,0.7116971710625638,0.866147880524299,1207
hayeski01,Killian Hayes,SAC,25,rim_fg_pct,0.625,0.682792296597718,0.5839787917255017,0.7700303528630972,406
hendesc01,Scoot Henderson,POR,22,rim_fg_pct,0.5595238095238095,0.5502230075996425,0.45140950272742625,0.6374610638650217,748
hendrta01,Taylor Hendricks,2TM,23,rim_fg_pct,0.6371681415929203,0.6634506180393984,0.5843572957592978,0.7388080052210331,1118
herroty01,Tyler Herro,MIA,27,rim_fg_pct,0.6825396825396826,0.6412227914174214,0.5424092865452051,0.7284608476828006,1033
hieldbu01,Buddy Hield,2TM,34,rim_fg_pct,0.7391304347826086,0.6581724125714477,0.5593589076992314,0.7454104688368268,819
hinsobl01,Blake Hinson,UTA,27,rim_fg_pct,0.7272727272727273,0.6997532038767159,0.6009396990044996,0.7869912601420951,285
holidaa01,Aaron Holiday,HOU,30,rim_fg_pct,0.5909090909090909,0.6535627669662798,0.5547492620940635,0.740800823231659,781
holidjr01,Jrue Holiday,POR,36,rim_fg_pct,0.672,0.6765261328932148,0.5974328106131143,0.7518835200748495,1560
hollaro01,Ron Holland,DET,21,rim_fg_pct,0.6481481481481481,0.6714985008226977,0.5924051785425971,0.7468558880043323,1551
holmgch01,Chet Holmgren,OKC,24,rim_fg_pct,0.7684887459807074,0.7462898029551422,0.6807808495682908,0.8103363249135774,1997
horfoal01,Al Horford,GSW,40,rim_fg_pct,0.6304347826086957,0.7248624130730865,0.6260489082008702,0.8121004693384657,969
howarje01,Jett Howard,ORL,23,rim_fg_pct,0.6041666666666666,0.6595748111828587,0.5607613063106424,0.7468128674482378,695
huertke01,Kevin Huerter,2TM,28,rim_fg_pct,0.7615894039735099,0.7400402528961164,0.6609469306160158,0.8153976400777511,1549
huffja01,Jay Huff,IND,28,rim_fg_pct,0.7569060773480663,0.760386160685538,0.6812928384054374,0.8357435478671726,1719
hukpoar01,Ariel Hukporti,NYK,24,rim_fg_pct,0.7346938775510204,0.7148894868070038,0.6160759819347875,0.802127543072383,498
huntede01,De'Andre Hunter,2TM,29,rim_fg_pct,0.6363636363636364,0.6307658027109704,0.5516724804308698,0.706123189892605,1176
hylanbo01,Bones Hyland,MIN,26,rim_fg_pct,0.6504854368932039,0.6424248085052948,0.5633314862251942,0.7177821956869295,1177
ighodos01,Oso Ighodaro,PHO,24,rim_fg_pct,0.7747747747747747,0.7743979327339996,0.695304610453899,0.8497553199156342,1808
ingrabr01,Brandon Ingram,TOR,29,rim_fg_pct,0.6742081447963801,0.6895232156136208,0.6240142622267694,0.753569737572056,2604
isaacjo01,Jonathan Isaac,ORL,29,rim_fg_pct,0.6470588235294118,0.6579714152337898,0.5591579103615735,0.7452094714991689,521
iveyja01,Jaden Ivey,2TM,24,rim_fg_pct,0.5964912280701754,0.6003140160378178,0.5015005111656015,0.6875520723031969,670
jacksan01,Andre Jackson Jr.,MIL,25,rim_fg_pct,0.5757575757575758,0.6455496424091086,0.5467361375368923,0.7327876986744878,408
jacksgg01,GG Jackson II,MEM,22,rim_fg_pct,0.7,0.662391090994161,0.5832977687140605,0.7377484781757957,1178
jacksis01,Isaiah Jackson,2TM,25,rim_fg_pct,0.7206703910614525,0.7288807567940688,0.6300672519218525,0.816118813059448,908
jacksja02,Jaren Jackson Jr.,2TM,27,rim_fg_pct,0.6187050359712231,0.6197078338791401,0.5406145115990395,0.6950652210607747,1454
jacksqu01,Quenton Jackson,IND,28,rim_fg_pct,0.6691729323308271,0.6460826731360622,0.5472691682638459,0.7333207294014413,897
jackstr02,Trayce Jackson-Davis,2TM,26,rim_fg_pct,0.6132075471698113,0.6956803272603859,0.5968668223881696,0.782918383525765,496
jakucka01,Kasparas Jakučionis,MIA,20,rim_fg_pct,0.5490196078431373,0.5999595501115336,0.5011460452393173,0.6871976063769127,945
jamesbr02,Bronny James,LAL,22,rim_fg_pct,0.8125,0.7413169508670413,0.642503445994825,0.8285550071324205,375
jamesle01,LeBron James,LAL,42,rim_fg_pct,0.7558823529411764,0.6188153442436104,0.5533063908567589,0.6828618662020456,1989
jamessi01,Sion James,CHO,24,rim_fg_pct,0.49473684210526314,0.5331176109007391,0.4676086575138876,0.5971641328591742,1843
jaqueja01,Jaime Jaquez Jr.,MIA,25,rim_fg_pct,0.680379746835443,0.6616291591437707,0.5961202057569193,0.7256756811022059,2121
jenkida01,Daniss Jenkins,DET,25,rim_fg_pct,0.5703703703703704,0.5900866894268204,0.5109933671467198,0.6654440766084551,1455
jeromty01,Ty Jerome,MEM,29,rim_fg_pct,0.5333333333333333,0.5615686071206674,0.4627551022484511,0.6488066633860465,339
joeis01,Isaiah Joe,OKC,27,rim_fg_pct,0.62,0.691935157629002,0.6128418353489015,0.7672925448106367,1507
johnsaj01,AJ Johnson,2TM,22,rim_fg_pct,0.42857142857142855,0.5341235272668811,0.4353100223946648,0.6213615835322602,454
johnsca02,Cameron Johnson,DEN,30,rim_fg_pct,0.6929824561403509,0.6898811439022867,0.6107878216221861,0.7652385310839214,1647
johnsch06,Chaney Johnson,BRK,24,rim_fg_pct,0.7045454545454546,0.6941154242814082,0.5953019194091919,0.7813534805467873,348
johnsja05,Jalen Johnson,ATL,25,rim_fg_pct,0.6979166666666666,0.7010780656716029,0.6355691122847514,0.7651245876300381,2532
johnske04,Keldon Johnson,SAS,27,rim_fg_pct,0.6474164133738601,0.6467165411803278,0.5812075877934764,0.710763063138763,1911
johnske10,Keshad Johnson,MIA,25,rim_fg_pct,0.7391304347826086,0.719216261086035,0.6204027562138187,0.8064543173514142,280
johnstr03,Tre Johnson,WAS,20,rim_fg_pct,0.5555555555555556,0.5991481972128584,0.5200548749327578,0.674505584394493,1443
jokicni01,Nikola Jokić,DEN,31,rim_fg_pct,0.7353846153846154,0.7179025083002918,0.6523935549134403,0.781949030258727,2265
jonesde02,Derrick Jones Jr.,LAC,29,rim_fg_pct,0.6967741935483871,0.6926726246598494,0.6135793023797488,0.768030011841484,1350
joneshe01,Herbert Jones,NOP,28,rim_fg_pct,0.5546875,0.6172286855892712,0.5381353633091707,0.6925860727709059,1588
joneska03,Kam Jones,IND,24,rim_fg_pct,0.6486486486486487,0.6594026359321867,0.5605891310599704,0.7466406921975659,616
jonessp01,Spencer Jones,DEN,25,rim_fg_pct,0.6746987951807228,0.6778672115414499,0.5987738892613493,0.7532245987230846,1417
jonestr01,Tre Jones,CHI,27,rim_fg_pct,0.691358024691358,0.6922403773645366,0.613147055084436,0.7675977645461712,1752
jonesty01,Tyus Jones,3TM,30,rim_fg_pct,0.45,0.6536077049138119,0.5547942000415956,0.7408457611791911,979
jovicni01,Nikola Jović,MIA,23,rim_fg_pct,0.6025641025641025,0.6387263859962413,0.539912881124025,0.7259644422616205,808
kalkbry01,Ryan Kalkbrenner,CHO,25,rim_fg_pct,0.7991803278688525,0.7912339366148802,0.7121406143347796,0.8665913237965148,1479
kennalu01,Luke Kennard,2TM,30,rim_fg_pct,0.640625,0.6620671367205407,0.5829738144404402,0.7374245239021754,1681
kispeco01,Corey Kispert,2TM,27,rim_fg_pct,0.6818181818181818,0.7093832042819893,0.610569699409773,0.7966212605473685,1080
klebima01,Maxi Kleber,LAL,35,rim_fg_pct,0.6551724137931034,0.6594547785030704,0.5606412736308541,0.7466928347684496,461
knechda01,Dalton Knecht,LAL,25,rim_fg_pct,0.7222222222222222,0.7381429468933752,0.6393294420211589,0.8253810031587544,553
knuepko01,Kon Knueppel,CHO,21,rim_fg_pct,0.6476683937823834,0.6665137803460519,0.6010048269592004,0.7305603023044871,2551
kolekty01,Tyler Kolek,NYK,25,rim_fg_pct,0.6530612244897959,0.6270146708087792,0.5282011659365629,0.7142527270741583,727
kolokch01,Christian Koloko,3TM,26,rim_fg_pct,0.5714285714285714,0.6497080760844403,0.550894571212224,0.7369461323498194,357
konanya01,Yanic Konan Niederhäuser,LAC,23,rim_fg_pct,0.6764705882352942,0.683719171272896,0.5849056664006798,0.7709572275382752,424
konchjo01,John Konchar,2TM,30,rim_fg_pct,0.7105263157894737,0.6730118611959964,0.5939185389158959,0.7483692483776311,1115
kornelu01,Luke Kornet,SAS,31,rim_fg_pct,0.6939655172413793,0.7161373929884562,0.6370440707083557,0.7914947801700909,1430
krejcvi01,Vít Krejčí,2TM,26,rim_fg_pct,0.7272727272727273,0.7161697243452156,0.6370764020651151,0.7915271115268503,1392
kuminjo01,Jonathan Kuminga,2TM,24,rim_fg_pct,0.6068376068376068,0.6950971421791998,0.5962836373069835,0.782335198444579,830
kuzmaky01,Kyle Kuzma,MIL,31,rim_fg_pct,0.6865079365079365,0.7124024044877398,0.6333090822076393,0.7877597916693745,1806
landajo01,Jock Landale,2TM,31,rim_fg_pct,0.6411483253588517,0.6361529916488784,0.5570596693687778,0.711510378830513,1506
laniech01,Chaz Lanier,DET,25,rim_fg_pct,0.5,0.6626503786394561,0.5638368737672398,0.7498884349048353,262
laravja01,Jake LaRavia,LAL,25,rim_fg_pct,0.7058823529411765,0.6673510407635669,0.6018420873767154,0.7313975627220021,2061
larsspe01,Pelle Larsson,MIA,25,rim_fg_pct,0.705607476635514,0.6844074317765069,0.6188984783896554,0.7484539537349421,1849
lavinza01,Zach LaVine,SAC,31,rim_fg_pct,0.7083333333333334,0.6775697459550635,0.5984764236749629,0.7529271331366981,1224
leonaka01,Kawhi Leonard,LAC,35,rim_fg_pct,0.7401960784313726,0.7307080084533133,0.6651990550664618,0.7947545304117485,2085
leonsma01,Malevy Leons,GSW,27,rim_fg_pct,0.6060606060606061,0.636422022351596,0.5376085174793797,0.7236600786169751,276
leverca01,Caris LeVert,DET,32,rim_fg_pct,0.6161616161616161,0.6210557177736201,0.5419623954935195,0.6964131049552548,1154
liddeej01,E.J. Liddell,BRK,26,rim_fg_pct,0.782608695652174,0.7267085648838247,0.6278950600116084,0.8139466211492039,349
liveris01,Isaiah Livers,PHO,28,rim_fg_pct,0.6428571428571429,0.6463774900940575,0.5475639852218412,0.7336155463594367,347
looneke01,Kevon Looney,NOP,30,rim_fg_pct,0.6111111111111112,0.6565884626866609,0.5577749578144446,0.7438265189520401,308
lopezbr01,Brook Lopez,LAC,38,rim_fg_pct,0.6304347826086957,0.7274150232731913,0.6483217009930907,0.802772410454826,1635
loveca01,Caleb Love,POR,25,rim_fg_pct,0.6,0.6194534682691447,0.5206399633969284,0.7066915245345239,1013
loveke01,Kevin Love,UTA,38,rim_fg_pct,0.3333333333333333,0.5324926191018206,0.4336791142296043,0.6197306753671997,613
maluakh01,Khaman Maluach,PHO,20,rim_fg_pct,0.647887323943662,0.6646922054052243,0.565878700533008,0.7519302616706035,411
mamuksa01,Sandro Mamukelashvili,TOR,27,rim_fg_pct,0.7130801687763713,0.7142369442561225,0.6351436219760219,0.7895943314377571,1751
mannte01,Terance Mann,BRK,30,rim_fg_pct,0.6396396396396397,0.7014287391590274,0.6223354168789268,0.776786126340662,1529
manntr01,Tre Mann,CHO,25,rim_fg_pct,0.5434782608695652,0.5715371633827868,0.4727236585105706,0.658775219648166,669
markkla01,Lauri Markkanen,UTA,29,rim_fg_pct,0.7079646017699115,0.6847716712113293,0.6056783489312287,0.760129058392964,1443
marshna01,Naji Marshall,DAL,29,rim_fg_pct,0.7123893805309734,0.6909337027689639,0.6254247493821125,0.7549802247273991,2184
martica02,Caleb Martin,DAL,31,rim_fg_pct,0.6911764705882353,0.6213900339990726,0.5225765291268563,0.7086280902644517,856
martity01,Tyrese Martin,2TM,27,rim_fg_pct,0.7321428571428571,0.7080523660466714,0.6092388611744551,0.7952904223120506,777
mashaja01,Jahmai Mashack,MEM,24,rim_fg_pct,0.582089552238806,0.6079359773652431,0.5091224724930268,0.6951740336306222,673
mathube01,Bennedict Mathurin,2TM,24,rim_fg_pct,0.6455026455026455,0.6091376752936751,0.5300443530135746,0.6844950624753098,1620
matkoka01,Karlo Matković,NOP,25,rim_fg_pct,0.8173913043478261,0.7826097539008848,0.6837962490286685,0.869847810166264,912
maxeyty01,Tyrese Maxey,PHI,26,rim_fg_pct,0.6431924882629108,0.6293582060770628,0.5638492526902114,0.693404728035498,2661
mbengbe01,Bez Mbeng,UTA,23,rim_fg_pct,0.6976744186046512,0.6966284349859794,0.5978149301137631,0.7838664912513585,492
mcbrimi01,Miles McBride,NYK,26,rim_fg_pct,0.5945945945945946,0.5858899038441906,0.48707639897197436,0.6731279601095698,1080
mccaija01,Jared McCain,2TM,22,rim_fg_pct,0.5360824742268041,0.5855458838906049,0.5064525616105043,0.6609032710722396,1160
mccolcj01,CJ McCollum,2TM,35,rim_fg_pct,0.625615763546798,0.608537995638277,0.5430290422514256,0.6725845175967122,2264
mccontj01,T.J. McConnell,IND,34,rim_fg_pct,0.6835443037974683,0.6694621593427497,0.5706486544705334,0.7567002156081288,963
mcdanja02,Jaden McDaniels,MIN,26,rim_fg_pct,0.7117903930131004,0.7159099117505073,0.6504009583636559,0.7799564337089425,2316
mcderdo01,Doug McDermott,SAC,35,rim_fg_pct,0.5,0.6008712419504652,0.5020577370782489,0.6881092982158443,439
mcgowbr01,Bryce McGowens,NOP,24,rim_fg_pct,0.5730337078651685,0.5920638645688104,0.4932503596965942,0.6793019208341896,880
mclaujo01,Jordan McLaughlin,SAS,30,rim_fg_pct,0.65,0.6313607982041363,0.53254729333192,0.7185988544695154,282
mcneeli01,Liam McNeeley,CHO,21,rim_fg_pct,0.5714285714285714,0.6516477953361975,0.5528342904639812,0.7388858516015767,368
meltode01,De'Anthony Melton,GSW,28,rim_fg_pct,0.6015625,0.5816997950177,0.5026064727375994,0.6570571821993346,1125
merrisa01,Sam Merrill,CLE,30,rim_fg_pct,0.8,0.7221994385009066,0.643106116220806,0.7975568256825413,1377
middlkh01,Khris Middleton,2TM,35,rim_fg_pct,0.5645161290322581,0.6191342625732917,0.5400409402931912,0.6944916497549264,1439
millebr02,Brandon Miller,CHO,24,rim_fg_pct,0.6730769230769231,0.6608058768155983,0.5952969234287468,0.7248523987740335,1968
millejo02,Jordan Miller,LAC,27,rim_fg_pct,0.7232704402515723,0.6887579213171332,0.6096645990370326,0.7641153084987679,1325
millele01,Leonard Miller,2TM,23,rim_fg_pct,0.75,0.7464042804879776,0.6475907756157613,0.8336423367533567,719
minotjo01,Josh Minott,2TM,24,rim_fg_pct,0.8,0.7341254056739354,0.6353119008017191,0.8213634619393145,834
missiyv01,Yves Missi,NOP,22,rim_fg_pct,0.6227272727272727,0.6213244486566097,0.5422311263765092,0.6966818358382444,1297
mitchaj01,Ajay Mitchell,OKC,24,rim_fg_pct,0.6647058823529411,0.6606207828628355,0.581527460582735,0.7359781700444702,1473
mitchda01,Davion Mitchell,MIA,28,rim_fg_pct,0.6428571428571429,0.6323542166754145,0.566845263288563,0.6964007386338497,2000
mitchdo01,Donovan Mitchell,CLE,30,rim_fg_pct,0.6559485530546624,0.6432450810709588,0.5777361276841073,0.707291603029394,2342
mobleev01,Evan Mobley,CLE,25,rim_fg_pct,0.7405541561712846,0.7490888218395155,0.683579868452664,0.8131353437979507,2074
monkma01,Malik Monk,SAC,28,rim_fg_pct,0.6966292134831461,0.6437410154599208,0.5646476931798202,0.7190984026415554,1364
moodymo01,Moses Moody,GSW,24,rim_fg_pct,0.7386363636363636,0.7212136987089441,0.6421203764288436,0.7965710858905788,1540
moranja01,Ja Morant,MEM,27,rim_fg_pct,0.6071428571428571,0.6311891533697168,0.5323756484975005,0.718427209635096,569
murphtr02,Trey Murphy III,NOP,26,rim_fg_pct,0.7416974169741697,0.7309579518224154,0.6654489984355639,0.7950044737808506,2341
murraco01,Collin Murray-Boyles,TOR,21,rim_fg_pct,0.6939655172413793,0.7078939330143559,0.6288006107342553,0.7832513201959905,1246
murrade01,Dejounte Murray,NOP,30,rim_fg_pct,0.6041666666666666,0.5829578635237335,0.4841443586515172,0.6701959197891126,389
murraja01,Jamal Murray,DEN,29,rim_fg_pct,0.646551724137931,0.6384200642638651,0.5729111108770136,0.7024665862223003,2652
murrake02,Keegan Murray,SAC,26,rim_fg_pct,0.75,0.7390559399387534,0.6402424350665371,0.8262939962041326,793
murrakr01,Kris Murray,POR,26,rim_fg_pct,0.6518518518518519,0.6388213850184215,0.5597280627383209,0.7141787722000561,1333
mykhasv01,Svi Mykhailiuk,UTA,29,rim_fg_pct,0.703125,0.6591532600776904,0.5800599377975898,0.734510647259325,1156
nancela02,Larry Nance Jr.,CLE,34,rim_fg_pct,0.5909090909090909,0.6712008747326054,0.5723873698603891,0.7584389309979845,449
nancepe01,Pete Nance,MIL,26,rim_fg_pct,0.8163265306122449,0.7693820696500407,0.6705685647778244,0.8566201259154199,737
nembhan01,Andrew Nembhard,IND,27,rim_fg_pct,0.6268656716417911,0.6704315848745747,0.5913382625944741,0.7457889720562093,1786
nembhry01,Ryan Nembhard,DAL,23,rim_fg_pct,0.6326530612244898,0.6543563435525197,0.5752630212724191,0.7297137307341544,1171
nesmiaa01,Aaron Nesmith,IND,27,rim_fg_pct,0.5263157894736842,0.6240935654621659,0.5450002431820653,0.6994509526438005,1335
newelas01,Asa Newell,ATL,21,rim_fg_pct,0.6933333333333334,0.7039767265463116,0.6051632216740953,0.7912147828116908,500
nnajize01,Zeke Nnaji,DEN,26,rim_fg_pct,0.7066666666666667,0.6494851574513109,0.5506716525790946,0.73672321371669,626
nurkiju01,Jusuf Nurkić,UTA,32,rim_fg_pct,0.5833333333333334,0.6062353971801826,0.5074218923079663,0.6934734534455618,1083
okogijo01,Josh Okogie,HOU,28,rim_fg_pct,0.5217391304347826,0.5785571226955836,0.499463800415483,0.6539145098772182,1354
okongon01,Onyeka Okongwu,ATL,26,rim_fg_pct,0.6791666666666667,0.7022176188782757,0.6367086654914242,0.7662641408367109,2297
okorois01,Isaac Okoro,CHI,26,rim_fg_pct,0.6305418719211823,0.6323302072873412,0.5532368850072407,0.7076875944689759,1695
olbrila01,Lachlan Olbrich,CHI,23,rim_fg_pct,0.5813953488372093,0.6230990232212736,0.5242855183490573,0.7103370794866528,344
olynyke01,Kelly Olynyk,SAS,35,rim_fg_pct,0.8285714285714286,0.7046625338694037,0.6058490289971874,0.7919005901347829,360
onealro01,Royce O'Neale,PHO,33,rim_fg_pct,0.62,0.6227115753692775,0.557202621982426,0.6867580973277126,2213
oubreke01,Kelly Oubre Jr.,PHI,31,rim_fg_pct,0.6666666666666666,0.6542362201605861,0.5751428978804856,0.7295936073422208,1574
payneca01,Cameron Payne,PHI,32,rim_fg_pct,0.5,0.5062861584944713,0.4074726536222551,0.5935242147598505,374
paytoga02,Gary Payton II,GSW,34,rim_fg_pct,0.7623318385650224,0.7585366673860655,0.6794433451059649,0.8338940545677002,1142
peavymi01,Micah Peavy,NOP,25,rim_fg_pct,0.5794392523364486,0.6007871991696292,0.5019736942974129,0.6880252554350084,913
pendano01,Noah Penda,ORL,22,rim_fg_pct,0.5625,0.6079364869740967,0.5091229821018805,0.6951745432394759,757
peterta01,Taelon Peter,IND,24,rim_fg_pct,0.64,0.6572820966374573,0.558468591765241,0.7445201529028365,492
phillju01,Julian Phillips,2TM,23,rim_fg_pct,0.6097560975609756,0.6151553066087453,0.516341801736529,0.7023933628741245,428
pickeja02,Jalen Pickett,DEN,27,rim_fg_pct,0.625,0.666874145400708,0.5680606405284917,0.7541122016660872,807
plowdda01,Daeqwon Plowden,SAC,28,rim_fg_pct,0.8431372549019608,0.7855759962509583,0.686762491378742,0.8728140525163375,844
podzibr01,Brandin Podziemski,GSW,23,rim_fg_pct,0.6900584795321637,0.6870581007717064,0.6215491473848549,0.7511046227301416,2333
poeltja01,Jakob Poeltl,TOR,31,rim_fg_pct,0.7951219512195122,0.7559903464973377,0.6768970242172371,0.8313477336789723,1149
poolejo01,Jordan Poole,NOP,27,rim_fg_pct,0.5,0.6448810743094495,0.5460675694372332,0.7321191305748287,933
portecr01,Craig Porter Jr.,CLE,26,rim_fg_pct,0.6891891891891891,0.6620387175624813,0.5829453952823808,0.737396104744116,1148
porteke02,Kevin Porter Jr.,MIL,26,rim_fg_pct,0.6163522012578616,0.6249341573304981,0.5458408350503975,0.7002915445121327,1261
portemi01,Michael Porter Jr.,BRK,28,rim_fg_pct,0.7657657657657657,0.734540390041564,0.6554470677614634,0.8098977772231987,1689
portibo01,Bobby Portis,MIL,31,rim_fg_pct,0.6534653465346535,0.663172963882501,0.5840796416024004,0.7385303510641357,1619
porzikr01,Kristaps Porziņģis,2TM,31,rim_fg_pct,0.6438356164383562,0.6962993011834897,0.5974857963112734,0.7835373574488689,769
postqu01,Quinten Post,GSW,26,rim_fg_pct,0.7307692307692307,0.6561285248452087,0.5770352025651081,0.7314859120268433,1159
pottemi01,Micah Potter,IND,28,rim_fg_pct,0.7341772151898734,0.7246140572924106,0.6258005524201943,0.8118521135577897,908
poulajo01,John Poulakidas,DAL,23,rim_fg_pct,0.5,0.66732920911633,0.5685157042441137,0.7545672653817092,253
poweldr01,Drake Powell,BRK,21,rim_fg_pct,0.6875,0.6997931420944729,0.6206998198143723,0.7751505292761075,1320
poweldw01,Dwight Powell,DAL,35,rim_fg_pct,0.6941176470588235,0.7104039722877183,0.611590467415502,0.7976420285530975,904
powelno01,Norman Powell,MIA,33,rim_fg_pct,0.62882096069869,0.6414353237192969,0.5623420014391963,0.7167927109009316,1717
princta02,Taurean Prince,MIL,32,rim_fg_pct,0.7058823529411765,0.6248416696413109,0.5260281647690946,0.7120797259066901,611
pritcpa01,Payton Pritchard,BOS,29,rim_fg_pct,0.6857142857142857,0.7150937393519584,0.6495847859651069,0.7791402613103936,2556
proctty01,Tyrese Proctor,CLE,22,rim_fg_pct,0.6304347826086957,0.6597072564438717,0.5608937515716554,0.7469453127092509,545
prospol01,Olivier-Maxence Prosper,MEM,24,rim_fg_pct,0.7350993377483444,0.6844803630630587,0.5856668581908424,0.7717184193284379,984
queende01,Derik Queen,NOP,22,rim_fg_pct,0.6042780748663101,0.6233257050150678,0.5578167516282163,0.687372226973503,2023
quetane01,Neemias Queta,BOS,27,rim_fg_pct,0.7530120481927711,0.7408542876546698,0.6753453342678183,0.804900809613105,1926
quickim01,Immanuel Quickley,TOR,27,rim_fg_pct,0.6727272727272727,0.6491471664287551,0.5836382130419037,0.7131936883871903,2231
randlju01,Julius Randle,MIN,32,rim_fg_pct,0.6742424242424242,0.6843078409234505,0.6187988875365991,0.7483543628818857,2610
raynama01,Maxime Raynaud,SAC,23,rim_fg_pct,0.745945945945946,0.7456799137297931,0.6801709603429417,0.8097264356882283,1964
reathdu01,Duop Reath,POR,30,rim_fg_pct,0.6428571428571429,0.6768490301306817,0.5780355252584654,0.7640870863960608,258
reaveau01,Austin Reaves,LAL,28,rim_fg_pct,0.75,0.7242412059969218,0.6451478837168212,0.7995985931785564,1762
reedpa01,Paul Reed,DET,27,rim_fg_pct,0.7473118279569892,0.6989224598529492,0.6001089549807329,0.7861605161183284,901
reeseju01,Julian Reese,WAS,23,rim_fg_pct,0.6575342465753424,0.6696827836555702,0.5708692787833539,0.7569208399209494,402
reidna01,Naz Reid,MIN,27,rim_fg_pct,0.6975308641975309,0.6672640703325767,0.6017551169457253,0.7313105922910119,2007
richaja02,Jase Richardson,ORL,21,rim_fg_pct,0.68,0.6932618177091836,0.5944483128369673,0.7804998739745628,587
richani01,Nick Richards,2TM,29,rim_fg_pct,0.6065573770491803,0.6979121573647326,0.5990986524925163,0.7851502136301117,701
richawi02,Will Richard,GSW,24,rim_fg_pct,0.7894736842105263,0.7664509442340725,0.6873576219539719,0.8418083314157071,1377
rileywi01,Will Riley,WAS,20,rim_fg_pct,0.7151898734177216,0.719886827482242,0.6407935052021414,0.7952442146638766,1633
risacza01,Zaccharie Risacher,ATL,21,rim_fg_pct,0.6111111111111112,0.635248866030401,0.5561555437503004,0.7106062532120356,1503
robindu01,Duncan Robinson,DET,32,rim_fg_pct,0.7123287671232876,0.6865684711245411,0.6210595177376896,0.7506149930829763,2113
robinje02,Jeremiah Robinson-Earl,2TM,26,rim_fg_pct,0.4772727272727273,0.607535549078851,0.5087220442066347,0.6947736053442302,361
robinmi01,Mitchell Robinson,NYK,28,rim_fg_pct,0.7192118226600985,0.6804887191786532,0.6013953968985526,0.7558461063602878,1175
rolliry01,Ryan Rollins,MIL,24,rim_fg_pct,0.6489795918367347,0.6553735256946022,0.5898645723077507,0.7194200476530374,2376
ruperra01,Rayan Rupert,2TM,22,rim_fg_pct,0.5714285714285714,0.5825496773879465,0.48373617251573026,0.6697877336533257,1072
russeda01,D'Angelo Russell,DAL,30,rim_fg_pct,0.6296296296296297,0.6607171569795798,0.5619036521073635,0.747955213244959,495
ryanco01,Cormac Ryan,MIL,28,rim_fg_pct,0.6923076923076923,0.680993484311211,0.5821799794389947,0.7682315405765902,271
sabondo01,Domantas Sabonis,SAC,30,rim_fg_pct,0.656,0.6883398028306731,0.5895262979584568,0.7755778590960523,564
salauti01,Tidjane Salaün,CHO,21,rim_fg_pct,0.6851851851851852,0.6490199406029419,0.5502064357307256,0.736257996868321,575
sandeko01,Kobe Sanders,LAC,24,rim_fg_pct,0.7352941176470589,0.7196954996479848,0.6406021773678843,0.7950528868296195,1351
santogu01,Gui Santos,GSW,24,rim_fg_pct,0.7309941520467836,0.7296251159433136,0.650531793663213,0.8049825031249482,1395
sarafbe01,Ben Saraf,BRK,20,rim_fg_pct,0.5736434108527132,0.6001927068774937,0.5013792020052774,0.6874307631428729,916
sarral01,Alex Sarr,WAS,21,rim_fg_pct,0.7043478260869566,0.6925422248366035,0.613448902556503,0.7678996120182382,1305
sassema01,Marcus Sasser,DET,26,rim_fg_pct,0.5416666666666666,0.6403643682407641,0.5415508633685479,0.7276024245061433,457
scheiba01,Baylor Scheierman,BOS,26,rim_fg_pct,0.7142857142857143,0.6918747325843777,0.6127814103042771,0.7672321197660124,1429
schrode01,Dennis Schröder,2TM,33,rim_fg_pct,0.5572519083969466,0.5641674679594877,0.4850741456793871,0.6395248551411223,1697
sengual01,Alperen Şengün,HOU,24,rim_fg_pct,0.6811926605504587,0.6672692798527889,0.6017603264659375,0.7313158018112241,2398
sensabr01,Brice Sensabaugh,UTA,23,rim_fg_pct,0.6962962962962963,0.6808929010328317,0.6017995787527312,0.7562502882144664,1762
sextoco01,Collin Sexton,2TM,28,rim_fg_pct,0.6448979591836734,0.6532332060977,0.5741398838175994,0.7285905932793346,1614
shamela01,Landry Shamet,NYK,29,rim_fg_pct,0.6885245901639344,0.6717556150644786,0.592662292784378,0.7471130022461132,1171
shannte01,Terrence Shannon Jr.,MIN,26,rim_fg_pct,0.5645161290322581,0.6254991322678817,0.5266856273956654,0.7127371885332608,538
sharpda01,Day'Ron Sharpe,BRK,25,rim_fg_pct,0.7238493723849372,0.6772293370808499,0.5981360148007493,0.7525867242624845,1160
sharpsh01,Shaedon Sharpe,POR,23,rim_fg_pct,0.6856060606060606,0.684759801692058,0.6056664794119574,0.7601171888736926,1471
sheadja01,Jamal Shead,TOR,24,rim_fg_pct,0.5684210526315789,0.5909953208122766,0.5254863674254251,0.6550418427707118,1852
sheppbe01,Ben Sheppard,IND,25,rim_fg_pct,0.6095238095238096,0.6452037172890392,0.5661103950089387,0.7205611044706739,1390
sheppre01,Reed Sheppard,HOU,22,rim_fg_pct,0.56,0.6028124309924578,0.5373034776056064,0.666858952950893,2147
siakapa01,Pascal Siakam,IND,32,rim_fg_pct,0.6858006042296072,0.7074756681825287,0.6419667147956772,0.7715221901409639,2057
simonan01,Anfernee Simons,2TM,27,rim_fg_pct,0.6779661016949152,0.6213364305478195,0.5422431082677189,0.6966938177294542,1372
simpskj01,KJ Simpson,2TM,24,rim_fg_pct,0.5,0.6010447348523108,0.5022312299800945,0.68828279111769,257
simsje01,Jericho Sims,MIL,28,rim_fg_pct,0.8343558282208589,0.7836128679980039,0.7045195457179033,0.8589702551796385,1318
slawsja01,Jalen Slawson,IND,27,rim_fg_pct,0.7083333333333334,0.6916893503388422,0.5928758454666259,0.7789274066042213,311
smallja01,Javon Small,MEM,24,rim_fg_pct,0.6875,0.6845550030182211,0.5857414981460048,0.7717930592836003,830
smartma01,Marcus Smart,LAL,32,rim_fg_pct,0.6190476190476191,0.6426908134434491,0.5635974911633486,0.7180482006250838,1769
smithdr01,Dru Smith,MIA,29,rim_fg_pct,0.59375,0.6169515499081288,0.5378582276280283,0.6923089370897635,1141
smithja04,Jalen Smith,CHI,26,rim_fg_pct,0.6644295302013423,0.697341214775648,0.6182478924955475,0.7726986019572827,1095
smithja05,Jabari Smith Jr.,HOU,23,rim_fg_pct,0.6878612716763006,0.6860841851167325,0.620575231729881,0.7501307070751677,2705
smithma02,Malachi Smith,BRK,27,rim_fg_pct,0.5416666666666666,0.6100566972776177,0.5112431924054014,0.6972947535429969,359
smithni01,Nick Smith Jr.,LAL,22,rim_fg_pct,0.625,0.5831686118379321,0.4843551069657159,0.6704066681033113,375
sochaje01,Jeremy Sochan,2TM,23,rim_fg_pct,0.6666666666666666,0.6610070855502327,0.5621935806780164,0.7482451418156119,469
spencca01,Cam Spencer,MEM,26,rim_fg_pct,0.6590909090909091,0.6658621433948988,0.5867688211147982,0.7412195305765334,1714
spencpa01,Pat Spencer,GSW,30,rim_fg_pct,0.5903614457831325,0.5845814194588862,0.5054880971787856,0.6599388066405208,1229
stewais01,Isaiah Stewart,DET,25,rim_fg_pct,0.7634408602150538,0.7104947912108606,0.63140146893076,0.7858521783924952,1317
strawju01,Julian Strawther,DEN,24,rim_fg_pct,0.6197183098591549,0.6340188957471404,0.5352053908749241,0.7212569520125196,861
strusma01,Max Strus,CLE,30,rim_fg_pct,0.5882352941176471,0.6286970629373331,0.5298835580651168,0.7159351192027122,288
suggsja01,Jalen Suggs,ORL,25,rim_fg_pct,0.648,0.682170346398153,0.6030770241180524,0.7575277335797876,1574
tateja01,Jae'Sean Tate,HOU,31,rim_fg_pct,0.7619047619047619,0.6776637235370565,0.5788502186648402,0.7649017798024357,405
tatumja01,Jayson Tatum,BOS,28,rim_fg_pct,0.6129032258064516,0.7019365450806184,0.6031230402084021,0.7891746013459976,522
terryda01,Dalen Terry,2TM,24,rim_fg_pct,0.6,0.6182329804913914,0.5194194756191751,0.7054710367567706,551
thomaca02,Cam Thomas,2TM,25,rim_fg_pct,0.5733333333333334,0.5984526210654952,0.499639116193279,0.6856906773308744,881
thompam01,Amen Thompson,HOU,24,rim_fg_pct,0.7170923379174853,0.7125465823953624,0.6470376290085109,0.7765931043537976,2953
thompau01,Ausar Thompson,DET,24,rim_fg_pct,0.6666666666666666,0.6684057201067616,0.6028967667199101,0.7324522420651968,1896
thompet01,Ethan Thompson,IND,27,rim_fg_pct,0.6060606060606061,0.636422022351596,0.5376085174793797,0.7236600786169751,653
thompkl01,Klay Thompson,DAL,36,rim_fg_pct,0.5833333333333334,0.6768431156862408,0.5977497934061402,0.7522005028678754,1497
thybuma01,Matisse Thybulle,POR,29,rim_fg_pct,0.6428571428571429,0.6400070764899084,0.5411935716176921,0.7272451327552876,480
tomlina01,Nae'Qwan Tomlin,CLE,26,rim_fg_pct,0.6666666666666666,0.6693023276537435,0.5704888227815272,0.7565403839191227,1004
toppiob01,Obi Toppin,IND,28,rim_fg_pct,0.765625,0.7720392822662049,0.6732257773939886,0.8592773385315841,424
townska01,Karl-Anthony Towns,NYK,31,rim_fg_pct,0.6166328600405679,0.6369381382940408,0.5714291849071893,0.700984660252476,2322
traorno01,Nolan Traoré,BRK,20,rim_fg_pct,0.45185185185185184,0.4968358414516346,0.41774251917153404,0.5721932286332693,1243
trentga02,Gary Trent Jr.,MIL,28,rim_fg_pct,0.55,0.5908237408136849,0.5117304185335844,0.6661811279953196,1377
tshieos01,Oscar Tshiebwe,UTA,27,rim_fg_pct,0.7127659574468085,0.7082127877692972,0.6093992828970809,0.7954508440346764,448
turnemy01,Myles Turner,MIL,30,rim_fg_pct,0.6557377049180327,0.6858426614575679,0.6203337080707164,0.7498891834160031,1912
tysonja01,Jaylon Tyson,CLE,24,rim_fg_pct,0.5898617511520737,0.5927509250098073,0.5136576027297067,0.668108312191442,1777
valanjo01,Jonas Valančiūnas,DEN,34,rim_fg_pct,0.6687116564417178,0.6808710058104064,0.5820575009381901,0.7681090620757856,871
vandeja01,Jarred Vanderbilt,LAL,27,rim_fg_pct,0.6333333333333333,0.6385671826079654,0.5594738603278648,0.7139245697896001,1128
vassede01,Devin Vassell,SAS,26,rim_fg_pct,0.6133333333333333,0.6572414495419067,0.5917324961550552,0.7212879715003419,2044
vincega01,Gabe Vincent,2TM,30,rim_fg_pct,0.6923076923076923,0.660656067956893,0.5618425630846767,0.7478941242222722,879
vucevni01,Nikola Vučević,2TM,36,rim_fg_pct,0.654054054054054,0.6523449669904702,0.5732516447103696,0.7277023541721048,1818
vukcetr01,Tristan Vukcevic,WAS,23,rim_fg_pct,0.7647058823529411,0.7517657424049518,0.6529522375327355,0.8390037986703309,671
wadede01,Dean Wade,CLE,30,rim_fg_pct,0.640625,0.6768060263740207,0.5977127040939201,0.7521634135556553,1318
wagnefr01,Franz Wagner,ORL,25,rim_fg_pct,0.6497175141242938,0.6699432702526031,0.5711297653803868,0.7571813265179823,1019
wagnemo01,Moritz Wagner,ORL,29,rim_fg_pct,0.5921052631578947,0.6931910141839743,0.594377509311758,0.7804290704493535,427
walkeja01,Jabari Walker,PHI,24,rim_fg_pct,0.6161616161616161,0.6481402787326047,0.5493267738603884,0.7353783349979839,762
walkeja02,Jarace Walker,IND,23,rim_fg_pct,0.5853658536585366,0.5913233048679221,0.5258143514810706,0.6553698268263572,1953
wallaca01,Cason Wallace,OKC,23,rim_fg_pct,0.6051282051282051,0.6551477467526287,0.5896387933657772,0.7191942687110638,2046
wallake01,Keaton Wallace,ATL,27,rim_fg_pct,0.5555555555555556,0.6215376671744847,0.5227241623022684,0.7087757234398638,536
walshjo01,Jordan Walsh,BOS,22,rim_fg_pct,0.7307692307692307,0.7288262204313807,0.6497328981512801,0.8041836076130153,1212
walteja01,Ja'Kobe Walter,TOR,22,rim_fg_pct,0.5888888888888889,0.5653094049235456,0.48621608264344507,0.6406667921051803,1474
wareke01,Kel'el Ware,MIA,22,rim_fg_pct,0.7009646302250804,0.7145056651347826,0.6354123428546821,0.7898630523164173,1704
washipj01,P.J. Washington,DAL,28,rim_fg_pct,0.6262135922330098,0.6509819597510239,0.5718886374709233,0.7263393469326586,1736
waterli01,Lindy Waters III,SAS,29,rim_fg_pct,0.6,0.6333678735121554,0.5345543686399391,0.7206059297775346,285
watfotr01,Trendon Watford,PHI,26,rim_fg_pct,0.6666666666666666,0.6524068146971913,0.553593309824975,0.7396448709625705,864
watkija01,Jamir Watkins,WAS,25,rim_fg_pct,0.7362637362637363,0.7262161723659317,0.6274026674937154,0.8134542286313109,1032
watsope01,Peyton Watson,DEN,24,rim_fg_pct,0.6451612903225806,0.6433635584951103,0.5642702362150097,0.7187209456767449,1598
wellsja01,Jaylen Wells,MEM,23,rim_fg_pct,0.5846153846153846,0.6421783840011793,0.5630850617210788,0.717535771182814,1821
wembavi01,Victor Wembanyama,SAS,23,rim_fg_pct,0.7512953367875648,0.7428058356152422,0.6772968822283907,0.8068523575736773,1866
weslebl01,Blake Wesley,POR,23,rim_fg_pct,0.7037037037037037,0.6375569719019668,0.5387434670297505,0.724795028167346,361
westbru01,Russell Westbrook,SAC,38,rim_fg_pct,0.6488095238095238,0.6315111505273481,0.5660021971404966,0.6955576724857833,1853
whiteco01,Coby White,2TM,26,rim_fg_pct,0.6235294117647059,0.6347374669211671,0.5556441446410665,0.7100948541028017,1249
whitede01,Derrick White,BOS,32,rim_fg_pct,0.7129629629629629,0.7202452322169103,0.6547362788300588,0.7842917541753455,2625
whitmca01,Cam Whitmore,WAS,22,rim_fg_pct,0.7123287671232876,0.669086472515236,0.5702729676430197,0.7563245287806152,354
wiggiaa01,Aaron Wiggins,OKC,28,rim_fg_pct,0.6026490066225165,0.654789883656431,0.5756965613763304,0.7301472708380656,1414
wiggian01,Andrew Wiggins,MIA,31,rim_fg_pct,0.6637168141592921,0.6294884585305951,0.5639795051437436,0.6935349804890303,2063
willibr03,Brandon Williams,DAL,27,rim_fg_pct,0.64,0.6440340056172812,0.5649406833371806,0.7193913927989158,1463
willico04,Cody Williams,UTA,22,rim_fg_pct,0.6779661016949152,0.6698906192512486,0.590797296971148,0.7452480064328832,1631
willigr01,Grant Williams,CHO,28,rim_fg_pct,0.6875,0.7151148216534193,0.616301316781203,0.8023528779187985,711
willija06,Jalen Williams,OKC,25,rim_fg_pct,0.6708860759493671,0.6818579657887025,0.5830444609164862,0.7690960220540817,936
willija07,Jaylin Williams,OKC,24,rim_fg_pct,0.6170212765957447,0.6379631586259996,0.558869836345899,0.7133205458076343,1277
willike04,Kenrich Williams,OKC,32,rim_fg_pct,0.6276595744680851,0.6657522715758493,0.566938766703633,0.7529903278412284,855
willima07,Mark Williams,PHO,25,rim_fg_pct,0.7184466019417476,0.7171356471100687,0.6380423248299681,0.7924930342917034,1416
willipa01,Patrick Williams,CHI,25,rim_fg_pct,0.48598130841121495,0.5248109024149722,0.4457175801348716,0.6001682895966068,1474
williro04,Robert Williams,POR,29,rim_fg_pct,0.7777777777777778,0.7608417506829719,0.6620282458107556,0.8480798069483511,1008
willivi01,Vince Williams Jr.,2TM,26,rim_fg_pct,0.4,0.5853578271276687,0.48654432225545247,0.6725958833930479,820
willizi01,Zion Williamson,NOP,26,rim_fg_pct,0.7007299270072993,0.6817517456692461,0.6162427922823946,0.7457982676276813,1841
willizi02,Ziaire Williams,BRK,25,rim_fg_pct,0.6578947368421053,0.6401882218534128,0.5610948995733123,0.7155456090350475,1281
wilsoja03,Jalen Wilson,BRK,26,rim_fg_pct,0.5517241379310345,0.6129608098690585,0.5141473049968422,0.7001988661344377,859
wolfda01,Danny Wolf,BRK,22,rim_fg_pct,0.5448717948717948,0.5771916538935044,0.4980983316134038,0.652549041075139,1187
yabusgu01,Guerschon Yabusele,2TM,31,rim_fg_pct,0.6,0.6790243083306219,0.5802108034584056,0.766262364596001,1007
yangha01,Yang Hansen,POR,21,rim_fg_pct,0.6060606060606061,0.6503546832104816,0.5515411783382653,0.7375927394758608,300
youngtr01,Trae Young,2TM,28,rim_fg_pct,0.6875,0.5623121544042545,0.4634986495320383,0.6495502106696337,384
zubaciv01,Ivica Zubac,2TM,29,rim_fg_pct,0.688212927756654,0.6932157860894979,0.6141224638093973,0.7685731732711325,1446
achiupr01,Precious Achiuwa,SAC,27,rim_share,0.4665551839464883,0.49993475315488406,0.4180877952372503,0.5892578789360826,1745
adamsst01,Steven Adams,HOU,33,rim_share,0.7697841726618705,0.6113481938105704,0.520900157927603,0.7471655768733374,730
adebaba01,Bam Adebayo,MIA,29,rim_share,0.25065502183406113,0.2552161903651032,0.1754711024676323,0.30921024846610523,2365
agbajoc01,Ochai Agbaji,2TM,26,rim_share,0.4107142857142857,0.3760768048443503,0.285628768961383,0.5118941879071174,973
aldamsa01,Santi Aldama,MEM,26,rim_share,0.2542016806722689,0.24032199764513235,0.1584750397274986,0.3296451234263309,1198
alexani01,Nickeil Alexander-Walker,ATL,28,rim_share,0.25271966527196654,0.22672943366405862,0.14698434576658775,0.28072349176506073,2603
allengr01,Grayson Allen,PHO,31,rim_share,0.13343328335832083,0.1552953442749242,0.07344838635729045,0.24461847005612272,1467
allenja01,Jarrett Allen,CLE,28,rim_share,0.5397727272727273,0.5879465974167424,0.5060996394991086,0.6772697231979409,1519
alvarjo01,Jose Alvarado,2TM,28,rim_share,0.16481069042316257,0.16559650879342946,0.08374955087579572,0.25491963457462796,1370
anderky01,Kyle Anderson,3TM,33,rim_share,0.3217821782178218,0.268073541894007,0.17762550601103969,0.40389092495677403,853
antetgi01,Giannis Antetokounmpo,MIL,32,rim_share,0.6722408026755853,0.5956229210691116,0.5051748851861443,0.7314403041318787,1039
anthoco01,Cole Anthony,MIL,26,rim_share,0.19480519480519481,0.18652622326658924,0.09607818738362192,0.3223436063293563,527
anunoog01,OG Anunoby,NYK,29,rim_share,0.35074626865671643,0.3522436138340113,0.27249852593654045,0.40623767193501337,2224
avdijde01,Deni Avdija,POR,26,rim_share,0.3618421052631579,0.37020886974334416,0.2904637818458733,0.4242029278443462,2199
aytonde01,Deandre Ayton,LAL,28,rim_share,0.519134775374376,0.4153477795337291,0.3356026916362582,0.46934183763473114,1958
baglema01,Marvin Bagley III,2TM,27,rim_share,0.6277372262773723,0.5832328560820786,0.5013858981644449,0.6725559818632771,1201
baileac01,Ace Bailey,UTA,20,rim_share,0.1984304932735426,0.1939291125832768,0.11418402468580593,0.24792317068427888,1988
ballla01,LaMelo Ball,CHO,25,rim_share,0.1422829581993569,0.16261787938381134,0.08287279148634047,0.21661193748481342,2017
balllo01,Lonzo Ball,CLE,29,rim_share,0.10227272727272728,0.12210283133771044,0.03165479545474312,0.2579202144004775,728
banchpa01,Paolo Banchero,ORL,24,rim_share,0.3619791666666667,0.30352248715408087,0.22377739925661,0.3575165452550829,2502
banede01,Desmond Bane,ORL,28,rim_share,0.3004149377593361,0.2700767412917529,0.19033165339428204,0.32407079939275496,2756
barlodo01,Dominick Barlow,PHI,23,rim_share,0.5714285714285714,0.4986838518417294,0.4168368939240957,0.588006977622928,1689
barneha02,Harrison Barnes,SAS,34,rim_share,0.18608695652173912,0.22941243081171214,0.14966734291424127,0.28340648891271425,1986
barnesc01,Scottie Barnes,TOR,25,rim_share,0.346393588601959,0.30164011626449544,0.22189502836702457,0.3556341743654975,2681
barnhbr01,Brooks Barnhizer,OKC,24,rim_share,0.323943661971831,0.2901689756120093,0.19972093972904195,0.4259863586747763,348
barrerj01,RJ Barrett,TOR,26,rim_share,0.34681372549019607,0.371961261435448,0.29011430351781425,0.46128438721664655,1726
battlja01,Jamison Battle,TOR,25,rim_share,0.2620689655172414,0.17616618720059826,0.08571815131763094,0.3119835702633653,517
batumni01,Nicolas Batum,LAC,38,rim_share,0.008403361344537815,0.08964555351759082,0.0077985955999570755,0.17896867929878935,1295
berinjo01,Joan Beringer,MIN,20,rim_share,0.8775510204081632,0.5887388410294762,0.4982908051465088,0.7245562240922432,314
beysa01,Saddiq Bey,NOP,27,rim_share,0.31747673216132366,0.31355147709196646,0.2338063891944956,0.3675455351929685,2246
bitadgo01,Goga Bitadze,ORL,27,rim_share,0.8177777777777778,0.7028780613893886,0.6124300255064212,0.8386954444521556,972
blackan01,Anthony Black,ORL,23,rim_share,0.3329015544041451,0.3302850355580813,0.25053994766061044,0.3842790936590834,1910
blackle01,Leaky Black,WAS,27,rim_share,0.14563106796116504,0.23096980895883518,0.14052177307586786,0.36678719202160226,433
bogdabo01,Bogdan Bogdanović,LAC,34,rim_share,0.13157894736842105,0.15076603086506418,0.06031799498209686,0.28658341392783127,452
bonaad01,Adem Bona,PHI,23,rim_share,0.8363636363636363,0.7292646626391737,0.6474177047215399,0.8185877884203722,1234
bookede01,Devin Booker,PHO,30,rim_share,0.16277128547579298,0.15338708218450817,0.0736419942870373,0.20738114028551025,2146
bouyeja01,Jamaree Bouyea,PHO,27,rim_share,0.2457627118644068,0.25076715953733586,0.16031912365436854,0.3865845426001029,644
bradlto01,Tony Bradley,2TM,29,rim_share,0.5897435897435898,0.4547402562135405,0.3642922203305732,0.5905576392763076,450
branhma01,Malaki Branham,WAS,23,rim_share,0.38461538461538464,0.24586651353772737,0.15541847765476005,0.3816838966004944,275
braunch01,Christian Braun,DEN,25,rim_share,0.48586118251928023,0.46955609821491134,0.3877091402972776,0.5588792239961099,1399
bridgmi01,Mikal Bridges,NYK,30,rim_share,0.22949117341640707,0.20744550261132966,0.1277004147138588,0.26143956071233176,2692
bridgmi02,Miles Bridges,CHO,28,rim_share,0.30422264875239924,0.3078191383447217,0.22807405044725082,0.36181319644572374,2387
brookdi01,Dillon Brooks,PHO,31,rim_share,0.11678832116788321,0.14578965215054318,0.06394269423290944,0.2351127779317417,1702
brownbr01,Bruce Brown,DEN,30,rim_share,0.4061302681992337,0.3431056999198918,0.26336061202242095,0.3970997580208939,1998
brownja02,Jaylen Brown,BOS,30,rim_share,0.22423849643551522,0.25322267393421,0.17347758603673913,0.30721673203521205,2443
brownko01,Kobe Brown,2TM,27,rim_share,0.3800738007380074,0.3573200258115265,0.2668719899285592,0.4931374088742936,963
brunsja01,Jalen Brunson,NYK,30,rim_share,0.1423728813559322,0.15969914452836775,0.07995405663089689,0.21369320262936983,2590
bryanca01,Carter Bryant,SAS,21,rim_share,0.2981132075471698,0.28229388347413353,0.1918458475911662,0.41811126653690056,818
bryanth01,Thomas Bryant,CLE,29,rim_share,0.33707865168539325,0.3704752768653355,0.2800272409823682,0.5062926599281026,732
burtoty01,Tyler Burton,MEM,26,rim_share,0.24107142857142858,0.24813805957376506,0.15769002369079774,0.38395544263653214,307
butleji01,Jimmy Butler,GSW,37,rim_share,0.42857142857142855,0.37873845292831254,0.2968914950106788,0.46806157870951104,1182
buzelma01,Matas Buzelis,CHI,22,rim_share,0.3624091381100727,0.3491684682272634,0.2694233803297925,0.40316252632826544,2248
cainja01,Jamal Cain,ORL,27,rim_share,0.26973684210526316,0.25811283952441505,0.16766480364144773,0.39393022258718213,486
caldwke01,Kentavious Caldwell-Pope,MEM,33,rim_share,0.1557377049180328,0.16766028080686157,0.07721224492389425,0.3034776638696286,1088
camarto01,Toumani Camara,POR,26,rim_share,0.2244668911335578,0.2884755220065403,0.20873043410906944,0.34246958010754236,2731
capelca01,Clint Capela,HOU,32,rim_share,0.73568281938326,0.701505623791214,0.6110575879082466,0.837323006853981,926
cardwdy01,Dylan Cardwell,SAC,25,rim_share,0.5251396648044693,0.4361085555709224,0.3456605196879551,0.5719259386336895,907
carlsbr01,Branden Carlson,OKC,27,rim_share,0.42473118279569894,0.3751927101253625,0.28474467424239513,0.5110100931881295,488
carrica01,Bub Carrington,WAS,21,rim_share,0.07692307692307693,0.09637749431966636,0.01663240642219549,0.15037155242066844,2271
cartede02,Devin Carter,SAC,24,rim_share,0.3013698630136986,0.2692582633344278,0.1788102274514605,0.40507564639719484,700
carteje01,Jevon Carter,2TM,31,rim_share,0.08143322475570032,0.08727887536101443,-0.003169160521952888,0.2230962584237815,867
cartewe01,Wendell Carter Jr.,ORL,27,rim_share,0.3877551020408163,0.37557267995114524,0.29582759205367437,0.4295667380521473,2288
carusal01,Alex Caruso,OKC,32,rim_share,0.26666666666666666,0.2742282796887876,0.18378024380582028,0.41004566275155463,1020
castlst01,Stephon Castle,SAS,22,rim_share,0.37209302325581395,0.3565294005374537,0.2767843126399828,0.41052345863845574,2038
champju01,Justin Champagnie,WAS,25,rim_share,0.5021645021645021,0.42115130509133475,0.339304347173701,0.5104744308725333,1377
champju02,Julian Champagnie,SAS,25,rim_share,0.16400580551523947,0.1762160795172978,0.09647099161982695,0.2302101376182999,2266
chandke01,Kennedy Chandler,UTA,24,rim_share,0.35036496350364965,0.312940670559319,0.2224926346763517,0.4487580536220861,355
chrisca02,Cam Christie,LAC,21,rim_share,0.30935251798561153,0.28728533212829993,0.1968372962453326,0.423102715191067,480
chrisma02,Max Christie,DAL,23,rim_share,0.1724137931034483,0.1789808286423459,0.09923574074487504,0.232974886743348,2244
cissemo01,Moussa Cisse,DAL,24,rim_share,0.8869565217391304,0.6177494983613318,0.5273014624783644,0.7535668814240988,530
cissosi01,Sidy Cissoko,POR,22,rim_share,0.26047904191616766,0.25442957774754177,0.17258261982990802,0.3437527035287403,1435
clarkja02,Jaylen Clark,MIN,25,rim_share,0.32894736842105265,0.3154468304183363,0.224998794535369,0.45126421348110335,888
clarkjo01,Jordan Clarkson,NYK,34,rim_share,0.21863117870722434,0.17133656568125727,0.08948960776362352,0.2606596914624558,1279
claxtni01,Nic Claxton,BRK,27,rim_share,0.6020583190394511,0.5867167199450514,0.5069716320475806,0.6407107780460535,1920
claytwa01,Walter Clayton,2TM,23,rim_share,0.175704989154013,0.18432617611100438,0.10247921819337064,0.27364930189220293,1410
cliffni01,Nique Clifford,SAC,24,rim_share,0.18624161073825504,0.18667394898165107,0.1069288610841802,0.24066800708265315,1882
clingdo01,Donovan Clingan,POR,22,rim_share,0.5380116959064327,0.5512076469144243,0.4714625590169534,0.6052017050154264,2094
clownno01,Noah Clowney,BRK,22,rim_share,0.16957210776545167,0.1816200795824645,0.09977312166483077,0.270943205363663,1780
coffeam01,Amir Coffey,2TM,29,rim_share,0.20353982300884957,0.2049480153538136,0.11449997947084628,0.34076539841658066,490
colliis01,Isaiah Collier,UTA,22,rim_share,0.3145631067961165,0.3030900231467361,0.22124306522910236,0.39241314892793466,1517
collijo01,John Collins,LAC,29,rim_share,0.36874051593323215,0.3528934069383655,0.27314831904089465,0.40688746503936757,1872
conlemi01,Mike Conley,MIN,39,rim_share,0.07441860465116279,0.13166750628723123,0.04121947040426391,0.26748488934999826,991
connapa01,Pat Connaughton,CHO,34,rim_share,0.24705882352941178,0.2781920307522255,0.18774399486925816,0.41400941381499257,297
coopesh01,Sharife Cooper,WAS,25,rim_share,0.3805668016194332,0.34470815956184137,0.2542601236788741,0.48052554262460845,700
coulibi01,Bilal Coulibaly,WAS,22,rim_share,0.34750462107208874,0.3274592603471248,0.24561230242949106,0.4167823861283233,1468
cowarce01,Cedric Coward,MEM,23,rim_share,0.27314814814814814,0.26608520444485795,0.1842382465272242,0.35540833022605645,1598
cryerlj01,LJ Cryer,GSW,25,rim_share,0.03418803418803419,0.12869216324341967,0.03824412736045235,0.2645095463061867,292
cunnica01,Cade Cunningham,DET,25,rim_share,0.26156433978132887,0.24624671944685453,0.16650163154938366,0.3002407775478566,2172
curryst01,Stephen Curry,GSW,38,rim_share,0.15269086357947434,0.11426501229489468,0.03241805437726093,0.20358813807609322,1329
daniedy01,Dyson Daniels,ATL,23,rim_share,0.4826254826254826,0.38758625527032387,0.307841167372853,0.44158031337132597,2520
dasiltr01,Tristan Da Silva,ORL,25,rim_share,0.20967741935483872,0.22411799433651625,0.14437290643904538,0.27811205243751835,1899
davisan02,Anthony Davis,DAL,33,rim_share,0.4221556886227545,0.39574749394878594,0.3052994580658186,0.531564877011553,626
demineg01,Egor Dëmin,BRK,20,rim_share,0.133630289532294,0.14569693141254805,0.06384997349491431,0.23502005719374658,1308
derozde01,DeMar DeRozan,SAC,37,rim_share,0.11641791044776119,0.1252705772967599,0.04552548939928902,0.17926463539776197,2406
diabamo01,Moussa Diabaté,CHO,25,rim_share,0.7493112947658402,0.6674516565585495,0.5877065686610787,0.7214457146595517,1899
diawamo01,Mohamed Diawara,NYK,21,rim_share,0.2347417840375587,0.23647945123271433,0.146031415349747,0.3722968342954814,634
dickgr01,Gradey Dick,TOR,23,rim_share,0.2734375,0.24340438880815768,0.15295635292519036,0.37922177187092476,1067
diengou01,Ousmane Dieng,2TM,23,rim_share,0.1658291457286432,0.18932583154322633,0.10747887362559258,0.27864895732442485,1099
dilliro01,Rob Dillingham,2TM,22,rim_share,0.3106796116504854,0.28855475679185105,0.19810672090888373,0.4243721398546181,970
divindo01,Donte DiVincenzo,MIN,30,rim_share,0.13532934131736526,0.15512047970866472,0.07537539181119385,0.2091145378096668,2494
doncilu01,Luka Dončić,LAL,27,rim_share,0.11187371310912834,0.13600835006567571,0.05626326216820485,0.1900024081666778,2289
dortlu01,Luguentz Dort,OKC,27,rim_share,0.12213740458015267,0.17043274287347024,0.09068765497599937,0.22442680097447232,1849
dosunay01,Ayo Dosunmu,2TM,27,rim_share,0.4190093708165997,0.39501748273984977,0.3152723948423789,0.4490115408408518,1881
drumman01,Andre Drummond,PHI,33,rim_share,0.5816023738872403,0.6225313188329827,0.540684360915349,0.7118544446141812,1231
dunnkr01,Kris Dunn,LAC,32,rim_share,0.25157232704402516,0.23252092538639038,0.1527758374889195,0.28651498348739246,2230
dunnry01,Ryan Dunn,PHO,24,rim_share,0.3756906077348066,0.27700542026840286,0.1951584623507691,0.3663285460496014,1355
duranke01,Kevin Durant,HOU,38,rim_share,0.09302325581395349,0.09591554398370994,0.01617045608623907,0.14990960208471202,2840
durenja01,Jalen Duren,DET,23,rim_share,0.6824408468244084,0.6831813012034279,0.603436213305957,0.73717535930443,1976
easonta01,Tari Eason,HOU,25,rim_share,0.30517241379310345,0.35741948653344036,0.2755725286158066,0.44674261231463885,1549
edeyza01,Zach Edey,MEM,24,rim_share,0.5408163265306123,0.5038269764368878,0.41337894055392044,0.6396443594996548,284
edgecvj01,VJ Edgecombe,PHI,21,rim_share,0.26796116504854367,0.2568564669489651,0.1771113790514942,0.31085052504996713,2623
edwaran01,Anthony Edwards,MIN,25,rim_share,0.22095857026807472,0.2264128396746599,0.14666775177718902,0.28040689777566197,2137
edwarju01,Justin Edwards,PHI,23,rim_share,0.2,0.22148679653892064,0.13103876065595332,0.3573041796016877,977
elliske01,Keon Ellis,2TM,27,rim_share,0.15885416666666666,0.15171499364052426,0.06986803572289052,0.2410381194217228,1478
embiijo01,Joel Embiid,PHI,32,rim_share,0.25251076040172166,0.26069164869786887,0.17884469078023513,0.35001477447906737,1201
etienty01,Tyson Etienne,BRK,27,rim_share,0.07586206896551724,0.14792692867119805,0.057478892788230734,0.2837443117339651,380
eubandr01,Drew Eubanks,SAC,29,rim_share,0.40384615384615385,0.4599862828563103,0.36953824697334303,0.5958036659190774,552
fearsje01,Jeremiah Fears,NOP,20,rim_share,0.3966202783300199,0.3757970549788934,0.2960519670814225,0.4297911130798955,2112
filipky01,Kyle Filipowski,UTA,23,rim_share,0.3424657534246575,0.31502575187425175,0.233178793956618,0.40434887765545025,1801
finnedo01,Dorian Finney-Smith,HOU,33,rim_share,0.1893939393939394,0.22162578347968362,0.1311777475967163,0.3574431665424507,620
flaggco01,Cooper Flagg,DAL,20,rim_share,0.27638190954773867,0.2649022776318022,0.18515718973433132,0.3188963357328043,2344
flemira01,Rasheer Fleming,PHO,22,rim_share,0.3023255813953488,0.28624087009396465,0.19579283421099733,0.42205825315673173,673
fontesi01,Simone Fontecchio,MIA,31,rim_share,0.19532908704883228,0.19910360031542637,0.11725664239779263,0.2884267260966249,1173
foxde01,De'Aaron Fox,SAS,29,rim_share,0.22636103151862463,0.19908778759865678,0.11934269970118591,0.25308184569965886,2231
furphjo01,Johnny Furphy,IND,22,rim_share,0.4161073825503356,0.34964930457007565,0.25920126868710835,0.48546668763284273,643
gaffoda01,Daniel Gafford,DAL,28,rim_share,0.7974683544303798,0.7433739736769069,0.6615270157592732,0.8326970994581054,1195
gardnmy01,Myron Gardner,MIA,25,rim_share,0.34146341463414637,0.306842525447603,0.21639448956463567,0.44265990851037007,411
garlada01,Darius Garland,2TM,27,rim_share,0.19345238095238096,0.19107675580568187,0.10922979788804812,0.2803998815868804,1344
garzalu01,Luka Garza,BOS,28,rim_share,0.42296918767507,0.3901227600922042,0.30827580217457046,0.47944588587340276,1118
georgke01,Keyonte George,UTA,23,rim_share,0.1532349602724177,0.12648420253446455,0.0446372446168308,0.21580732831566307,1786
georgky01,Kyshawn George,WAS,23,rim_share,0.1975736568457539,0.1975286732293317,0.11568171531169796,0.28685179901053026,1391
georgpa01,Paul George,PHI,36,rim_share,0.13255360623781676,0.14242738160085808,0.06058042368322433,0.2317505073820566,1135
giddejo01,Josh Giddey,CHI,24,rim_share,0.3082287308228731,0.3165702675538711,0.23472330963623733,0.4058933933350696,1731
gilgesh01,Shai Gilgeous-Alexander,OKC,28,rim_share,0.27630582891748673,0.26935089920598176,0.1896058113085109,0.32334495730698387,2259
gillan01,Anthony Gill,WAS,34,rim_share,0.5116279069767442,0.42953720255931865,0.33908916667635136,0.5653545856220857,951
gilleco01,Collin Gillespie,PHO,27,rim_share,0.0688836104513064,0.09193773610503676,0.012192648207565895,0.14593179420603886,2282
goberru01,Rudy Gobert,MIN,34,rim_share,0.8635437881873728,0.8029415075459844,0.7231964196485134,0.8569355656469865,2380
gonzahu01,Hugo González,BOS,20,rim_share,0.34146341463414637,0.3145968039544721,0.22414876807150477,0.4504141870172391,1084
goodwjo01,Jordan Goodwin,PHO,28,rim_share,0.26126126126126126,0.25122278656467384,0.1693758286470401,0.3405459123458724,1572
gordoaa01,Aaron Gordon,DEN,31,rim_share,0.3241206030150754,0.4467536212864587,0.35630558540349133,0.5825710043492257,1005
grantje01,Jerami Grant,POR,32,rim_share,0.3178082191780822,0.28869476092777496,0.20684780301014122,0.3780178867089735,1695
greenaj01,A.J. Green,MIL,27,rim_share,0.030744336569579287,0.04477629366510048,-0.034968794232370384,0.09877035176610256,2270
greendr01,Draymond Green,GSW,36,rim_share,0.24439918533604887,0.2619224476251399,0.18217735972766902,0.31591650572614194,1869
greenja02,Javonte Green,DET,33,rim_share,0.28502415458937197,0.29838490742611945,0.2165379495084857,0.38770803320731795,1446
greenja05,Jalen Green,PHO,24,rim_share,0.26171875,0.2504720935005972,0.16002405761762986,0.3862894765633642,828
greenjo02,Josh Green,CHO,26,rim_share,0.16574585635359115,0.22400116932553396,0.13355313344256664,0.359818552388301,908
grimequ01,Quentin Grimes,PHI,26,rim_share,0.3205298013245033,0.27580252812029993,0.19605744022282906,0.32979658622130203,2206
gueyemo02,Mouhamed Gueye,ATL,24,rim_share,0.3620689655172414,0.33574602341017473,0.253899065492541,0.4250691491913733,1179
hachiru01,Rui Hachimura,LAL,28,rim_share,0.19262981574539365,0.272119153771116,0.19237406587364514,0.32611321187211806,1927
hardati02,Tim Hardaway Jr.,DEN,34,rim_share,0.0975609756097561,0.10535743837684383,0.025612350479372964,0.1593514964778459,2127
hardeja01,James Harden,2TM,37,rim_share,0.18521816562778273,0.159866733801482,0.08012164590401114,0.21386079190248408,2438
hardyja02,Jaden Hardy,2TM,24,rim_share,0.1351981351981352,0.16563781659546475,0.07518978071249743,0.3014551996582318,898
harklej01,Elijah Harkless,UTA,26,rim_share,0.2670807453416149,0.26144344718596507,0.17099541130299775,0.39726083024873216,545
harpedy01,Dylan Harper,SAS,20,rim_share,0.4557926829268293,0.4239630028336485,0.34211604491601477,0.513286128614847,1558
harpero02,Ron Harper Jr.,BOS,26,rim_share,0.13636363636363635,0.18944244825012072,0.0989944123671534,0.32525983131288777,318
harriga01,Gary Harris,MIL,32,rim_share,0.16346153846153846,0.16785827911275403,0.07741024322978671,0.3036756621755211,661
harrito02,Tobias Harris,DET,34,rim_share,0.21851289833080426,0.24396737490254256,0.1621204169849088,0.3332905006837411,1746
harteis01,Isaiah Hartenstein,OKC,28,rim_share,0.597972972972973,0.5206752131735982,0.4388282552559645,0.6099983389547967,1137
hartjo01,Josh Hart,NYK,31,rim_share,0.3260135135135135,0.36413834912563264,0.2843932612281618,0.4181324072266347,1994
hausesa01,Sam Hauser,BOS,29,rim_share,0.04658901830282862,0.06959030874890267,-0.010154779148568202,0.12358436684990474,1934
hawkijo01,Jordan Hawkins,NOP,24,rim_share,0.12062256809338522,0.10891036987475793,0.018462333991790605,0.24472775293752497,692
hayesja02,Jaxson Hayes,LAL,26,rim_share,0.8015267175572519,0.7183483658841903,0.6365014079665565,0.8076714916653888,1207
hayeski01,Killian Hayes,SAC,25,rim_share,0.057971014492753624,0.10926375621293102,0.018815720329963703,0.24508113927569808,406
hendesc01,Scoot Henderson,POR,22,rim_share,0.24561403508771928,0.2703177508081852,0.1798697149252179,0.40613513387095224,748
hendrta01,Taylor Hendricks,2TM,23,rim_share,0.3183098591549296,0.2819657713647376,0.20011881344710386,0.37128889714593616,1118
herroty01,Tyler Herro,MIA,27,rim_share,0.12233009708737864,0.1444635372130456,0.05401550133007829,0.28028092027581264,1033
hieldbu01,Buddy Hield,2TM,34,rim_share,0.21100917431192662,0.1757182075899181,0.08527017170695078,0.31153559065268516,819
hinsobl01,Blake Hinson,UTA,27,rim_share,0.19130434782608696,0.2256496644530559,0.13520162857008858,0.3614670475158229,285
holidaa01,Aaron Holiday,HOU,30,rim_share,0.0873015873015873,0.12561264524847712,0.0351646093655098,0.2614300283112442,781
holidjr01,Jrue Holiday,POR,36,rim_share,0.1763046544428773,0.19485524531458365,0.1130082873969499,0.28417837109578215,1560
hollaro01,Ron Holland,DET,21,rim_share,0.39705882352941174,0.3686992625761913,0.28685230465855754,0.45802238835738984,1551
holmgch01,Chet Holmgren,OKC,24,rim_share,0.3992297817715019,0.3604579044555406,0.28071281655806973,0.4144519625565427,1997
horfoal01,Al Horford,GSW,40,rim_share,0.1419753086419753,0.14939099902742492,0.0589429631444576,0.28520838209019195,969
howarje01,Jett Howard,ORL,23,rim_share,0.19123505976095617,0.17091909354272725,0.08047105765975993,0.3067364766054943,695
huertke01,Kevin Huerter,2TM,28,rim_share,0.2533557046979866,0.2046896116712758,0.12284265375364206,0.29401273745247436,1549
huffja01,Jay Huff,IND,28,rim_share,0.29623567921440264,0.2795210807867801,0.19767412286914637,0.36884420656797867,1719
hukpoar01,Ariel Hukporti,NYK,24,rim_share,0.6125,0.4307615694541847,0.3403135335712174,0.5665789525169518,498
huntede01,De'Andre Hunter,2TM,29,rim_share,0.1536926147704591,0.1775159246501877,0.09566896673255396,0.2668390504313862,1176
hylanbo01,Bones Hyland,MIN,26,rim_share,0.22008547008547008,0.21192993251241224,0.1300829745947785,0.30125305829361076,1177
ighodos01,Oso Ighodaro,PHO,24,rim_share,0.6065573770491803,0.506964379619085,0.4251174217014513,0.5962875054002835,1808
ingrabr01,Brandon Ingram,TOR,29,rim_share,0.17158385093167702,0.16985229996602813,0.09010721206855726,0.2238463580670302,2604
isaacjo01,Jonathan Isaac,ORL,29,rim_share,0.46788990825688076,0.39256245836217374,0.3021144224792064,0.5283798414249408,521
iveyja01,Jaden Ivey,2TM,24,rim_share,0.22265625,0.275403813737194,0.1849557778542267,0.41122119679996105,670
jacksan01,Andre Jackson Jr.,MIL,25,rim_share,0.2773109243697479,0.3166013516423074,0.22615331575934008,0.45241873470507443,408
jacksgg01,GG Jackson II,MEM,22,rim_share,0.38910505836575876,0.3327067030522683,0.25085974513463455,0.42202982883346685,1178
jacksis01,Isaiah Jackson,2TM,25,rim_share,0.7552742616033755,0.6622600018373234,0.571811965954356,0.7980773849000904,908
jacksja02,Jaren Jackson Jr.,2TM,27,rim_share,0.1933240611961057,0.20768025145406097,0.12583329353642722,0.2970033772352595,1454
jacksqu01,Quenton Jackson,IND,28,rim_share,0.4054878048780488,0.40192069104350875,0.31147265516054146,0.5377380741062758,897
jackstr02,Trayce Jackson-Davis,2TM,26,rim_share,0.8548387096774194,0.7002706865086593,0.609822650625692,0.8360880695714263,496
jakucka01,Kasparas Jakučionis,MIA,20,rim_share,0.21428571428571427,0.22069249733752266,0.13024446145455534,0.35650988040028975,945
jamesbr02,Bronny James,LAL,22,rim_share,0.1391304347826087,0.19005052628739713,0.09960249040442981,0.3258679093501642,375
jamesle01,LeBron James,LAL,42,rim_share,0.36996735582154516,0.4457712962040011,0.3660262083065302,0.49976535430500313,1989
jamessi01,Sion James,CHO,24,rim_share,0.2553763440860215,0.24887191743882037,0.1691268295413495,0.3028659755398224,1843
jaqueja01,Jaime Jaquez Jr.,MIA,25,rim_share,0.3453551912568306,0.35132711985043885,0.271582031952968,0.40532117795144096,2121
jenkida01,Daniss Jenkins,DET,25,rim_share,0.23767605633802816,0.23276618039521432,0.15091922247758058,0.32208930617641285,1455
jeromty01,Ty Jerome,MEM,29,rim_share,0.13953488372093023,0.1541346996500869,0.06368666376711957,0.28995208271285394,339
joeis01,Isaiah Joe,OKC,27,rim_share,0.09208103130755065,0.09783064528950765,0.015983687371873903,0.1871537710707062,1507
johnsaj01,AJ Johnson,2TM,22,rim_share,0.4375,0.36996461736114766,0.27951658147818037,0.5057820004239147,454
johnsca02,Cameron Johnson,DEN,30,rim_share,0.24,0.22095699290137757,0.13911003498374383,0.3102801186825761,1647
johnsch06,Chaney Johnson,BRK,24,rim_share,0.46808510638297873,0.36842254615523967,0.2779745102722724,0.5042399292180068,348
johnsja05,Jalen Johnson,ATL,25,rim_share,0.3127035830618892,0.3374624585131392,0.25771737061566835,0.39145651661414127,2532
johnske04,Keldon Johnson,SAS,27,rim_share,0.4127979924717691,0.38475306948700005,0.3050079815895292,0.43874712758800216,1911
johnske10,Keshad Johnson,MIA,25,rim_share,0.4423076923076923,0.35978555966983994,0.2693375237868726,0.49560294273260697,280
johnstr03,Tre Johnson,WAS,20,rim_share,0.0973724884080371,0.10717817204742427,0.02533121412979053,0.1965012978286228,1443
jokicni01,Nikola Jokić,DEN,31,rim_share,0.2871024734982332,0.29733075393877506,0.2175856660413042,0.35132481203977717,2265
jonesde02,Derrick Jones Jr.,LAC,29,rim_share,0.40897097625329815,0.3992775399118031,0.31743058199416935,0.48860066569300165,1350
joneshe01,Herbert Jones,NOP,28,rim_share,0.26778242677824265,0.3036485752242075,0.22180161730657377,0.392971701005406,1588
joneska03,Kam Jones,IND,24,rim_share,0.21893491124260356,0.2289178134167995,0.1384697775338322,0.36473519647956654,616
jonessp01,Spencer Jones,DEN,25,rim_share,0.31679389312977096,0.2977149890920636,0.21586803117442988,0.3870381148732621,1417
jonestr01,Tre Jones,CHI,27,rim_share,0.5251215559157212,0.4511452514242623,0.36929829350662857,0.5404683772054608,1752
jonesty01,Tyus Jones,3TM,30,rim_share,0.09174311926605505,0.11425565464041053,0.023807618757443208,0.25007303770317757,979
jovicni01,Nikola Jović,MIA,23,rim_share,0.2484076433121019,0.23461634284441713,0.1441683069614498,0.37043372590718415,808
kalkbry01,Ryan Kalkbrenner,CHO,25,rim_share,0.8384879725085911,0.7014558411987739,0.6196088832811402,0.7907789669799724,1479
kennalu01,Luke Kennard,2TM,30,rim_share,0.14446952595936793,0.12359723736703972,0.04175027944940597,0.21292036314823826,1681
kispeco01,Corey Kispert,2TM,27,rim_share,0.27918781725888325,0.2476509752768415,0.15720293939387417,0.3834683583396086,1080
klebima01,Maxi Kleber,LAL,35,rim_share,0.3972602739726027,0.2741967667513495,0.1837487308683822,0.41001414981411655,461
knechda01,Dalton Knecht,LAL,25,rim_share,0.18848167539267016,0.1954929623733589,0.10504492649039157,0.3313103454361259,553
knuepko01,Kon Knueppel,CHO,21,rim_share,0.17804428044280443,0.1734643555242211,0.09371926762675023,0.22745841362522318,2551
kolekty01,Tyler Kolek,NYK,25,rim_share,0.1975806451612903,0.20270758920736082,0.1122595533243935,0.3385249722701279,727
kolokch01,Christian Koloko,3TM,26,rim_share,0.5675675675675675,0.4852302236712029,0.3947821877882356,0.62104760673397,357
konanya01,Yanic Konan Niederhäuser,LAC,23,rim_share,0.68,0.4889543002453882,0.39850626436242087,0.6247716833081552,424
konchjo01,John Konchar,2TM,30,rim_share,0.38190954773869346,0.3377228315761027,0.255875873658469,0.4270459573573012,1115
kornelu01,Luke Kornet,SAS,31,rim_share,0.8529411764705882,0.7604598177695299,0.6786128598518961,0.8497829435507284,1430
krejcvi01,Vít Krejčí,2TM,26,rim_share,0.10256410256410256,0.12931752257442222,0.04747056465678848,0.21864064835562075,1392
kuminjo01,Jonathan Kuminga,2TM,24,rim_share,0.34513274336283184,0.34106368478385374,0.2506156489008864,0.47688106784662077,830
kuzmaky01,Kyle Kuzma,MIL,31,rim_share,0.36574746008708275,0.28391571534918963,0.2020687574315559,0.3732388411303882,1806
landajo01,Jock Landale,2TM,31,rim_share,0.3813868613138686,0.3836681596815189,0.30182120176388516,0.4729912854627174,1506
laniech01,Chaz Lanier,DET,25,rim_share,0.02247191011235955,0.13963084636465511,0.049182810481687794,0.2754482294274222,262
laravja01,Jake LaRavia,LAL,25,rim_share,0.32504780114722753,0.30291240656678514,0.22316731866931427,0.3569064646677872,2061
larsspe01,Pelle Larsson,MIA,25,rim_share,0.3828264758497317,0.363639057485689,0.2838939695882181,0.41763311558669103,1849
lavinza01,Zach LaVine,SAC,31,rim_share,0.21937842778793418,0.2521999409547439,0.17035298303711016,0.34152306673594246,1224
leonaka01,Kawhi Leonard,LAC,35,rim_share,0.16216216216216217,0.18248313339378336,0.10273804549631249,0.23647719149478544,2085
leonsma01,Malevy Leons,GSW,27,rim_share,0.4583333333333333,0.3584083580794827,0.26796032219651533,0.4942257411422497,276
leverca01,Caris LeVert,DET,32,rim_share,0.2531969309462916,0.29126371581970484,0.2094167579020711,0.3805868416009034,1154
liddeej01,E.J. Liddell,BRK,26,rim_share,0.2072072072072072,0.22911247062436316,0.13866443474139584,0.3649298536871302,349
liveris01,Isaiah Livers,PHO,28,rim_share,0.21875,0.2317155481835838,0.1412675123006165,0.3675329312463509,347
looneke01,Kevon Looney,NOP,30,rim_share,0.6,0.5830391306746422,0.49259109479167484,0.7188565137374092,308
lopezbr01,Brook Lopez,LAC,38,rim_share,0.16974169741697417,0.21754799149917237,0.13570103358153862,0.30687111728037086,1635
loveca01,Caleb Love,POR,25,rim_share,0.1836734693877551,0.18761263820017565,0.09716460231720833,0.32343002126294274,1013
loveke01,Kevin Love,UTA,38,rim_share,0.1658291457286432,0.17052520272439758,0.08007716684143026,0.30634258578716467,613
maluakh01,Khaman Maluach,PHO,20,rim_share,0.6761904761904762,0.4879781388209987,0.39753010293803137,0.6237955218837657,411
mamuksa01,Sandro Mamukelashvili,TOR,27,rim_share,0.375594294770206,0.3460968460047782,0.26424988808714445,0.4354199717859767,1751
mannte01,Terance Mann,BRK,30,rim_share,0.3016304347826087,0.3098588076142582,0.22801184969662447,0.3991819333954567,1529
manntr01,Tre Mann,CHO,25,rim_share,0.15181518151815182,0.22623961876954052,0.1357915828865732,0.3620570018323076,669
markkla01,Lauri Markkanen,UTA,29,rim_share,0.28074534161490683,0.2395057000229398,0.15765874210530606,0.3288288258041383,1443
marshna01,Naji Marshall,DAL,29,rim_share,0.27527405602923266,0.2750376283926991,0.1952925404952282,0.3290316864937012,2184
martica02,Caleb Martin,DAL,31,rim_share,0.35978835978835977,0.28657886287668793,0.19613082699372061,0.422396245939455,856
martity01,Tyrese Martin,2TM,27,rim_share,0.20216606498194944,0.19021955404048269,0.09977151815751537,0.32603693710324977,777
mashaja01,Jahmai Mashack,MEM,24,rim_share,0.3435897435897436,0.31352549695229864,0.22307746106933132,0.4493428800150657,673
mathube01,Bennedict Mathurin,2TM,24,rim_share,0.2791728212703102,0.30807250258748,0.22622554466984623,0.3973956283686785,1620
matkoka01,Karlo Matković,NOP,25,rim_share,0.48936170212765956,0.4390941360028069,0.34864610011983954,0.5749115190655739,912
maxeyty01,Tyrese Maxey,PHI,26,rim_share,0.2838107928047968,0.27269681500957216,0.1929517271121013,0.3266908731105742,2661
mbengbe01,Bez Mbeng,UTA,23,rim_share,0.43,0.35425602438331927,0.2638079885003519,0.4900734074460863,492
mcbrimi01,Miles McBride,NYK,26,rim_share,0.09158415841584158,0.14386300874625887,0.053414972863291554,0.27968039180902593,1080
mccaija01,Jared McCain,2TM,22,rim_share,0.20208333333333334,0.21510450557957486,0.13325754766194112,0.3044276313607734,1160
mccolcj01,CJ McCollum,2TM,35,rim_share,0.17590987868284227,0.17329350191649515,0.09354841401902428,0.22728756001749723,2264
mccontj01,T.J. McConnell,IND,34,rim_share,0.17555555555555555,0.26138515714566835,0.17093712126270103,0.3972025402084354,963
mcdanja02,Jaden McDaniels,MIN,26,rim_share,0.2830655129789864,0.2749047989499443,0.19515971105247343,0.32889885705094635,2316
mcderdo01,Doug McDermott,SAC,35,rim_share,0.02877697841726619,0.10621413658072881,0.015766100697761493,0.24203151964349587,439
mcgowbr01,Bryce McGowens,NOP,24,rim_share,0.3755274261603376,0.3461752949636597,0.2557272590806924,0.48199267802642676,880
mclaujo01,Jordan McLaughlin,SAS,30,rim_share,0.25316455696202533,0.231838482092149,0.14139044620918167,0.36765586515491605,282
mcneeli01,Liam McNeeley,CHO,21,rim_share,0.14736842105263157,0.19970249904627327,0.10925446316330595,0.3355198821090403,368
meltode01,De'Anthony Melton,GSW,28,rim_share,0.24242424242424243,0.2405680305480345,0.15872107263040075,0.32989115632923305,1125
merrisa01,Sam Merrill,CLE,30,rim_share,0.10330578512396695,0.09271635040618835,0.010869392488554605,0.18203947618738686,1377
middlkh01,Khris Middleton,2TM,35,rim_share,0.11481481481481481,0.12225408557727842,0.04040712765964467,0.21157721135847696,1439
millebr02,Brandon Miller,CHO,24,rim_share,0.14942528735632185,0.14566971545367624,0.06592462755620537,0.19966377355467832,1968
millejo02,Jordan Miller,LAC,27,rim_share,0.39849624060150374,0.38301003646774784,0.3011630785501141,0.4723331622489464,1325
millele01,Leonard Miller,2TM,23,rim_share,0.5190839694656488,0.4528334311469532,0.36238539526398583,0.5886508142097202,719
minotjo01,Josh Minott,2TM,24,rim_share,0.25793650793650796,0.2823509921286258,0.19190295624565848,0.4181683751913928,834
missiyv01,Yves Missi,NOP,22,rim_share,0.7482993197278912,0.7034910903537495,0.6216441324361157,0.792814216134948,1297
mitchaj01,Ajay Mitchell,OKC,24,rim_share,0.288135593220339,0.27682124219819776,0.19497428428056401,0.3661443679793963,1473
mitchda01,Davion Mitchell,MIA,28,rim_share,0.2626641651031895,0.27289707924318923,0.19315199134571837,0.3268911373441913,2000
mitchdo01,Donovan Mitchell,CLE,30,rim_share,0.22166785459729152,0.21002823467988307,0.1302831467824122,0.2640222927808852,2342
mobleev01,Evan Mobley,CLE,25,rim_share,0.46216530849825377,0.46009826268111115,0.3803531747836403,0.5140923207821132,2074
monkma01,Malik Monk,SAC,28,rim_share,0.14082278481012658,0.18278609067241874,0.100939132754785,0.2721092164536173,1364
moodymo01,Moses Moody,GSW,24,rim_share,0.15798922800718132,0.18335866619854174,0.101511708280908,0.2726817919797403,1540
moranja01,Ja Morant,MEM,27,rim_share,0.2608695652173913,0.2831336994766304,0.1926856635936631,0.4189510825393975,569
murphtr02,Trey Murphy III,NOP,26,rim_share,0.2580952380952381,0.2283095446491085,0.14856445675163762,0.28230360275011057,2341
murraco01,Collin Murray-Boyles,TOR,21,rim_share,0.6783625730994152,0.587052760793931,0.5052058028762972,0.6763758865751295,1246
murrade01,Dejounte Murray,NOP,30,rim_share,0.26373626373626374,0.21686182106480173,0.1264137851818344,0.3526792041275688,389
murraja01,Jamal Murray,DEN,29,rim_share,0.17058823529411765,0.1825101612225764,0.10276507332510554,0.23650421932357849,2652
murrake02,Keegan Murray,SAC,26,rim_share,0.12,0.16678775542370136,0.07633971954073404,0.3026051384864684,793
murrakr01,Kris Murray,POR,26,rim_share,0.4891304347826087,0.40190907129197456,0.3200621133743408,0.4912321970731731,1333
mykhasv01,Svi Mykhailiuk,UTA,29,rim_share,0.17679558011049723,0.16006257184036396,0.07821561392273021,0.24938569762156249,1156
nancela02,Larry Nance Jr.,CLE,34,rim_share,0.3548387096774194,0.36199332676673945,0.2715452908837721,0.4978107098295065,449
nancepe01,Pete Nance,MIL,26,rim_share,0.25257731958762886,0.250696445021184,0.16024840913821667,0.38651382808395107,737
nembhan01,Andrew Nembhard,IND,27,rim_share,0.17795484727755645,0.20239917733407992,0.12055221941644617,0.29172230311527847,1786
nembhry01,Ryan Nembhard,DAL,23,rim_share,0.12564102564102564,0.14579934992144855,0.0639523920038148,0.23512247570264708,1171
nesmiaa01,Aaron Nesmith,IND,27,rim_share,0.185546875,0.23742999064940248,0.15558303273176874,0.326753116430601,1335
newelas01,Asa Newell,ATL,21,rim_share,0.4437869822485207,0.37766987380137185,0.2872218379184045,0.5134872568641389,500
nnajize01,Zeke Nnaji,DEN,26,rim_share,0.4966887417218543,0.48740858357906003,0.3969605476960927,0.6232259666418271,626
nurkiju01,Jusuf Nurkić,UTA,32,rim_share,0.3687150837988827,0.444494506756416,0.35404647087344865,0.580311889819183,1083
okogijo01,Josh Okogie,HOU,28,rim_share,0.3129251700680272,0.3268494752599866,0.24500251734235284,0.41617260104118514,1354
okongon01,Onyeka Okongwu,ATL,26,rim_share,0.27906976744186046,0.3977818838291994,0.3180367959317285,0.45177594193020143,2297
okorois01,Isaac Okoro,CHI,26,rim_share,0.4422657952069717,0.398519981034406,0.31667302311677226,0.4878431068156045,1695
olbrila01,Lachlan Olbrich,CHI,23,rim_share,0.5584415584415584,0.405540451380043,0.3150924154970757,0.54135783444281,344
olynyke01,Kelly Olynyk,SAS,35,rim_share,0.3645833333333333,0.39205105647675215,0.30160302059378485,0.5278684395395192,360
onealro01,Royce O'Neale,PHO,33,rim_share,0.08,0.10552681639994653,0.025781728502475662,0.1595208745009486,2213
oubreke01,Kelly Oubre Jr.,PHI,31,rim_share,0.2702205882352941,0.3297257821100465,0.24787882419241275,0.41904890789124505,1574
payneca01,Cameron Payne,PHI,32,rim_share,0.1342281879194631,0.17254157911352722,0.0820935432305599,0.30835896217629427,374
paytoga02,Gary Payton II,GSW,34,rim_share,0.5373493975903615,0.4806448587407833,0.39879790082314953,0.5699679845219818,1142
peavymi01,Micah Peavy,NOP,25,rim_share,0.3890909090909091,0.3531431513258915,0.26269511544292423,0.4889605343886586,913
pendano01,Noah Penda,ORL,22,rim_share,0.31527093596059114,0.29512689242205997,0.20467885653909265,0.43094427548482706,757
peterta01,Taelon Peter,IND,24,rim_share,0.15822784810126583,0.19052731259567543,0.10007927671270811,0.3263446956584425,492
phillju01,Julian Phillips,2TM,23,rim_share,0.33884297520661155,0.3401445134736242,0.24969647759065686,0.4759618965363912,428
pickeja02,Jalen Pickett,DEN,27,rim_share,0.13793103448275862,0.15496312420115196,0.06451508831818464,0.290780507263919,807
plowdda01,Daeqwon Plowden,SAC,28,rim_share,0.1827956989247312,0.20057736669891185,0.11012933081594453,0.33639474976167894,844
podzibr01,Brandin Podziemski,GSW,23,rim_share,0.197459584295612,0.19031346082063114,0.11056837292316027,0.24430751892163322,2333
poeltja01,Jakob Poeltl,TOR,31,rim_share,0.6612903225806451,0.5558298101155658,0.473982852197932,0.6451529358967643,1149
poolejo01,Jordan Poole,NOP,27,rim_share,0.1981981981981982,0.2027133672861128,0.11226533140314549,0.33853075034887986,933
portecr01,Craig Porter Jr.,CLE,26,rim_share,0.2868217054263566,0.3131651947631893,0.23131823684555558,0.4024883205443879,1148
porteke02,Kevin Porter Jr.,MIL,26,rim_share,0.3093385214007782,0.25193923268387386,0.17009227476624011,0.34126235846507236,1261
portemi01,Michael Porter Jr.,BRK,28,rim_share,0.23173277661795408,0.23606523048559064,0.1542182725679569,0.3253883562667892,1689
portibo01,Bobby Portis,MIL,31,rim_share,0.13466666666666666,0.18237018710006567,0.10052322918243192,0.2716933128812642,1619
porzikr01,Kristaps Porziņģis,2TM,31,rim_share,0.18814432989690721,0.22213016617077883,0.1316821302878115,0.3579475492335459,769
postqu01,Quinten Post,GSW,26,rim_share,0.1776765375854214,0.18202256630475608,0.10017560838712233,0.2713456920859546,1159
pottemi01,Micah Potter,IND,28,rim_share,0.2696245733788396,0.24744681446668526,0.15699877858371794,0.3832641975294523,908
poulajo01,John Poulakidas,DAL,23,rim_share,0.02197802197802198,0.14056988288620115,0.05012184700323383,0.27638726594896823,253
poweldr01,Drake Powell,BRK,21,rim_share,0.22346368715083798,0.22278330657090134,0.1409363486532676,0.3121064323520999,1320
poweldw01,Dwight Powell,DAL,35,rim_share,0.8415841584158416,0.6796140092996337,0.5891659734166663,0.8154313923624007,904
powelno01,Norman Powell,MIA,33,rim_share,0.2558659217877095,0.23850506892751053,0.15665811100987678,0.32782819470870905,1717
princta02,Taurean Prince,MIL,32,rim_share,0.08900523560209424,0.16964751957698973,0.07919948369402241,0.3054649026397568,611
pritcpa01,Payton Pritchard,BOS,29,rim_share,0.12832263978001834,0.1433525150088716,0.06360742711140074,0.1973465731098737,2556
proctty01,Tyrese Proctor,CLE,22,rim_share,0.20444444444444446,0.21550544928507784,0.12505741340211052,0.3513228323478449,545
prospol01,Olivier-Maxence Prosper,MEM,24,rim_share,0.43142857142857144,0.3979309515224156,0.3074829156394483,0.5337483345851827,984
queende01,Derik Queen,NOP,22,rim_share,0.5,0.46699485667901075,0.3872497687815399,0.5209889147800129,2023
quetane01,Neemias Queta,BOS,27,rim_share,0.6653306613226453,0.633250400963835,0.5535053130663641,0.6872444590648371,1926
quickim01,Immanuel Quickley,TOR,27,rim_share,0.12154696132596685,0.13363843504732037,0.0538933471498495,0.18763249314832245,2231
randlju01,Julius Randle,MIN,32,rim_share,0.328086164043082,0.3156224372946113,0.23587734939714045,0.36961649539561336,2610
raynama01,Maxime Raynaud,SAC,23,rim_share,0.2757078986587183,0.268317666814561,0.18857257891709012,0.32231172491556304,1964
reathdu01,Duop Reath,POR,30,rim_share,0.1891891891891892,0.2677726523277633,0.177324616444796,0.4035900353905304,258
reaveau01,Austin Reaves,LAL,28,rim_share,0.23097112860892388,0.21274811204163058,0.13090115412399683,0.3020712378228291,1762
reedpa01,Paul Reed,DET,27,rim_share,0.5486725663716814,0.5033490507080772,0.4129010148251099,0.6391664337708443,901
reeseju01,Julian Reese,WAS,23,rim_share,0.6134453781512605,0.46721490305141433,0.376766867168447,0.6030322861141814,402
reidna01,Naz Reid,MIN,27,rim_share,0.1859931113662457,0.2266117600740612,0.14686667217659033,0.28060581817506325,2007
richaja02,Jase Richardson,ORL,21,rim_share,0.26595744680851063,0.25921312345240344,0.16876508756943612,0.39503050651517047,587
richani01,Nick Richards,2TM,29,rim_share,0.6069651741293532,0.6256860876414371,0.5352380517584697,0.7615034707042041,701
richawi02,Will Richard,GSW,24,rim_share,0.2745664739884393,0.2645760200906079,0.18272906217297413,0.3538991458718064,1377
rileywi01,Will Riley,WAS,20,rim_share,0.255663430420712,0.24710911689916268,0.16526215898152893,0.3364322426803612,1633
risacza01,Zaccharie Risacher,ATL,21,rim_share,0.3358208955223881,0.32082069997923673,0.238973742061603,0.4101438257604353,1503
robindu01,Duncan Robinson,DET,32,rim_share,0.10458452722063037,0.13285661077893898,0.053111522881468115,0.18685066887994106,2113
robinje02,Jeremiah Robinson-Earl,2TM,26,rim_share,0.44,0.34399152368785635,0.253543487804889,0.4798089067506234,361
robinmi01,Mitchell Robinson,NYK,28,rim_share,0.9854368932038835,0.8251238316914489,0.7432768737738151,0.9144469574726474,1175
rolliry01,Ryan Rollins,MIL,24,rim_share,0.23786407766990292,0.23352370864535799,0.15377862074788712,0.2875177667463601,2376
ruperra01,Rayan Rupert,2TM,22,rim_share,0.268370607028754,0.2593873929358427,0.16893935705287536,0.3952047759986097,1072
russeda01,D'Angelo Russell,DAL,30,rim_share,0.11637931034482758,0.14509369928254173,0.05464566339957441,0.2809110823453088,495
ryanco01,Cormac Ryan,MIL,28,rim_share,0.2549019607843137,0.26214972280921184,0.17170168692624452,0.3979671058719789,271
sabondo01,Domantas Sabonis,SAC,30,rim_share,0.5656108597285068,0.5316117772592546,0.4411637413762872,0.6674291603220216,564
salauti01,Tidjane Salaün,CHO,21,rim_share,0.33962264150943394,0.256393007614878,0.16594497173191067,0.39221039067764507,575
sandeko01,Kobe Sanders,LAC,24,rim_share,0.17708333333333334,0.18471464050475722,0.10286768258712348,0.2740377662859558,1351
santogu01,Gui Santos,GSW,24,rim_share,0.3717391304347826,0.3321020428027167,0.25025508488508297,0.4214251685839152,1395
sarafbe01,Ben Saraf,BRK,20,rim_share,0.42574257425742573,0.38249558046339993,0.2920475445804326,0.518312963526167,916
sarral01,Alex Sarr,WAS,21,rim_share,0.35060975609756095,0.2782027096964782,0.19635575177884446,0.3675258354776767,1305
sassema01,Marcus Sasser,DET,26,rim_share,0.13559322033898305,0.13720618449134878,0.046758148608381456,0.27302356755411583,457
scheiba01,Baylor Scheierman,BOS,26,rim_share,0.08408408408408409,0.11073796743558384,0.028891009517950095,0.20006109321678237,1429
schrode01,Dennis Schröder,2TM,33,rim_share,0.2082670906200318,0.2087005435038798,0.12685358558624604,0.2980236692850783,1697
sengual01,Alperen Şengün,HOU,24,rim_share,0.38824577025823687,0.3993226956547509,0.31957760775728006,0.453316753755753,2398
sensabr01,Brice Sensabaugh,UTA,23,rim_share,0.15752625437572929,0.13474191388269557,0.05289495596506183,0.2240650396638941,1762
sextoco01,Collin Sexton,2TM,28,rim_share,0.330188679245283,0.26603871686862346,0.18419175895098971,0.35536184264982196,1614
shamela01,Landry Shamet,NYK,29,rim_share,0.16758241758241757,0.175338223192909,0.09349126527527526,0.26466134897410754,1171
shannte01,Terrence Shannon Jr.,MIN,26,rim_share,0.36257309941520466,0.34708200516132487,0.2566339692783576,0.48289938822409195,538
sharpda01,Day'Ron Sharpe,BRK,25,rim_share,0.6713483146067416,0.6197218322095495,0.5378748742919157,0.709044957990748,1160
sharpsh01,Shaedon Sharpe,POR,23,rim_share,0.30414746543778803,0.2787901545446115,0.19694319662697773,0.36811328032581003,1471
sheadja01,Jamal Shead,TOR,24,rim_share,0.1884920634920635,0.19456060270138223,0.11481551480391136,0.2485546608023843,1852
sheppbe01,Ben Sheppard,IND,25,rim_share,0.2713178294573643,0.23594550988465915,0.1540985519670254,0.3252686356658577,1390
sheppre01,Reed Sheppard,HOU,22,rim_share,0.10570824524312897,0.10654485318783426,0.02679976529036339,0.16053891128883635,2147
siakapa01,Pascal Siakam,IND,32,rim_share,0.2865800865800866,0.3038643340188034,0.22411924612133255,0.3578583921198055,2057
simonan01,Anfernee Simons,2TM,27,rim_share,0.09104938271604938,0.14971989218141948,0.06787293426378574,0.239043017962618,1372
simpskj01,KJ Simpson,2TM,24,rim_share,0.2828282828282828,0.22958220645958544,0.13913417057661812,0.3653995895223525,257
simsje01,Jericho Sims,MIL,28,rim_share,0.8810810810810811,0.7268462658321165,0.6449993079144828,0.816169391613315,1318
slawsja01,Jalen Slawson,IND,27,rim_share,0.3116883116883117,0.2918794285180957,0.20143139263512835,0.4276968115808627,311
smallja01,Javon Small,MEM,24,rim_share,0.2222222222222222,0.22450842904923923,0.1340603931662719,0.3603258121120063,830
smartma01,Marcus Smart,LAL,32,rim_share,0.1323529411764706,0.13315862960868083,0.051311671691047084,0.22248175538987935,1769
smithdr01,Dru Smith,MIA,29,rim_share,0.2953846153846154,0.28049502777739355,0.1986480698597598,0.36981815355859204,1141
smithja04,Jalen Smith,CHI,26,rim_share,0.3688118811881188,0.3651033925146948,0.28325643459706107,0.4544265182958933,1095
smithja05,Jabari Smith Jr.,HOU,23,rim_share,0.17743589743589744,0.1959084560434257,0.11616336814595482,0.24990251414442777,2705
smithma02,Malachi Smith,BRK,27,rim_share,0.24242424242424243,0.2564849490216263,0.16603691313865895,0.39230233208439336,359
smithni01,Nick Smith Jr.,LAL,22,rim_share,0.049689440993788817,0.08857069931179884,-0.0018773365711684808,0.2243880823745659,375
sochaje01,Jeremy Sochan,2TM,23,rim_share,0.4883720930232558,0.4746336334396589,0.38418559755669157,0.610451016502426,469
spencca01,Cam Spencer,MEM,26,rim_share,0.07913669064748201,0.09531499578099441,0.013468037863360663,0.18463812156219295,1714
spencpa01,Pat Spencer,GSW,30,rim_share,0.19036697247706422,0.2121384714388551,0.13029151352122134,0.3014615972200536,1229
stewais01,Isaiah Stewart,DET,25,rim_share,0.4626865671641791,0.4449685272759541,0.36312156935832035,0.5342916530571526,1317
strawju01,Julian Strawther,DEN,24,rim_share,0.2225705329153605,0.19182171154066982,0.1013736756577025,0.3276390946034369,861
strusma01,Max Strus,CLE,30,rim_share,0.16037735849056603,0.21134800593795044,0.12089997005498312,0.3471653890007175,288
suggsja01,Jalen Suggs,ORL,25,rim_share,0.1926040061633282,0.19986254546897114,0.1180155875513374,0.2891856712501697,1574
tateja01,Jae'Sean Tate,HOU,31,rim_share,0.3853211009174312,0.3674122696293644,0.2769642337463971,0.5032296526921315,405
tatumja01,Jayson Tatum,BOS,28,rim_share,0.21602787456445993,0.2435084343848708,0.15306039850190348,0.3793258174476378,522
terryda01,Dalen Terry,2TM,24,rim_share,0.3870967741935484,0.38310529266059395,0.29265725677762666,0.518922675723361,551
thomaca02,Cam Thomas,2TM,25,rim_share,0.16268980477223427,0.165731791265394,0.07528375538242668,0.3015491743281611,881
thompam01,Amen Thompson,HOU,24,rim_share,0.4875478927203065,0.4933459151172257,0.41360082721975483,0.5473399732182278,2953
thompau01,Ausar Thompson,DET,24,rim_share,0.5511265164644714,0.5257925472272795,0.44604745932980866,0.5797866053282816,1896
thompet01,Ethan Thompson,IND,27,rim_share,0.1683673469387755,0.19833528322968821,0.1078872473467209,0.33415266629245527,653
thompkl01,Klay Thompson,DAL,36,rim_share,0.06593406593406594,0.07284046538312745,-0.009006492534506291,0.162163591164326,1497
thybuma01,Matisse Thybulle,POR,29,rim_share,0.208955223880597,0.19979232105660713,0.10934428517363981,0.3356097041193742,480
tomlina01,Nae'Qwan Tomlin,CLE,26,rim_share,0.5254777070063694,0.46226973891657935,0.37182170303361206,0.5980871219793464,1004
toppiob01,Obi Toppin,IND,28,rim_share,0.32160804020100503,0.36078714046058136,0.270339104577614,0.4966045235233484,424
townska01,Karl-Anthony Towns,NYK,31,rim_share,0.47771317829457366,0.4071887408930614,0.32744365299559053,0.46118279899406345,2322
traorno01,Nolan Traoré,BRK,20,rim_share,0.2818371607515658,0.2701564997014708,0.18830954178383708,0.3594796254826693,1243
trentga02,Gary Trent Jr.,MIL,28,rim_share,0.042283298097251586,0.09398104162328547,0.012134083705651721,0.183304167404484,1377
tshieos01,Oscar Tshiebwe,UTA,27,rim_share,0.6482758620689655,0.5053232854193861,0.41487524953641874,0.6411406684821531,448
turnemy01,Myles Turner,MIL,30,rim_share,0.18885448916408668,0.23904277496162776,0.1592976870641569,0.29303683306262984,1912
tysonja01,Jaylon Tyson,CLE,24,rim_share,0.3238805970149254,0.3106470923393608,0.22880013442172703,0.39997021812055933,1777
valanjo01,Jonas Valančiūnas,DEN,34,rim_share,0.41794871794871796,0.39921887166738107,0.3087708357844138,0.5350362547301482,871
vandeja01,Jarred Vanderbilt,LAL,27,rim_share,0.5,0.5056676755064231,0.42382071758878936,0.5949908012876216,1128
vassede01,Devin Vassell,SAS,26,rim_share,0.09933774834437085,0.1435477416905025,0.06380265379303163,0.19754179979150457,2044
vincega01,Gabe Vincent,2TM,30,rim_share,0.06018518518518518,0.10404804235307841,0.013600006470111087,0.23986542541584546,879
vucevni01,Nikola Vučević,2TM,36,rim_share,0.23153942428035043,0.2441331443463801,0.16228618642874634,0.3334562701275786,1818
vukcetr01,Tristan Vukcevic,WAS,23,rim_share,0.21451104100946372,0.22700583704748323,0.1365578011645159,0.36282322011025026,671
wadede01,Dean Wade,CLE,30,rim_share,0.2302158273381295,0.1705890615325983,0.08874210361496457,0.25991218731379684,1318
wagnefr01,Franz Wagner,ORL,25,rim_share,0.34911242603550297,0.32814940696902484,0.23770137108605752,0.46396679003179186,1019
wagnemo01,Moritz Wagner,ORL,29,rim_share,0.38974358974358975,0.5228673706713581,0.4324193347883908,0.6586847537341252,427
walkeja01,Jabari Walker,PHI,24,rim_share,0.4647887323943662,0.4517138901460308,0.36126585426306346,0.5875312732087978,762
walkeja02,Jarace Walker,IND,23,rim_share,0.22373806275579808,0.21879180856111793,0.13904672066364707,0.27278586666212,1953
wallaca01,Cason Wallace,OKC,23,rim_share,0.3339041095890411,0.30398315190143305,0.22423806400396218,0.3579772100024351,2046
wallake01,Keaton Wallace,ATL,27,rim_share,0.05263157894736842,0.11423214771625151,0.02378411183328419,0.2500495307790186,536
walshjo01,Jordan Walsh,BOS,22,rim_share,0.3895131086142322,0.32974971742960996,0.2479027595119762,0.4190728432108085,1212
walteja01,Ja'Kobe Walter,TOR,22,rim_share,0.22277227722772278,0.24179929230650896,0.1599523343888752,0.3311224180877075,1474
wareke01,Kel'el Ware,MIA,22,rim_share,0.47919876733436056,0.45952866576686635,0.3776817078492326,0.5488517915480648,1704
washipj01,P.J. Washington,DAL,28,rim_share,0.3130699088145897,0.2765005633989982,0.19465360548136446,0.3658236891801967,1736
waterli01,Lindy Waters III,SAS,29,rim_share,0.056818181818181816,0.11488518906146099,0.024437153178493667,0.25070257212422803,285
watfotr01,Trendon Watford,PHI,26,rim_share,0.4253731343283582,0.37346384385549625,0.2830158079725289,0.5092812269182633,864
watkija01,Jamir Watkins,WAS,25,rim_share,0.30743243243243246,0.29117802736242804,0.20072999147946072,0.42699541042519507,1032
watsope01,Peyton Watson,DEN,24,rim_share,0.32013769363166955,0.35530789453361883,0.2734609366159851,0.4446310203148174,1598
wellsja01,Jaylen Wells,MEM,23,rim_share,0.18624641833810887,0.1770574928604279,0.09521053494279416,0.26638061864162643,1821
wembavi01,Victor Wembanyama,SAS,23,rim_share,0.3574074074074074,0.3091201156170063,0.22937502771953544,0.36311417371800836,1866
weslebl01,Blake Wesley,POR,23,rim_share,0.43548387096774194,0.43710340667858744,0.34665537079562014,0.5729207897413545,361
westbru01,Russell Westbrook,SAC,38,rim_share,0.20023837902264602,0.30148545071657645,0.22174036281910559,0.3554795088175785,1853
whiteco01,Coby White,2TM,26,rim_share,0.27287319422150885,0.25812903082548105,0.1762820729078473,0.3474521566066796,1249
whitede01,Derrick White,BOS,32,rim_share,0.09747292418772563,0.1156472309607371,0.03590214306326624,0.1696412890617392,2625
whitmca01,Cam Whitmore,WAS,22,rim_share,0.4319526627218935,0.32784881222841106,0.23740077634544374,0.46366619529117814,354
wiggiaa01,Aaron Wiggins,OKC,28,rim_share,0.28171641791044777,0.32681897369194807,0.24497201577431432,0.4161420994731466,1414
wiggian01,Andrew Wiggins,MIA,31,rim_share,0.27527405602923266,0.24528285189277255,0.16553776399530168,0.29927690999377465,2063
willibr03,Brandon Williams,DAL,27,rim_share,0.4051863857374392,0.39147710731222807,0.3096301493945943,0.48080023309342657,1463
willico04,Cody Williams,UTA,22,rim_share,0.3477406679764244,0.27674040984167386,0.19489345192404012,0.3660635356228724,1631
willigr01,Grant Williams,CHO,28,rim_share,0.08743169398907104,0.18817177965534557,0.09772374377237825,0.3239891627181126,711
willija06,Jalen Williams,OKC,25,rim_share,0.3542600896860987,0.2808810436173377,0.19043300773437036,0.4166984266801047,936
willija07,Jaylin Williams,OKC,24,rim_share,0.13352272727272727,0.16375739755040747,0.08191043963277372,0.253080523331606,1277
willike04,Kenrich Williams,OKC,32,rim_share,0.31756756756756754,0.29954944055310095,0.20910140467013363,0.435366823615868,855
willima07,Mark Williams,PHO,25,rim_share,0.7054794520547946,0.6571852937770848,0.575338335859451,0.7465084195582833,1416
willipa01,Patrick Williams,CHI,25,rim_share,0.22384937238493724,0.23296219845487484,0.1511152405372411,0.32228532423607337,1474
williro04,Robert Williams,POR,29,rim_share,0.756,0.6507817017377662,0.5603336658547988,0.7865990848005332,1008
willivi01,Vince Williams Jr.,2TM,26,rim_share,0.136986301369863,0.19367428488077634,0.10322624899780902,0.3294916679435434,820
willizi01,Zion Williamson,NOP,26,rim_share,0.6790582403965304,0.6186654392320762,0.5389203513346053,0.6726594973330783,1841
willizi02,Ziaire Williams,BRK,25,rim_share,0.2632794457274827,0.262594398318039,0.18074744040040525,0.3519175240992375,1281
wilsoja03,Jalen Wilson,BRK,26,rim_share,0.20863309352517986,0.22444358994180125,0.13399555405883393,0.3602609730045683,859
wolfda01,Danny Wolf,BRK,22,rim_share,0.35454545454545455,0.33221787100167827,0.2503709130840445,0.4215409967828768,1187
yabusgu01,Guerschon Yabusele,2TM,31,rim_share,0.22435897435897437,0.3016255358863963,0.21117750000342897,0.4374429189491633,1007
yangha01,Yang Hansen,POR,21,rim_share,0.33,0.29636143340549104,0.20591339752252372,0.43217881646825806,300
youngtr01,Trae Young,2TM,28,rim_share,0.1807909604519774,0.1571124269349407,0.06666439105197339,0.2929298099977078,384
zubaciv01,Ivica Zubac,2TM,29,rim_share,0.5456431535269709,0.5327326238069172,0.45088566588928347,0.6220557495881157,1446
achiupr01,Precious Achiuwa,SAC,27,shotmaking,-0.006775461775685431,-0.03800378699946057,-0.08571630889800008,0.0004914019396756245,1745
adamsst01,Steven Adams,HOU,33,shotmaking,-0.128761663031435,-0.08108526949318721,-0.13827324245285302,-0.03847831687195325,730
adebaba01,Bam Adebayo,MIA,29,shotmaking,-0.03226097744546473,-0.012499110659824248,-0.048844034565992026,0.019083450948475824,2365
agbajoc01,Ochai Agbaji,2TM,26,shotmaking,-0.07122206388633023,-0.04129378514346545,-0.09848175810313126,0.0013131674777685162,973
aldamsa01,Santi Aldama,MEM,26,shotmaking,0.013687731912435388,0.008719581952755639,-0.038992939945783886,0.04721477089189183,1198
alexani01,Nickeil Alexander-Walker,ATL,28,shotmaking,0.0014618117562463816,0.00043731522783914064,-0.03590760867832863,0.032019876836139216,2603
allengr01,Grayson Allen,PHO,31,shotmaking,0.0012198237282828373,0.023954291420350052,-0.02375823047818947,0.06244948035948625,1467
allenja01,Jarrett Allen,CLE,28,shotmaking,0.06484942488162215,0.06172670325298886,0.014014181354449338,0.10022189219212504,1519
alvarjo01,Jose Alvarado,2TM,28,shotmaking,-0.007539278311703662,-0.018462934990546062,-0.06617545688908558,0.02003225394859013,1370
anderky01,Kyle Anderson,3TM,33,shotmaking,0.02531287893844519,-0.009079613794164892,-0.0662675867538307,0.03352733882706907,853
antetgi01,Giannis Antetokounmpo,MIL,32,shotmaking,0.01788182456443615,0.030001362003415844,-0.027186610956249965,0.07260831462464981,1039
anthoco01,Cole Anthony,MIL,26,shotmaking,-0.031216289880115624,-0.013843695044408163,-0.07103166800407397,0.028763257576825803,527
anunoog01,OG Anunoby,NYK,29,shotmaking,-0.010720754863888727,-0.019691825932790757,-0.05603674983895853,0.011890735675509315,2224
avdijde01,Deni Avdija,POR,26,shotmaking,-0.025742317973946376,-0.015023418403668819,-0.05136834230983659,0.016559143204631255,2199
aytonde01,Deandre Ayton,LAL,28,shotmaking,0.1080856239155673,0.0694460455261337,0.03310112161996593,0.10102860713443378,1958
baglema01,Marvin Bagley III,2TM,27,shotmaking,0.03820399005196367,0.013720732212779325,-0.03399178968576019,0.05221592115191552,1201
baileac01,Ace Bailey,UTA,20,shotmaking,-0.0013343448657972667,0.01318082229119255,-0.023164101614975223,0.04476338389949262,1988
ballla01,LaMelo Ball,CHO,25,shotmaking,-0.006990883115218555,-0.009883747955344663,-0.04622867186151244,0.02169881365295541,2017
balllo01,Lonzo Ball,CLE,29,shotmaking,-0.09766322403010476,-0.049729186550004426,-0.10691715950967023,-0.007122233928770462,728
banchpa01,Paolo Banchero,ORL,24,shotmaking,-0.038887932270966,-0.024476044307629476,-0.06082096821379725,0.007106517300670596,2502
banede01,Desmond Bane,ORL,28,shotmaking,0.015099425120523058,0.017864440049724636,-0.018480483856443138,0.04944700165802471,2756
barlodo01,Dominick Barlow,PHI,23,shotmaking,-0.03119592322004733,-0.021442124883090063,-0.06915464678162958,0.01705306405604613,1689
barneha02,Harrison Barnes,SAS,34,shotmaking,0.014812900401260154,0.021771373073485548,-0.014573550832682226,0.05335393468178562,1986
barnesc01,Scottie Barnes,TOR,25,shotmaking,-0.004630845159118923,-0.013270540209027435,-0.04961546411519521,0.018312021399272637,2681
barnhbr01,Brooks Barnhizer,OKC,24,shotmaking,-0.11340894805810149,-0.04993716386056238,-0.10712513682022819,-0.007330211239328414,348
barrerj01,RJ Barrett,TOR,26,shotmaking,-0.010072412970692652,-0.022546313470935216,-0.07025883536947473,0.015948875468200976,1726
battlja01,Jamison Battle,TOR,25,shotmaking,0.050832105178842873,0.026202821547303343,-0.030985151412362466,0.06880977416853731,517
batumni01,Nicolas Batum,LAC,38,shotmaking,0.030596171758045815,0.021348627222193047,-0.026363894676346474,0.059843816161329236,1295
berinjo01,Joan Beringer,MIN,20,shotmaking,-3.2504965161581136e-06,0.014688493045799902,-0.042499479913865906,0.057295445667033866,314
beysa01,Saddiq Bey,NOP,27,shotmaking,-0.029279117257886077,-0.03837643560516753,-0.0747213595113353,-0.0067938739968674555,2246
bitadgo01,Goga Bitadze,ORL,27,shotmaking,0.031098049336123822,0.009083922743386945,-0.048104050216278865,0.05169087536462091,972
blackan01,Anthony Black,ORL,23,shotmaking,-0.03421425530484906,-0.034300066281761216,-0.070644990187929,-0.0027175046734611435,1910
blackle01,Leaky Black,WAS,27,shotmaking,-0.04669576316735719,-0.02536256414057032,-0.08255053710023613,0.017244388480663644,433
bogdabo01,Bogdan Bogdanović,LAC,34,shotmaking,-0.024396043086526886,-0.0022106914771556447,-0.05939866443682145,0.04039626114407832,452
bonaad01,Adem Bona,PHI,23,shotmaking,-0.05847388896546526,-0.0065381301911379116,-0.054250652089677436,0.03195705874799828,1234
bookede01,Devin Booker,PHO,30,shotmaking,0.008428932913179261,0.021886533895546838,-0.014458390010620936,0.05346909550384691,2146
bouyeja01,Jamaree Bouyea,PHO,27,shotmaking,-0.009143545046060434,-0.006252686580302136,-0.06344065953996794,0.03635426604093183,644
bradlto01,Tony Bradley,2TM,29,shotmaking,-0.03341768460267047,-0.021327909262765246,-0.07851588222243105,0.021279043358468717,450
branhma01,Malaki Branham,WAS,23,shotmaking,-0.008781756581796515,-0.008860223254942477,-0.06604819621460828,0.033746729366291486,275
braunch01,Christian Braun,DEN,25,shotmaking,0.0008450919565318933,0.014143667817438732,-0.03356885408110079,0.052638856756574925,1399
bridgmi01,Mikal Bridges,NYK,30,shotmaking,0.022090828167846455,0.015986427671022096,-0.020358496235145677,0.04756898927932217,2692
bridgmi02,Miles Bridges,CHO,28,shotmaking,-0.008956045787098847,-0.021412005400131977,-0.05775692930629975,0.010170556208168095,2387
brookdi01,Dillon Brooks,PHO,31,shotmaking,0.003080341723180973,-0.00460295210191905,-0.05231547400045857,0.03389223683721714,1702
brownbr01,Bruce Brown,DEN,30,shotmaking,-0.03215992651231645,-0.032753444199073306,-0.06909836810524109,-0.001170882590773234,1998
brownja02,Jaylen Brown,BOS,30,shotmaking,0.018594179958062486,0.011715786216270419,-0.024629137689897357,0.04329834782457049,2443
brownko01,Kobe Brown,2TM,27,shotmaking,-0.0200682071197146,-0.024729374059728217,-0.08191734701939403,0.017877578561505746,963
brunsja01,Jalen Brunson,NYK,30,shotmaking,0.02660612974019872,0.02867627235051212,-0.0076686515556556555,0.060258833958812194,2590
bryanca01,Carter Bryant,SAS,21,shotmaking,-0.06959477493316711,-0.0417506302284429,-0.09893860318810871,0.0008563223927910632,818
bryanth01,Thomas Bryant,CLE,29,shotmaking,0.015195267541590252,0.009944187398432652,-0.047243785561233154,0.05255114001966661,732
burtoty01,Tyler Burton,MEM,26,shotmaking,-0.0733236129668992,-0.039340509476122255,-0.09652848243578807,0.003266443145111708,307
butleji01,Jimmy Butler,GSW,37,shotmaking,0.001990536666051597,-0.00994209993289101,-0.05765462183143053,0.02855308900624518,1182
buzelma01,Matas Buzelis,CHI,22,shotmaking,-0.02720922666772912,-0.019709624690932823,-0.0560545485971006,0.011872936917367249,2248
cainja01,Jamal Cain,ORL,27,shotmaking,0.016484742808241654,-0.005190363116214666,-0.062378336075880475,0.0374165895050193,486
caldwke01,Kentavious Caldwell-Pope,MEM,33,shotmaking,-0.013912257391767446,-0.0016035774558828863,-0.0587915504155487,0.041003375165351075,1088
camarto01,Toumani Camara,POR,26,shotmaking,0.0007030806253184232,-0.016350808721118448,-0.05269573262728622,0.015231752887181624,2731
capelca01,Clint Capela,HOU,32,shotmaking,-0.09627892405837035,-0.06849219936186834,-0.12568017232153417,-0.02588524674063438,926
cardwdy01,Dylan Cardwell,SAC,25,shotmaking,0.02484084335985264,0.01897272032192099,-0.03821525263774482,0.06157967294315495,907
carlsbr01,Branden Carlson,OKC,27,shotmaking,0.02311360225219952,0.01632380356601912,-0.04086416939364669,0.05893075618725308,488
carrica01,Bub Carrington,WAS,21,shotmaking,0.022925412021301297,0.016516181923553922,-0.019828741982613852,0.04809874353185399,2271
cartede02,Devin Carter,SAC,24,shotmaking,-0.05053294051488412,-0.0451326126816719,-0.10232058564133771,-0.0025256600604379384,700
carteje01,Jevon Carter,2TM,31,shotmaking,-9.091809690851804e-06,-0.013146186974227992,-0.0703341599338938,0.02946076564700597,867
cartewe01,Wendell Carter Jr.,ORL,27,shotmaking,0.008064638220827022,-0.0038713133533193732,-0.04021623725948715,0.027711248254980697,2288
carusal01,Alex Caruso,OKC,32,shotmaking,-0.0380231932383262,-0.016389938514716377,-0.07357791147438218,0.026217014106517587,1020
castlst01,Stephon Castle,SAS,22,shotmaking,-0.034378198968500875,-0.037021153981343397,-0.07336607788751118,-0.0054385923730433244,2038
champju01,Justin Champagnie,WAS,25,shotmaking,-0.02303535318168481,-0.002124431224142469,-0.04983695312268199,0.03637075771499372,1377
champju02,Julian Champagnie,SAS,25,shotmaking,0.00883178250060843,-0.005427923106031146,-0.04177284701219892,0.026154638502268925,2266
chandke01,Kennedy Chandler,UTA,24,shotmaking,-0.041222149645485956,-0.024014570909271723,-0.08120254386893754,0.01859238171196224,355
chrisca02,Cam Christie,LAC,21,shotmaking,-0.09783508298940771,-0.049590018257594626,-0.10677799121726043,-0.006983065636360662,480
chrisma02,Max Christie,DAL,23,shotmaking,0.011602789575412834,0.005465730237003623,-0.03087919366916415,0.03704829184530369,2244
cissemo01,Moussa Cisse,DAL,24,shotmaking,-0.09567023738809279,-0.053457584601654194,-0.11064555756132,-0.01085063198042023,530
cissosi01,Sidy Cissoko,POR,22,shotmaking,-0.05814887241874277,-0.036383142332882645,-0.08409566423142217,0.0021120466062535467,1435
clarkja02,Jaylen Clark,MIN,25,shotmaking,-0.057487876075732726,-0.034983816629952605,-0.09217178958961841,0.007623135991281359,888
clarkjo01,Jordan Clarkson,NYK,34,shotmaking,-0.009531594583530227,-0.016113817337030115,-0.06382633923556963,0.022381371602106077,1279
claxtni01,Nic Claxton,BRK,27,shotmaking,-0.012416949629537872,-0.0021255715566291878,-0.03847049546279696,0.029456990051670885,1920
claytwa01,Walter Clayton,2TM,23,shotmaking,-0.04795528498323522,-0.034786059077598235,-0.08249858097613776,0.0037091298615379575,1410
cliffni01,Nique Clifford,SAC,24,shotmaking,-0.02792792235896577,-0.02326440688218679,-0.059609330788354564,0.008318154726113282,1882
clingdo01,Donovan Clingan,POR,22,shotmaking,-0.020218128365530573,-0.018914876775502003,-0.055259800681669774,0.012667684832798069,2094
clownno01,Noah Clowney,BRK,22,shotmaking,-0.03390797134617633,-0.028766244230950817,-0.07647876612949034,0.009728944708185375,1780
coffeam01,Amir Coffey,2TM,29,shotmaking,0.028522374636401684,0.020774933914816086,-0.03641303904484972,0.06338188653605005,490
colliis01,Isaiah Collier,UTA,22,shotmaking,0.011503308782865528,-0.005310552677957532,-0.053023074576497055,0.03318463626117866,1517
collijo01,John Collins,LAC,29,shotmaking,0.05459260168522263,0.03873786608034822,0.002392942174180443,0.0703204276886483,1872
conlemi01,Mike Conley,MIN,39,shotmaking,-0.06300371233332762,0.00468578226282222,-0.05250219069684359,0.047292734884056185,991
connapa01,Pat Connaughton,CHO,34,shotmaking,0.01277012461728868,-0.011726462759512285,-0.06891443571917809,0.030880489861721677,297
coopesh01,Sharife Cooper,WAS,25,shotmaking,0.015151938643721226,0.013369424983792165,-0.043818547975873645,0.05597637760502613,700
coulibi01,Bilal Coulibaly,WAS,22,shotmaking,-0.06469540839756718,-0.04830973693907838,-0.0960222588376179,-0.009814547999942191,1468
cowarce01,Cedric Coward,MEM,23,shotmaking,-0.0015621719606917605,0.004248551936506492,-0.04346396996203303,0.042743740875642686,1598
cryerlj01,LJ Cryer,GSW,25,shotmaking,0.024386755181166217,0.01632755318979716,-0.04086041976986865,0.05893450581103112,292
cunnica01,Cade Cunningham,DET,25,shotmaking,-0.0013205769076695382,0.0024746475856986952,-0.03387027632046908,0.034057209193998766,2172
curryst01,Stephen Curry,GSW,38,shotmaking,0.05957093553924539,0.047204280601713285,-0.0005082412968262368,0.08569946954084948,1329
daniedy01,Dyson Daniels,ATL,23,shotmaking,-0.027223152744311467,-0.012085431275817436,-0.04843035518198521,0.019497130332482637,2520
dasiltr01,Tristan Da Silva,ORL,25,shotmaking,0.0021903489136093413,-0.011976113325833605,-0.04832103723200138,0.019606448282466465,1899
davisan02,Anthony Davis,DAL,33,shotmaking,-0.018558768196992398,0.0028390987313479804,-0.05434887422831783,0.045446051352581944,626
demineg01,Egor Dëmin,BRK,20,shotmaking,-0.008645283895515592,0.007193258290836123,-0.0405192636077034,0.04568844722997231,1308
derozde01,DeMar DeRozan,SAC,37,shotmaking,0.053518539239745685,0.030308179287664168,-0.006036744618503606,0.06189074089596424,2406
diabamo01,Moussa Diabaté,CHO,25,shotmaking,0.00737094525392929,0.0007600692076299613,-0.03558485469853781,0.032342630815930036,1899
diawamo01,Mohamed Diawara,NYK,21,shotmaking,-0.020383398450755288,-0.0036549113712520207,-0.06084288433091783,0.038952041249981945,634
dickgr01,Gradey Dick,TOR,23,shotmaking,-0.05044855779100158,-0.03414206258587075,-0.09133003554553656,0.008464890035363215,1067
diengou01,Ousmane Dieng,2TM,23,shotmaking,-0.01553305370510061,-0.011112002384869618,-0.05882452428340914,0.027383186554266574,1099
dilliro01,Rob Dillingham,2TM,22,shotmaking,-0.0839249155105757,-0.048065208680736014,-0.10525318164040182,-0.005458256059502051,970
divindo01,Donte DiVincenzo,MIN,30,shotmaking,-0.0018597149474670436,0.001939734389763098,-0.03440518951640468,0.03352229599806317,2494
doncilu01,Luka Dončić,LAL,27,shotmaking,0.060413958810196094,0.04896751533651984,0.012622591430352069,0.08055007694481991,2289
dortlu01,Luguentz Dort,OKC,27,shotmaking,-0.02610496600714624,-0.00945629272603022,-0.045801216632197994,0.022126268882269852,1849
dosunay01,Ayo Dosunmu,2TM,27,shotmaking,0.002946139014956428,-0.0036292947289611743,-0.03997421863512895,0.027953266879338898,1881
drumman01,Andre Drummond,PHI,33,shotmaking,-0.10684737534521332,-0.09344055980622408,-0.1411530817047636,-0.05494537086708789,1231
dunnkr01,Kris Dunn,LAC,32,shotmaking,0.016446620618503487,0.009672573843093658,-0.026672350063074116,0.041255135451393726,2230
dunnry01,Ryan Dunn,PHO,24,shotmaking,-0.04699504914918312,-0.02844822185531942,-0.07616074375385894,0.010046967083816773,1355
duranke01,Kevin Durant,HOU,38,shotmaking,0.09257000416114107,0.08302398320206535,0.04667905929589757,0.11460654481036542,2840
durenja01,Jalen Duren,DET,23,shotmaking,0.06258637442726406,0.059619638827559045,0.02327471492139127,0.09120220043585911,1976
easonta01,Tari Eason,HOU,25,shotmaking,-0.06017850310128175,-0.043312612322180206,-0.09102513422071973,-0.004817423383044014,1549
edeyza01,Zach Edey,MEM,24,shotmaking,0.06242491843943502,0.01537312328900025,-0.04181484967066556,0.05798007591023421,284
edgecvj01,VJ Edgecombe,PHI,21,shotmaking,-0.029239407024355558,-0.01627254525014067,-0.052617469156308445,0.0153100163581594,2623
edwaran01,Anthony Edwards,MIN,25,shotmaking,0.037751337484905056,0.014116647804452119,-0.022228276101715655,0.04569920941275219,2137
edwarju01,Justin Edwards,PHI,23,shotmaking,0.009984676475650555,0.007414524153250246,-0.049773448806415564,0.05002147677448421,977
elliske01,Keon Ellis,2TM,27,shotmaking,0.010247021891516198,0.03919952835812768,-0.008512993540411844,0.07769471729726388,1478
embiijo01,Joel Embiid,PHI,32,shotmaking,0.015047635885166319,0.01790673411052463,-0.02980578778801489,0.056401923049660824,1201
etienty01,Tyson Etienne,BRK,27,shotmaking,0.005077132144404768,0.0037305687814448143,-0.053457404178220994,0.04633752140267878,380
eubandr01,Drew Eubanks,SAC,29,shotmaking,0.0713842417980046,0.0359989601834819,-0.02118901277618391,0.07860591280471586,552
fearsje01,Jeremiah Fears,NOP,20,shotmaking,-0.06541311538184683,-0.045892333811501484,-0.08223725771766927,-0.014309772203201412,2112
filipky01,Kyle Filipowski,UTA,23,shotmaking,8.221035085536829e-05,0.01789532614814424,-0.029817195750395282,0.056390515087280435,1801
finnedo01,Dorian Finney-Smith,HOU,33,shotmaking,-0.09737299523294593,-0.02992359316076037,-0.08711156612042617,0.012683359460473595,620
flaggco01,Cooper Flagg,DAL,20,shotmaking,-0.012783106159962067,0.0024544313740190848,-0.03389049253214869,0.03403699298231916,2344
flemira01,Rasheer Fleming,PHO,22,shotmaking,-0.07787139431004073,-0.045731047371764234,-0.10291902033143005,-0.0031240947505302707,673
fontesi01,Simone Fontecchio,MIA,31,shotmaking,-0.01752264773601067,-0.011771612065242295,-0.05948413396378181,0.026723576873893897,1173
foxde01,De'Aaron Fox,SAS,29,shotmaking,0.02072299228278706,0.014642869896328249,-0.021702054009839523,0.04622543150462832,2231
furphjo01,Johnny Furphy,IND,22,shotmaking,-0.022213742659922344,-0.022437516984390476,-0.07962548994405629,0.020169435636843487,643
gaffoda01,Daniel Gafford,DAL,28,shotmaking,0.027179646891617892,0.05817334581156015,0.010460823913020625,0.09666853475069634,1195
gardnmy01,Myron Gardner,MIA,25,shotmaking,-0.004902026200587811,-0.0006554417520738139,-0.05784341471173962,0.04195151086916015,411
garlada01,Darius Garland,2TM,27,shotmaking,0.02019555902522769,0.01881970510897302,-0.0288928167895665,0.057314894048109216,1344
garzalu01,Luka Garza,BOS,28,shotmaking,0.06786661999154871,0.054629935680716175,0.006917413782176654,0.09312512461985237,1118
georgke01,Keyonte George,UTA,23,shotmaking,0.02407066588346384,0.0015836415550857363,-0.04612888034345378,0.04007883049422193,1786
georgky01,Kyshawn George,WAS,23,shotmaking,0.0006641244316146291,-0.015197461834345505,-0.06290998373288503,0.023297727104790687,1391
georgpa01,Paul George,PHI,36,shotmaking,0.012803903793972463,0.023865336598789318,-0.023847185299750204,0.06236052553792551,1135
giddejo01,Josh Giddey,CHI,24,shotmaking,-0.03172590764356976,-0.02359982104986465,-0.07131234294840418,0.014895367889271541,1731
gilgesh01,Shai Gilgeous-Alexander,OKC,28,shotmaking,0.07295048236090644,0.054228963458926846,0.017884039552759072,0.08581152506722692,2259
gillan01,Anthony Gill,WAS,34,shotmaking,0.087222540683354,0.029627878450710205,-0.027560094508955604,0.07223483107194417,951
gilleco01,Collin Gillespie,PHO,27,shotmaking,0.02497433894598413,0.021345327156795876,-0.014999596749371898,0.05292788876509595,2282
goberru01,Rudy Gobert,MIN,34,shotmaking,0.013999635927849148,0.009511794219726649,-0.026833129686441123,0.04109435582802672,2380
gonzahu01,Hugo González,BOS,20,shotmaking,-0.01063032012657906,0.006643638255182375,-0.05054433470448343,0.04925059087641634,1084
goodwjo01,Jordan Goodwin,PHO,28,shotmaking,-0.04942483818730608,-0.053447367510815566,-0.10115988940935508,-0.014952178571679374,1572
gordoaa01,Aaron Gordon,DEN,31,shotmaking,0.007557826760310205,-0.0017903049843681269,-0.05897827794403394,0.040816647636865835,1005
grantje01,Jerami Grant,POR,32,shotmaking,-0.014661632625190784,-0.03148313645800336,-0.07919565835654288,0.007012052481132833,1695
greenaj01,A.J. Green,MIL,27,shotmaking,0.05102135299833174,0.04732706800774339,0.010982144101575615,0.07890962961604346,2270
greendr01,Draymond Green,GSW,36,shotmaking,-0.027072573367463944,-0.01767899129044815,-0.054023915196615924,0.013903570317851922,1869
greenja02,Javonte Green,DET,33,shotmaking,-0.007097003128339699,-0.03009479111569321,-0.07780731301423273,0.008400397823442981,1446
greenja05,Jalen Green,PHO,24,shotmaking,-0.04104711051440524,-0.02954144654566075,-0.08672941950532656,0.013065506075573212,828
greenjo02,Josh Green,CHO,26,shotmaking,0.030454949800852674,-0.0020748960388787346,-0.05926286899854454,0.04053205658235523,908
grimequ01,Quentin Grimes,PHI,26,shotmaking,-0.018039243922911563,-0.011406595585514339,-0.04775151949168211,0.020175966022785735,2206
gueyemo02,Mouhamed Gueye,ATL,24,shotmaking,-0.05907343054576664,-0.055839599079638404,-0.10355212097817793,-0.01734441014050221,1179
hachiru01,Rui Hachimura,LAL,28,shotmaking,0.06700584737286129,0.04461573096112983,0.008270807054962054,0.07619829256942989,1927
hardati02,Tim Hardaway Jr.,DEN,34,shotmaking,0.04557598330620151,0.01060211710655473,-0.025742806799613042,0.042184678714854804,2127
hardeja01,James Harden,2TM,37,shotmaking,0.00041193992638906106,-0.012449824571396848,-0.048794748477564626,0.019132737036903224,2438
hardyja02,Jaden Hardy,2TM,24,shotmaking,0.0015720410656625027,-0.011618409159834992,-0.0688063821195008,0.03098854346139897,898
harklej01,Elijah Harkless,UTA,26,shotmaking,-0.11383386119408834,-0.07216667517734719,-0.129354648137013,-0.02955972255611323,545
harpedy01,Dylan Harper,SAS,20,shotmaking,-0.02217650056550499,-0.005196943812963182,-0.05290946571150271,0.03329824512617301,1558
harpero02,Ron Harper Jr.,BOS,26,shotmaking,0.0042509501908984185,0.004613463690191584,-0.052574509269474226,0.047220416311425546,318
harriga01,Gary Harris,MIL,32,shotmaking,0.014187484582435581,0.00705230782879451,-0.050135665130871296,0.049659260450028476,661
harrito02,Tobias Harris,DET,34,shotmaking,0.008461736238940776,0.003813918706431493,-0.043898603192108025,0.04230910764556769,1746
harteis01,Isaiah Hartenstein,OKC,28,shotmaking,0.02598888276118057,0.027022565532106888,-0.020689956366432633,0.06551775447124308,1137
hartjo01,Josh Hart,NYK,31,shotmaking,0.01811418305881088,-0.012594606065510385,-0.04893952997167816,0.01898795554278969,1994
hausesa01,Sam Hauser,BOS,29,shotmaking,0.03990493874750847,0.04426067689172559,0.007915752985557814,0.07584323850002567,1934
hawkijo01,Jordan Hawkins,NOP,24,shotmaking,-0.056266998252529545,-0.03773184425480646,-0.09491981721447226,0.0048751083664275024,692
hayesja02,Jaxson Hayes,LAL,26,shotmaking,0.1187221522883057,0.09384076897956585,0.04612824708102633,0.13233595791870204,1207
hayeski01,Killian Hayes,SAC,25,shotmaking,-0.10463511436827874,-0.04447236489878976,-0.10166033785845557,-0.0018654122775557946,406
hendesc01,Scoot Henderson,POR,22,shotmaking,-0.036675114374725905,-0.045262546868638405,-0.10245051982830422,-0.0026555942474044414,748
hendrta01,Taylor Hendricks,2TM,23,shotmaking,-0.013870607022326653,-0.002273676700380316,-0.04998619859891984,0.036221512238755874,1118
herroty01,Tyler Herro,MIA,27,shotmaking,0.05298817605377594,0.03604591951663131,-0.0211420534430345,0.07865287213786527,1033
hieldbu01,Buddy Hield,2TM,34,shotmaking,0.010589469210417162,0.004646639476601825,-0.05254133348306399,0.04725359209783579,819
hinsobl01,Blake Hinson,UTA,27,shotmaking,0.09451589798593042,0.05476497861530625,-0.0024229943443595595,0.09737193123654021,285
holidaa01,Aaron Holiday,HOU,30,shotmaking,0.012266697409913433,0.017197807447462368,-0.03999016551220344,0.05980476006869633,781
holidjr01,Jrue Holiday,POR,36,shotmaking,0.016009308788844233,0.017445407309021842,-0.03026711458951768,0.05594059624815803,1560
hollaro01,Ron Holland,DET,21,shotmaking,-0.06811416878106315,-0.03380423461150372,-0.08151675651004324,0.004690954327632474,1551
holmgch01,Chet Holmgren,OKC,24,shotmaking,0.04252476947377711,0.030866180874798525,-0.005478743031369249,0.0624487424830986,1997
horfoal01,Al Horford,GSW,40,shotmaking,0.008880951883235514,0.017313667689664882,-0.03987430527000092,0.05992062031089884,969
howarje01,Jett Howard,ORL,23,shotmaking,-0.022416633239396525,-0.01698094804300896,-0.07416892100267478,0.025626004578225003,695
huertke01,Kevin Huerter,2TM,28,shotmaking,-0.006818621990790645,-0.0006642605738673231,-0.04837678247240684,0.03783092836526887,1549
huffja01,Jay Huff,IND,28,shotmaking,0.019602297479427308,0.02839375661073406,-0.01931876528780546,0.06688894554987025,1719
hukpoar01,Ariel Hukporti,NYK,24,shotmaking,-0.04201045413407911,-0.018837119193355994,-0.0760250921530218,0.02376983342787797,498
huntede01,De'Andre Hunter,2TM,29,shotmaking,-0.024464200326818654,0.0025876657767879927,-0.04512485612175153,0.04108285471592418,1176
hylanbo01,Bones Hyland,MIN,26,shotmaking,0.016863665288390634,0.0038536678849656583,-0.04385885401357386,0.04234885682410185,1177
ighodos01,Oso Ighodaro,PHO,24,shotmaking,0.05966524864295321,0.052881505844448534,0.005168983945909013,0.09137669478358473,1808
ingrabr01,Brandon Ingram,TOR,29,shotmaking,0.019582171552315408,0.021723012875361873,-0.0146219110308059,0.053305574483661945,2604
isaacjo01,Jonathan Isaac,ORL,29,shotmaking,-0.10407915108121538,-0.05918805789892766,-0.11637603085859347,-0.016581105277693693,521
iveyja01,Jaden Ivey,2TM,24,shotmaking,0.009736083549965246,-0.01746814975483462,-0.07465612271450042,0.025138802866399343,670
jacksan01,Andre Jackson Jr.,MIL,25,shotmaking,-0.14111704704214842,-0.05112562115959537,-0.10831359411926117,-0.008518668538361404,408
jacksgg01,GG Jackson II,MEM,22,shotmaking,-0.004658653779462214,-0.019823079660927365,-0.06753560155946689,0.018672109278208827,1178
jacksis01,Isaiah Jackson,2TM,25,shotmaking,0.020232261612915445,0.02391674796419095,-0.03327122499547486,0.06652370058542492,908
jacksja02,Jaren Jackson Jr.,2TM,27,shotmaking,0.01955571081937363,0.0138558863814742,-0.03385663551706532,0.052351075320610396,1454
jacksqu01,Quenton Jackson,IND,28,shotmaking,-0.026727434674828136,-0.030555922323366097,-0.0877438952830319,0.012051030297867867,897
jackstr02,Trayce Jackson-Davis,2TM,26,shotmaking,-0.06366270193737718,0.01207756100587013,-0.04511041195379568,0.054684513627104095,496
jakucka01,Kasparas Jakučionis,MIA,20,shotmaking,-0.011309388966084686,0.006216959074256297,-0.05097101388540951,0.04882391169549026,945
jamesbr02,Bronny James,LAL,22,shotmaking,-0.020014789953506314,-0.0013992626269627717,-0.05858723558662858,0.04120768999427119,375
jamesle01,LeBron James,LAL,42,shotmaking,0.01835971759998506,-0.013905576422846563,-0.05025050032901433,0.01767698518545351,1989
jamessi01,Sion James,CHO,24,shotmaking,-0.07711248501785378,-0.06148407260376532,-0.0978289965099331,-0.02990151099546525,1843
jaqueja01,Jaime Jaquez Jr.,MIA,25,shotmaking,0.005986176454611644,-0.004825666006636206,-0.04117058991280398,0.026756895601663867,2121
jenkida01,Daniss Jenkins,DET,25,shotmaking,-0.04700832042458583,-0.03883213571592095,-0.08654465761446048,-0.0003369467767847592,1455
jeromty01,Ty Jerome,MEM,29,shotmaking,0.049453058246694374,0.06109812322316219,0.003910150263496379,0.10370507584439614,339
joeis01,Isaiah Joe,OKC,27,shotmaking,0.05763386147043097,0.049391267987209095,0.0016787460886695735,0.08788645692634528,1507
johnsaj01,AJ Johnson,2TM,22,shotmaking,-0.1868878907308473,-0.10179553689029872,-0.1589835098499645,-0.05918858426906475,454
johnsca02,Cameron Johnson,DEN,30,shotmaking,0.024957343055837817,0.018184745719401877,-0.029527776179137644,0.05667993465853807,1647
johnsch06,Chaney Johnson,BRK,24,shotmaking,0.009212409534716307,0.006248365607253979,-0.05093960735241183,0.048855318228487946,348
johnsja05,Jalen Johnson,ATL,25,shotmaking,0.0003614929993415791,-0.002526160276661497,-0.03887108418282927,0.029056401331638573,2532
johnske04,Keldon Johnson,SAS,27,shotmaking,0.0055606074729115055,-0.012521429805218467,-0.04886635371138624,0.019061131803081603,1911
johnske10,Keshad Johnson,MIA,25,shotmaking,-0.04211108679192123,-0.020832194645351895,-0.0780201676050177,0.02177475797588207,280
johnstr03,Tre Johnson,WAS,20,shotmaking,0.006928207613101718,0.020539590042970554,-0.027172931855568967,0.059034778982106746,1443
jokicni01,Nikola Jokić,DEN,31,shotmaking,0.08848595049875181,0.08859662943046395,0.05225170552429618,0.12017919103876402,2265
jonesde02,Derrick Jones Jr.,LAC,29,shotmaking,-0.004861654730016927,-0.004604943870665035,-0.052317465769204555,0.03389024506847116,1350
joneshe01,Herbert Jones,NOP,28,shotmaking,-0.07630849808893476,-0.03867999662219972,-0.08639251852073923,-0.00018480768306352452,1588
joneska03,Kam Jones,IND,24,shotmaking,-0.042043911489064466,-0.026589676231894815,-0.08377764919156062,0.016017276389339148,616
jonessp01,Spencer Jones,DEN,25,shotmaking,0.020436253555002552,0.01751214245930356,-0.030200379439235963,0.05600733139843975,1417
jonestr01,Tre Jones,CHI,27,shotmaking,-0.0005975774903725977,0.0031463365596487774,-0.04456618533889074,0.04164152549878497,1752
jonesty01,Tyus Jones,3TM,30,shotmaking,-0.058657859284504774,0.01926670117069788,-0.037921271788967925,0.06187365379193184,979
jovicni01,Nikola Jović,MIA,23,shotmaking,-0.08817837558841445,-0.02279132301302023,-0.07997929597268603,0.019815629608213734,808
kalkbry01,Ryan Kalkbrenner,CHO,25,shotmaking,0.09645554405158377,0.07662540541670602,0.028912883518166503,0.11512059435584221,1479
kennalu01,Luke Kennard,2TM,30,shotmaking,0.10205796700400588,0.0717422268711646,0.024029704972625084,0.1102374158103008,1681
kispeco01,Corey Kispert,2TM,27,shotmaking,0.009233737912594858,0.023146112160305515,-0.03404186079936029,0.06575306478153947,1080
klebima01,Maxi Kleber,LAL,35,shotmaking,-0.04652900669320325,-0.03334954170640453,-0.09053751466607034,0.009257410914829435,461
knechda01,Dalton Knecht,LAL,25,shotmaking,0.019154102912170914,0.02238017516077344,-0.03480779779889237,0.06498712778200741,553
knuepko01,Kon Knueppel,CHO,21,shotmaking,0.045119644442906254,0.05253804526626362,0.016193121360095847,0.08412060687456369,2551
kolekty01,Tyler Kolek,NYK,25,shotmaking,-0.014198711481468526,-0.023768788391370956,-0.08095676135103677,0.018838164229863008,727
kolokch01,Christian Koloko,3TM,26,shotmaking,-0.15064695608296325,-0.050547737674946004,-0.10773571063461182,-0.00794078505371204,357
konanya01,Yanic Konan Niederhäuser,LAC,23,shotmaking,0.03798279618586861,0.026358886062857873,-0.030829086896807936,0.06896583868409184,424
konchjo01,John Konchar,2TM,30,shotmaking,-0.01885976770814456,-0.02695790440190391,-0.07467042630044343,0.011537284537232281,1115
kornelu01,Luke Kornet,SAS,31,shotmaking,-0.04121016763836577,0.0001898320392980413,-0.04752268985924148,0.03868502097843423,1430
krejcvi01,Vít Krejčí,2TM,26,shotmaking,0.04252238662101511,0.04980371779841569,0.0020911958998761707,0.08829890673755189,1392
kuminjo01,Jonathan Kuminga,2TM,24,shotmaking,-0.036697892209776914,-0.0073095013546560185,-0.06449747431432183,0.03529745126657795,830
kuzmaky01,Kyle Kuzma,MIL,31,shotmaking,-0.006302562528772375,-0.012618673716880417,-0.06033119561541994,0.025876515222255776,1806
landajo01,Jock Landale,2TM,31,shotmaking,0.004645065174395396,0.0012225123271411625,-0.04649000957139836,0.039717701266277355,1506
laniech01,Chaz Lanier,DET,25,shotmaking,-0.06904377282740809,-0.03289752143683475,-0.09008549439650056,0.009709431184399216,262
laravja01,Jake LaRavia,LAL,25,shotmaking,-0.020546085425153578,-0.019995361393029314,-0.05634028529919709,0.011587200215270758,2061
larsspe01,Pelle Larsson,MIA,25,shotmaking,-0.004187190407259007,-0.01465717623297831,-0.051002100139146085,0.01692538537532176,1849
lavinza01,Zach LaVine,SAC,31,shotmaking,0.041403840782605596,0.03484874768752773,-0.012863774211011793,0.07334393662666391,1224
leonaka01,Kawhi Leonard,LAC,35,shotmaking,0.06194079300071508,0.05437666177969886,0.018031737873531087,0.08595922338799894,2085
leonsma01,Malevy Leons,GSW,27,shotmaking,-0.08201262895638559,-0.03679706076428594,-0.09398503372395176,0.005809891856948024,276
leverca01,Caris LeVert,DET,32,shotmaking,-0.037306346493350115,-0.03727185626468482,-0.08498437816322435,0.0012233326744513703,1154
liddeej01,E.J. Liddell,BRK,26,shotmaking,0.02790502201771133,0.0179762559627302,-0.03921171699693561,0.06058320858396417,349
liveris01,Isaiah Livers,PHO,28,shotmaking,-0.10317672438065634,-0.05766949180802383,-0.11485746476768964,-0.015062539186789868,347
looneke01,Kevon Looney,NOP,30,shotmaking,-0.1665696836132568,-0.04773579794219202,-0.10492377090185784,-0.005128845320958059,308
lopezbr01,Brook Lopez,LAC,38,shotmaking,0.005079598242343407,0.023025165742291957,-0.024687356156247564,0.06152035468142815,1635
loveca01,Caleb Love,POR,25,shotmaking,-0.0337357352216692,-0.026685417220485216,-0.08387339018015103,0.015921535400748747,1013
loveke01,Kevin Love,UTA,38,shotmaking,-0.02851360878109852,-0.019554975981878303,-0.07674294894154411,0.02305197663935566,613
maluakh01,Khaman Maluach,PHO,20,shotmaking,-0.07488931897122796,-0.02657889185302721,-0.08376686481269302,0.016028060768206752,411
mamuksa01,Sandro Mamukelashvili,TOR,27,shotmaking,0.022790616012671166,0.019920575465416885,-0.027791946433122636,0.05841576440455308,1751
mannte01,Terance Mann,BRK,30,shotmaking,-0.022146065572418556,0.002636827638473917,-0.04507569426006561,0.041132016577610106,1529
manntr01,Tre Mann,CHO,25,shotmaking,-0.06678787073447591,-0.036705126616345805,-0.09389309957601161,0.005901826004888158,669
markkla01,Lauri Markkanen,UTA,29,shotmaking,0.010152577427924008,0.00611885161184496,-0.04159367028669456,0.04461404055098115,1443
marshna01,Naji Marshall,DAL,29,shotmaking,0.02968610566268114,0.02186947709910874,-0.014475446807059034,0.05345203870740881,2184
martica02,Caleb Martin,DAL,31,shotmaking,-0.05258488383418655,-0.03809665774567529,-0.0952846307053411,0.004510294875558672,856
martity01,Tyrese Martin,2TM,27,shotmaking,-0.04059428396019034,-0.02589628565659069,-0.0830842586162565,0.016710666964643274,777
mashaja01,Jahmai Mashack,MEM,24,shotmaking,-0.0940671568071538,-0.06407649183498465,-0.12126446479465046,-0.021469539213750687,673
mathube01,Bennedict Mathurin,2TM,24,shotmaking,-0.03453500695809545,-0.02844540222843394,-0.07615792412697346,0.010049786710702252,1620
matkoka01,Karlo Matković,NOP,25,shotmaking,0.054015968104961856,0.041386588997524405,-0.015801383962141403,0.08399354161875837,912
maxeyty01,Tyrese Maxey,PHI,26,shotmaking,-0.0009933462974535006,-0.0073678964063758675,-0.04371282031254364,0.024214665201924203,2661
mbengbe01,Bez Mbeng,UTA,23,shotmaking,-0.003394237099147688,0.0040652258877413375,-0.05312274707192447,0.0466721785089753,492
mcbrimi01,Miles McBride,NYK,26,shotmaking,0.018749072854049163,0.0004983005154313807,-0.05668967244423443,0.04310525313666534,1080
mccaija01,Jared McCain,2TM,22,shotmaking,-0.012971864839210962,0.004666966372431122,-0.0430455555261084,0.043162155311567314,1160
mccolcj01,CJ McCollum,2TM,35,shotmaking,0.0159924004432467,0.01254910707236565,-0.023795816833802122,0.044131668680665724,2264
mccontj01,T.J. McConnell,IND,34,shotmaking,0.07181936474275183,0.04513969721422899,-0.01204827574543682,0.08774664983546296,963
mcdanja02,Jaden McDaniels,MIN,26,shotmaking,0.033137823408096165,0.015578156294373209,-0.020766767611794565,0.04716071790267328,2316
mcderdo01,Doug McDermott,SAC,35,shotmaking,0.016815210718528577,0.020782345921429385,-0.036405627038236424,0.06338929854266334,439
mcgowbr01,Bryce McGowens,NOP,24,shotmaking,-0.009827684349719635,-0.017354407174691812,-0.07454238013435763,0.02525254544654215,880
mclaujo01,Jordan McLaughlin,SAS,30,shotmaking,-0.052000715642663946,-0.002490168635004071,-0.05967814159466988,0.04011678398622989,282
mcneeli01,Liam McNeeley,CHO,21,shotmaking,-0.024803873631286572,-0.0020179027141868817,-0.05920587567385269,0.04058904990704708,368
meltode01,De'Anthony Melton,GSW,28,shotmaking,-0.04106683411500609,-0.04101674733486495,-0.08872926923340446,-0.0025215583957287555,1125
merrisa01,Sam Merrill,CLE,30,shotmaking,0.057058448601939586,0.029641660224750475,-0.018070861673789046,0.06813684916388667,1377
middlkh01,Khris Middleton,2TM,35,shotmaking,-0.009178584513646396,0.023106096157750503,-0.024606425740789018,0.0616012850968867,1439
millebr02,Brandon Miller,CHO,24,shotmaking,0.00785446042162281,0.0025625143188675844,-0.03378240958730019,0.03414507592716766,1968
millejo02,Jordan Miller,LAC,27,shotmaking,0.029436617916987377,0.006352494363914327,-0.04136002753462519,0.04484768330305052,1325
millele01,Leonard Miller,2TM,23,shotmaking,0.009325634327657742,0.012757428332655966,-0.04443054462700984,0.05536438095388993,719
minotjo01,Josh Minott,2TM,24,shotmaking,0.04859532701918793,0.026209965791357672,-0.030978007168308137,0.06881691841259163,834
missiyv01,Yves Missi,NOP,22,shotmaking,-0.08643690716188894,-0.06351493065721478,-0.11122745255575431,-0.025019741718078588,1297
mitchaj01,Ajay Mitchell,OKC,24,shotmaking,0.011856973986022302,0.013133833819665876,-0.03457868807887365,0.051629022758802066,1473
mitchda01,Davion Mitchell,MIA,28,shotmaking,0.027747157056068054,0.010503204833402039,-0.025841719072765737,0.04208576644170211,2000
mitchdo01,Donovan Mitchell,CLE,30,shotmaking,0.03043613167852467,0.014957652841323771,-0.021387271064844005,0.04654021444962384,2342
mobleev01,Evan Mobley,CLE,25,shotmaking,0.0033343864229278914,0.012122951583366763,-0.02422197232280101,0.04370551319166684,2074
monkma01,Malik Monk,SAC,28,shotmaking,0.012390208653346271,0.002459790103686803,-0.045252731794852716,0.040954979042823,1364
moodymo01,Moses Moody,GSW,24,shotmaking,0.017560982932888238,0.0084408811647718,-0.039271640733767724,0.04693607010390799,1540
moranja01,Ja Morant,MEM,27,shotmaking,-0.06716945311649417,-0.02938967358456191,-0.08657764654422773,0.013217279036672053,569
murphtr02,Trey Murphy III,NOP,26,shotmaking,0.020985328290773743,0.01745377656573318,-0.018891147340434594,0.04903633817403325,2341
murraco01,Collin Murray-Boyles,TOR,21,shotmaking,-0.02584451019923481,-0.009852284065242916,-0.05756480596378244,0.028642904873893274,1246
murrade01,Dejounte Murray,NOP,30,shotmaking,0.015547884845117724,-0.013089741747107921,-0.07027771470677373,0.029517210874126044,389
murraja01,Jamal Murray,DEN,29,shotmaking,0.04720806344948936,0.03384710640180254,-0.0024978175043652365,0.06542966801010261,2652
murrake02,Keegan Murray,SAC,26,shotmaking,-0.010305969816709724,0.00859711015856586,-0.04859086280109995,0.051204062779799824,793
murrakr01,Kris Murray,POR,26,shotmaking,-0.05284244671313474,-0.06637389592148372,-0.11408641782002324,-0.027878706982347533,1333
mykhasv01,Svi Mykhailiuk,UTA,29,shotmaking,0.04947697258054109,0.016926037118834163,-0.03078648477970536,0.055421226057970355,1156
nancela02,Larry Nance Jr.,CLE,34,shotmaking,-0.07929191607353063,-0.00020824196637860698,-0.057396214926044416,0.04239871065485536,449
nancepe01,Pete Nance,MIL,26,shotmaking,0.062249558239111435,0.045313252509080984,-0.011874720450584825,0.08792020513031495,737
nembhan01,Andrew Nembhard,IND,27,shotmaking,0.005528475760019854,0.012580166078084898,-0.035132355820454625,0.05107535501722109,1786
nembhry01,Ryan Nembhard,DAL,23,shotmaking,-0.014892716127916955,-0.006535042010237365,-0.054247563908776886,0.03196014692889883,1171
nesmiaa01,Aaron Nesmith,IND,27,shotmaking,-0.0216950268175643,0.011375474787300738,-0.03633704711123878,0.049870663726436934,1335
newelas01,Asa Newell,ATL,21,shotmaking,0.008099229230895896,0.01629950276706435,-0.04088847019260146,0.058906455388298314,500
nnajize01,Zeke Nnaji,DEN,26,shotmaking,-0.05821014457472287,-0.05062489039624638,-0.1078128633559122,-0.008017937775012418,626
nurkiju01,Jusuf Nurkić,UTA,32,shotmaking,0.0022306162953833215,-0.022961144071445682,-0.0801491170311115,0.01964580854978828,1083
okogijo01,Josh Okogie,HOU,28,shotmaking,-0.048807895662978905,-0.049939620803123495,-0.09765214270166302,-0.011444431863987303,1354
okongon01,Onyeka Okongwu,ATL,26,shotmaking,0.006341331105200089,0.008590760101732136,-0.027754163804435638,0.04017332171003221,2297
okorois01,Isaac Okoro,CHI,26,shotmaking,-0.0603042272129834,-0.04050538087738631,-0.08821790277592584,-0.002010191938250118,1695
olbrila01,Lachlan Olbrich,CHI,23,shotmaking,-0.09226363790076023,-0.0377475761291747,-0.0949355490888405,0.004859376492059267,344
olynyke01,Kelly Olynyk,SAS,35,shotmaking,0.004869005921900242,0.014174031423534982,-0.04301394153613083,0.056780984044768945,360
onealro01,Royce O'Neale,PHO,33,shotmaking,0.03741759445337666,0.014555081501700155,-0.02178984240446762,0.04613764311000022,2213
oubreke01,Kelly Oubre Jr.,PHI,31,shotmaking,-0.003815229929653859,-0.03192611754615856,-0.07963863944469808,0.006569071392977632,1574
payneca01,Cameron Payne,PHI,32,shotmaking,-0.03072013329383243,-0.013821783073160687,-0.0710097560328265,0.028785169548073277,374
paytoga02,Gary Payton II,GSW,34,shotmaking,0.04124565574115028,0.04078815144151771,-0.006924370457021808,0.0792833403806539,1142
peavymi01,Micah Peavy,NOP,25,shotmaking,-0.11530447933897542,-0.08583157662872884,-0.14301954958839463,-0.043224624007494876,913
pendano01,Noah Penda,ORL,22,shotmaking,-0.07371474563608027,-0.04187611576029279,-0.0990640887199586,0.0007308368609411711,757
peterta01,Taelon Peter,IND,24,shotmaking,-0.03091320560572275,-0.018720236481679583,-0.0759082094413454,0.02388671613955438,492
phillju01,Julian Phillips,2TM,23,shotmaking,-0.06905022204779543,-0.04586636412173976,-0.10305433708140557,-0.0032594115005057933,428
pickeja02,Jalen Pickett,DEN,27,shotmaking,0.0005458607010686797,0.004182067725530582,-0.053005905234135224,0.04678902034676455,807
plowdda01,Daeqwon Plowden,SAC,28,shotmaking,0.004762657127696243,0.0035652827921630334,-0.053622690167502776,0.046172235413396996,844
podzibr01,Brandin Podziemski,GSW,23,shotmaking,0.016006092476878647,0.017212976752081357,-0.019131947154086417,0.04879553836038143,2333
poeltja01,Jakob Poeltl,TOR,31,shotmaking,0.08126757546339049,0.05400714761908718,0.006294625720547661,0.09250233655822337,1149
poolejo01,Jordan Poole,NOP,27,shotmaking,-0.04870020186242117,-0.013820483556266274,-0.07100845651593209,0.02878646906496769,933
portecr01,Craig Porter Jr.,CLE,26,shotmaking,-0.04270213900844353,-0.015458254350186018,-0.06317077624872554,0.023036934588950175,1148
porteke02,Kevin Porter Jr.,MIL,26,shotmaking,-0.021270626183372363,-0.012985020770546874,-0.0606975426690864,0.025510168168589316,1261
portemi01,Michael Porter Jr.,BRK,28,shotmaking,0.015919604403631642,0.029921412062020904,-0.017791109836518618,0.0684166010011571,1689
portibo01,Bobby Portis,MIL,31,shotmaking,0.05117843724443901,0.02878695593309804,-0.018925565965441482,0.06728214487223423,1619
porzikr01,Kristaps Porziņģis,2TM,31,shotmaking,0.0006349286654742,0.02380971662523706,-0.033378256334428744,0.06641666924647102,769
postqu01,Quinten Post,GSW,26,shotmaking,0.007743765625674077,0.0135339285800395,-0.034178593318500025,0.05202911751917569,1159
pottemi01,Micah Potter,IND,28,shotmaking,0.052474005561607195,0.02835270615848394,-0.02883526680118187,0.07095965877971791,908
poulajo01,John Poulakidas,DAL,23,shotmaking,0.05525519335444995,0.034384517389869064,-0.022803455569796745,0.07699147001110303,253
poweldr01,Drake Powell,BRK,21,shotmaking,-0.047243184189323176,-0.027313902905357512,-0.07502642480389704,0.01118128603377868,1320
poweldw01,Dwight Powell,DAL,35,shotmaking,0.011270029470779123,0.013539834646927498,-0.04364813831273831,0.05614678726816146,904
powelno01,Norman Powell,MIA,33,shotmaking,0.01479458142458706,0.021354368607183087,-0.026358153291356434,0.05984955754631928,1717
princta02,Taurean Prince,MIL,32,shotmaking,0.04283285115452958,0.02141731899696769,-0.035770653962698115,0.06402427161820165,611
pritcpa01,Payton Pritchard,BOS,29,shotmaking,0.04948971093878726,0.05136871393890284,0.015023790032735067,0.08295127554720291,2556
proctty01,Tyrese Proctor,CLE,22,shotmaking,-0.02449730173248516,-0.007787627609789249,-0.06497560056945506,0.03481932501144472,545
prospol01,Olivier-Maxence Prosper,MEM,24,shotmaking,0.03834386113269545,-0.0160718842509521,-0.07325985721061791,0.026535068370281863,984
queende01,Derik Queen,NOP,22,shotmaking,-0.06845844016052607,-0.05160360044445799,-0.08794852435062576,-0.02002103883615792,2023
quetane01,Neemias Queta,BOS,27,shotmaking,0.053969855469330204,0.046123821531587485,0.00977889762541971,0.07770638313988756,1926
quickim01,Immanuel Quickley,TOR,27,shotmaking,0.018663516006086272,0.00981481668074401,-0.026530107225423764,0.04139737828904408,2231
randlju01,Julius Randle,MIN,32,shotmaking,-0.0118417368000915,-0.007533883275551343,-0.04387880718171912,0.02404867833274873,2610
raynama01,Maxime Raynaud,SAC,23,shotmaking,0.07895623514481341,0.07564901441745182,0.03930409051128405,0.1072315760257519,1964
reathdu01,Duop Reath,POR,30,shotmaking,0.01530343012275675,-0.013064656748015444,-0.07025262970768126,0.02954229587321852,258
reaveau01,Austin Reaves,LAL,28,shotmaking,0.04527468390212555,0.03535151060841196,-0.012361011290127559,0.07384669954754816,1762
reedpa01,Paul Reed,DET,27,shotmaking,0.062482489583451206,0.0159679073323011,-0.04122006562736471,0.05857485995353506,901
reeseju01,Julian Reese,WAS,23,shotmaking,-0.05568205997631204,-0.02652494667303421,-0.08371291963270001,0.016082005948199755,402
reidna01,Naz Reid,MIN,27,shotmaking,0.014913868934475582,0.012231076049967081,-0.024113847856200694,0.04381363765826715,2007
richaja02,Jase Richardson,ORL,21,shotmaking,0.007874063380618454,0.016315887763560834,-0.040872085196104975,0.0589228403847948,587
richani01,Nick Richards,2TM,29,shotmaking,-0.06858340587555928,0.00039337784332316075,-0.05679459511634265,0.043000330464557125,701
richawi02,Will Richard,GSW,24,shotmaking,0.009950502064475241,0.009189212284476849,-0.038523309614062674,0.04768440122361304,1377
rileywi01,Will Riley,WAS,20,shotmaking,-0.018761234958978038,-0.0020541273874615518,-0.04976664928600107,0.03644106155167464,1633
risacza01,Zaccharie Risacher,ATL,21,shotmaking,-0.02834508039005834,-0.01616986051719279,-0.06388238241573231,0.022325328421943402,1503
robindu01,Duncan Robinson,DET,32,shotmaking,0.0520941759408973,0.0373030485908578,0.0009581246846900246,0.06888561019915787,2113
robinje02,Jeremiah Robinson-Earl,2TM,26,shotmaking,-0.1414197945021796,-0.04535811006367985,-0.10254608302334567,-0.0027511574424458896,361
robinmi01,Mitchell Robinson,NYK,28,shotmaking,0.005580823112077037,-0.029595401243579487,-0.07730792314211901,0.008899787695556705,1175
rolliry01,Ryan Rollins,MIL,24,shotmaking,0.012079628280627468,0.01291138310745938,-0.023433540798708394,0.04449394471575945,2376
ruperra01,Rayan Rupert,2TM,22,shotmaking,-0.07374867510061711,-0.058315142285458275,-0.11550311524512408,-0.015708189664224312,1072
russeda01,D'Angelo Russell,DAL,30,shotmaking,-0.01571406365925078,0.00013609604528089822,-0.05705187691438491,0.04274304866651486,495
ryanco01,Cormac Ryan,MIL,28,shotmaking,0.06625216573554796,0.036113511406523344,-0.021074461553142465,0.07872046402775731,271
sabondo01,Domantas Sabonis,SAC,30,shotmaking,-0.011242379165464403,0.03286443359818851,-0.024323539361477298,0.07547138621942248,564
salauti01,Tidjane Salaün,CHO,21,shotmaking,0.03200068496501578,-0.03865597921558372,-0.09584395217524952,0.003950973405650246,575
sandeko01,Kobe Sanders,LAC,24,shotmaking,0.028443796811163786,0.024458821762434864,-0.023253700136104657,0.06295401070157106,1351
santogu01,Gui Santos,GSW,24,shotmaking,0.02310587909274235,0.017965066464837365,-0.029747455433702157,0.05646025540397356,1395
sarafbe01,Ben Saraf,BRK,20,shotmaking,-0.11175361939486822,-0.07263612965367267,-0.1298241026133385,-0.0300291770324387,916
sarral01,Alex Sarr,WAS,21,shotmaking,-0.012686889566891983,-0.023804495064560137,-0.07151701696309966,0.014690693874576055,1305
sassema01,Marcus Sasser,DET,26,shotmaking,-0.023434395009620017,0.008164629280068628,-0.04902334367959718,0.05077158190130259,457
scheiba01,Baylor Scheierman,BOS,26,shotmaking,0.05253173483660282,0.02935588915700313,-0.018356632741536393,0.06785107809613933,1429
schrode01,Dennis Schröder,2TM,33,shotmaking,-0.0458961017969476,-0.03584390583653227,-0.0835564277350718,0.0026512831026039227,1697
sengual01,Alperen Şengün,HOU,24,shotmaking,0.00648638413653685,-0.0013178639211770236,-0.0376627878273448,0.03026469768712305,2398
sensabr01,Brice Sensabaugh,UTA,23,shotmaking,0.028725418843010914,0.03330871777817721,-0.01440380412036231,0.0718039067173134,1762
sextoco01,Collin Sexton,2TM,28,shotmaking,0.002366402055634189,0.014023525967431595,-0.033688995931107926,0.05251871490656779,1614
shamela01,Landry Shamet,NYK,29,shotmaking,0.003907032252746896,0.006359440339117464,-0.04135308155942206,0.044854629278253656,1171
shannte01,Terrence Shannon Jr.,MIN,26,shotmaking,-0.04092609977168819,-0.02671655468339038,-0.08390452764305618,0.015890397937843585,538
sharpda01,Day'Ron Sharpe,BRK,25,shotmaking,0.004995369065375767,-0.020420396685433488,-0.06813291858397301,0.018074792253702704,1160
sharpsh01,Shaedon Sharpe,POR,23,shotmaking,-0.02240401092326618,-0.015248715694745892,-0.06296123759328541,0.0232464732443903,1471
sheadja01,Jamal Shead,TOR,24,shotmaking,-0.07642540675518444,-0.05509054459823272,-0.09143546850440049,-0.023507982989932646,1852
sheppbe01,Ben Sheppard,IND,25,shotmaking,-0.020171634651676068,-0.02034339483569792,-0.06805591673423744,0.01815179410343827,1390
sheppre01,Reed Sheppard,HOU,22,shotmaking,0.025857588576528652,0.02049491802137287,-0.015850005884794904,0.05207747962967294,2147
siakapa01,Pascal Siakam,IND,32,shotmaking,0.005674949939565841,0.02444509746966496,-0.011899826436502815,0.05602765907796503,2057
simonan01,Anfernee Simons,2TM,27,shotmaking,0.03781470041725622,0.011403995170353017,-0.036308526728186505,0.04989918410948921,1372
simpskj01,KJ Simpson,2TM,24,shotmaking,-0.12778019462314721,-0.0871470777622466,-0.1443350507219124,-0.04454012514101264,257
simsje01,Jericho Sims,MIL,28,shotmaking,0.10739776603794492,0.054074440142301367,0.006361918243761845,0.09256962908143757,1318
slawsja01,Jalen Slawson,IND,27,shotmaking,-0.022676036042443403,-0.010080581224830886,-0.06726855418449669,0.032526371396403075,311
smallja01,Javon Small,MEM,24,shotmaking,0.020636210489593507,0.01714394533512874,-0.04004402762453707,0.05975089795636271,830
smartma01,Marcus Smart,LAL,32,shotmaking,-0.026498031927584355,-0.016291203214748345,-0.06400372511328786,0.022203985724387847,1769
smithdr01,Dru Smith,MIA,29,shotmaking,-0.06418645357060505,-0.04304152313666747,-0.09075404503520698,-0.004546334197531275,1141
smithja04,Jalen Smith,CHI,26,shotmaking,-0.007090661126189511,0.00838246970261629,-0.03933005219592323,0.04687765864175248,1095
smithja05,Jabari Smith Jr.,HOU,23,shotmaking,0.008726260682510072,0.007367947668023509,-0.028976976238144266,0.03895050927632358,2705
smithma02,Malachi Smith,BRK,27,shotmaking,0.03149805232535536,0.017501638087817566,-0.03968633487184824,0.06010859070905153,359
smithni01,Nick Smith Jr.,LAL,22,shotmaking,0.0350150251202752,0.00010333140515575955,-0.05708464155451005,0.042710284026389725,375
sochaje01,Jeremy Sochan,2TM,23,shotmaking,-0.04686449282888794,-0.047679279396095335,-0.10486725235576114,-0.0050723267748613715,469
spencca01,Cam Spencer,MEM,26,shotmaking,0.0677353677575052,0.055431178078431814,0.007718656179892293,0.09392636701756801,1714
spencpa01,Pat Spencer,GSW,30,shotmaking,-0.018058612963688048,-0.02262466456522096,-0.07033718646376048,0.015870524373915233,1229
stewais01,Isaiah Stewart,DET,25,shotmaking,0.028768038218560776,0.014085382907909574,-0.03362713899062995,0.052580571847045766,1317
strawju01,Julian Strawther,DEN,24,shotmaking,0.021176673919877393,-0.0011450253110576543,-0.05833299827072346,0.04146192731017631,861
strusma01,Max Strus,CLE,30,shotmaking,0.024231646630427324,-0.008163787640244386,-0.0653517605999102,0.03444316498098958,288
suggsja01,Jalen Suggs,ORL,25,shotmaking,0.00020014807145251603,0.001855770470198109,-0.04585675142834141,0.0403509594093343,1574
tateja01,Jae'Sean Tate,HOU,31,shotmaking,0.003751942936135465,-0.017289261260300018,-0.07447723421996583,0.025317691360933946,405
tatumja01,Jayson Tatum,BOS,28,shotmaking,-0.03092724400869404,0.0025299409398500923,-0.054658032019815714,0.04513689356108406,522
terryda01,Dalen Terry,2TM,24,shotmaking,-0.06534422416640272,-0.05340413607968571,-0.11059210903935152,-0.010797183458451744,551
thomaca02,Cam Thomas,2TM,25,shotmaking,-0.032602034775007324,-0.008660146361607423,-0.06584811932127323,0.03394680625962654,881
thompam01,Amen Thompson,HOU,24,shotmaking,-0.004656890830640838,-0.0022959838942045088,-0.038640907800372284,0.02928657771409556,2953
thompau01,Ausar Thompson,DET,24,shotmaking,-0.03729127961528332,-0.034561563389603346,-0.07090648729577112,-0.002979001781303274,1896
thompet01,Ethan Thompson,IND,27,shotmaking,-0.05610564028250845,-0.03856452750832846,-0.09575250046799427,0.004042425112905507,653
thompkl01,Klay Thompson,DAL,36,shotmaking,0.0006018524103612759,0.014166532855351405,-0.03354598904318812,0.052661721794487595,1497
thybuma01,Matisse Thybulle,POR,29,shotmaking,-0.0019937264591923915,-0.008367639001052939,-0.06555561196071874,0.034239313620181025,480
tomlina01,Nae'Qwan Tomlin,CLE,26,shotmaking,-0.08003495538669678,-0.06083970147090369,-0.1180276744305695,-0.018232748849669723,1004
toppiob01,Obi Toppin,IND,28,shotmaking,0.030351103855992895,0.04411735322521503,-0.013070619734450777,0.086724305846449,424
townska01,Karl-Anthony Towns,NYK,31,shotmaking,-0.027201176267977703,-0.0016841553040913989,-0.03802907921025917,0.029898406304208675,2322
traorno01,Nolan Traoré,BRK,20,shotmaking,-0.08716851471637417,-0.05950503931903626,-0.10721756121757578,-0.021009850379900066,1243
trentga02,Gary Trent Jr.,MIL,28,shotmaking,-0.0019161981743053443,0.007698547791931981,-0.04001397410660754,0.04619373673106817,1377
tshieos01,Oscar Tshiebwe,UTA,27,shotmaking,0.05132591059108757,0.04129095714480684,-0.015897015814858965,0.0838979097660408,448
turnemy01,Myles Turner,MIL,30,shotmaking,0.007036217069290969,0.025425002576430267,-0.010919921329737507,0.05700756418473034,1912
tysonja01,Jaylon Tyson,CLE,24,shotmaking,0.0027379428479833616,-0.00603411972108277,-0.05374664161962229,0.032461069218053425,1777
valanjo01,Jonas Valančiūnas,DEN,34,shotmaking,0.04754218484001587,0.03297921118231652,-0.02420876177734929,0.07558616380355049,871
vandeja01,Jarred Vanderbilt,LAL,27,shotmaking,-0.06499028310811224,-0.05523528588201463,-0.10294780778055415,-0.016740096942878438,1128
vassede01,Devin Vassell,SAS,26,shotmaking,0.019212415086915763,0.017288422833267397,-0.019056501072900377,0.04887098444156747,2044
vincega01,Gabe Vincent,2TM,30,shotmaking,-0.03780142067973859,-0.015324263583878873,-0.07251223654354469,0.02728268903735509,879
vucevni01,Nikola Vučević,2TM,36,shotmaking,0.025086726080260125,0.030067999337537663,-0.01764452256100186,0.06856318827667385,1818
vukcetr01,Tristan Vukcevic,WAS,23,shotmaking,0.03247386143499389,0.037234757530672256,-0.019953215428993552,0.07984171015190622,671
wadede01,Dean Wade,CLE,30,shotmaking,-0.01551336547128475,-0.006118845094642363,-0.05383136699318188,0.03237634384449383,1318
wagnefr01,Franz Wagner,ORL,25,shotmaking,-0.008238639994977768,-0.007111398205445887,-0.0642993711651117,0.035495554415788076,1019
wagnemo01,Moritz Wagner,ORL,29,shotmaking,-0.062134973282815927,0.005483319178168836,-0.051704653781496974,0.0480902717994028,427
walkeja01,Jabari Walker,PHI,24,shotmaking,-0.06716540522711138,-0.04693476102791296,-0.10412273398757876,-0.0043278084066789985,762
walkeja02,Jarace Walker,IND,23,shotmaking,-0.027096158386566496,-0.007046301300072256,-0.04339122520624003,0.024536260308227816,1953
wallaca01,Cason Wallace,OKC,23,shotmaking,-0.048458425502103414,-0.014422657538007519,-0.05076758144417529,0.017159904070292553,2046
wallake01,Keaton Wallace,ATL,27,shotmaking,-0.0018459665733392742,-0.005909741309603999,-0.06309771426926981,0.036697211311629965,536
walshjo01,Jordan Walsh,BOS,22,shotmaking,0.004918338765051065,5.281412858845584e-05,-0.047659707769951064,0.03854800306772465,1212
walteja01,Ja'Kobe Walter,TOR,22,shotmaking,-0.00515718297675355,-0.01611845869427945,-0.06383098059281897,0.022376730244856743,1474
wareke01,Kel'el Ware,MIA,22,shotmaking,-0.011143780064903505,0.008715385318773677,-0.03899713657976585,0.047210574257909865,1704
washipj01,P.J. Washington,DAL,28,shotmaking,-0.0332678660463726,-0.023731320924988603,-0.07144384282352813,0.014763868014147589,1736
waterli01,Lindy Waters III,SAS,29,shotmaking,-0.006923188233436325,-0.007252087954010291,-0.0644400609136761,0.03535486466722367,285
watfotr01,Trendon Watford,PHI,26,shotmaking,-0.0026596068723454117,-0.0034791041162352556,-0.06066707707590106,0.03912784850499871,864
watkija01,Jamir Watkins,WAS,25,shotmaking,-0.02392067900049336,-0.01646321583406985,-0.07365118879373567,0.026143736787164112,1032
watsope01,Peyton Watson,DEN,24,shotmaking,0.004983240531604269,-0.015926874684738194,-0.06363939658327772,0.022568314254397998,1598
wellsja01,Jaylen Wells,MEM,23,shotmaking,-0.007803484908365388,-0.0024990657640884427,-0.05021158766262796,0.03599612317504775,1821
wembavi01,Victor Wembanyama,SAS,23,shotmaking,0.008043878569734656,0.00869332838960614,-0.027651595516561635,0.04027588999790621,1866
weslebl01,Blake Wesley,POR,23,shotmaking,-0.07433665051269076,-0.05901092724496198,-0.11619890020462778,-0.016403974623728015,361
westbru01,Russell Westbrook,SAC,38,shotmaking,-0.01525492545531605,-0.038175321378005694,-0.07452024528417348,-0.006592759769705622,1853
whiteco01,Coby White,2TM,26,shotmaking,-0.009841947362364146,-0.005723190686803584,-0.053435712585343104,0.03277199825233261,1249
whitede01,Derrick White,BOS,32,shotmaking,-0.013744150488246025,0.01422225091411395,-0.022122672992053824,0.04580481252241402,2625
whitmca01,Cam Whitmore,WAS,22,shotmaking,-0.048340400968566,-0.013263739520311079,-0.07045171247997689,0.029343213100922885,354
wiggiaa01,Aaron Wiggins,OKC,28,shotmaking,-0.03458432196972555,-0.006186800073002939,-0.05389932197154246,0.032308388866133256,1414
wiggian01,Andrew Wiggins,MIA,31,shotmaking,0.003322649465891405,-0.0049624763923486635,-0.041307400298516435,0.026620085215951408,2063
willibr03,Brandon Williams,DAL,27,shotmaking,-0.03324046315785346,-0.01972258197819814,-0.06743510387673766,0.018772606960938052,1463
willico04,Cody Williams,UTA,22,shotmaking,-0.028349641499049765,-0.03623653198889213,-0.08394905388743165,0.0022586569502440618,1631
willigr01,Grant Williams,CHO,28,shotmaking,0.023880995864902253,0.010440656509656487,-0.04674731645000932,0.05304760913089045,711
willija06,Jalen Williams,OKC,25,shotmaking,-0.022668734969106586,0.018208400125809,-0.03897957283385681,0.060815352747042965,936
willija07,Jaylin Williams,OKC,24,shotmaking,0.008670327709288711,0.0032493977722712307,-0.044463124126268294,0.04174458671140742,1277
willike04,Kenrich Williams,OKC,32,shotmaking,-0.0007871280275810324,0.0037913661120316596,-0.05339660684763415,0.04639831873326562,855
willima07,Mark Williams,PHO,25,shotmaking,0.02385033369472882,0.016105366071176557,-0.03160715582736297,0.054600555010312746,1416
willipa01,Patrick Williams,CHI,25,shotmaking,-0.07045781651158403,-0.05295736895994192,-0.10066989085848144,-0.01446218002080573,1474
williro04,Robert Williams,POR,29,shotmaking,0.08258686766350855,0.049408057768823684,-0.007779915190842125,0.09201501039005765,1008
willivi01,Vince Williams Jr.,2TM,26,shotmaking,-0.07106734758727686,-0.041766179036763926,-0.09895415199642973,0.0008407735844700379,820
willizi01,Zion Williamson,NOP,26,shotmaking,0.002926680151257067,0.004333476549750406,-0.032011447356417366,0.03591603815805048,1841
willizi02,Ziaire Williams,BRK,25,shotmaking,-0.03389305039762675,-0.041489442980669734,-0.08920196487920926,-0.0029942540415335422,1281
wilsoja03,Jalen Wilson,BRK,26,shotmaking,-0.048704504240883364,-0.03870402408441778,-0.09589199704408359,0.0039029285368161817,859
wolfda01,Danny Wolf,BRK,22,shotmaking,-0.07278112779825276,-0.05105646099833607,-0.09876898289687559,-0.01256127205919988,1187
yabusgu01,Guerschon Yabusele,2TM,31,shotmaking,-0.04809328231786754,-0.0118416406044877,-0.0690296135641535,0.030765312016746264,1007
yangha01,Yang Hansen,POR,21,shotmaking,-0.16973558915970025,-0.08043266853221843,-0.13762064149188424,-0.03782571591098447,300
youngtr01,Trae Young,2TM,28,shotmaking,0.021709061774192386,-0.0028887334650008686,-0.06007670642466668,0.039718219156233095,384
zubaciv01,Ivica Zubac,2TM,29,shotmaking,0.020103070787935703,0.0485801310476872,0.0008676091491476787,0.08707531998682339,1446
achiupr01,Precious Achiuwa,SAC,27,stl_pct,1.8,1.6917283792105875,1.3100242308005443,2.274587398418097,1745
adamsst01,Steven Adams,HOU,33,stl_pct,1.5,1.4347984887064174,0.9514686039076669,2.0640840181181055,730
adebaba01,Bam Adebayo,MIA,29,stl_pct,1.7,1.7382550604662454,1.397655243515968,2.2069010851772166,2365
agbajoc01,Ochai Agbaji,2TM,26,stl_pct,1.2,1.4102240911086654,0.9268942063099149,2.0395096205203536,973
aldamsa01,Santi Aldama,MEM,26,stl_pct,1.5,1.4274835724369437,1.0457794240269005,2.010342591644453,1198
alexani01,Nickeil Alexander-Walker,ATL,28,stl_pct,1.9,1.6060124288273325,1.265412611877055,2.0746584535383037,2603
allengr01,Grayson Allen,PHO,31,stl_pct,2.3,1.732720180975304,1.3510160325652607,2.3155792001828135,1467
allenja01,Jarrett Allen,CLE,28,stl_pct,1.7,1.4720461568112753,1.090342008401232,2.0549051760187846,1519
alvarjo01,Jose Alvarado,2TM,28,stl_pct,2.3,2.419020039330254,2.037315890920211,3.0018790585377633,1370
anderky01,Kyle Anderson,3TM,33,stl_pct,2.5,2.0928430966118294,1.6095132118130788,2.7221286260235176,853
antetgi01,Giannis Antetokounmpo,MIL,32,stl_pct,1.6,1.4370338172446537,0.9537039324459032,2.066319346656342,1039
anthoco01,Cole Anthony,MIL,26,stl_pct,1.9,1.7343739401514657,1.2510440553527151,2.363659469563154,527
anunoog01,OG Anunoby,NYK,29,stl_pct,2.3,2.1062901377626697,1.7656903208123922,2.574936162473641,2224
avdijde01,Deni Avdija,POR,26,stl_pct,1.1,1.2744042959560848,0.9338044790058073,1.743050320667056,2199
aytonde01,Deandre Ayton,LAL,28,stl_pct,1.0,1.1965893342515983,0.8559895173013208,1.6652353589625695,1958
baglema01,Marvin Bagley III,2TM,27,stl_pct,1.1,1.1133515877277667,0.7316474393177235,1.696210606935276,1201
baileac01,Ace Bailey,UTA,20,stl_pct,1.4,1.4873577441871302,1.1467579272368527,1.9560037688981013,1988
ballla01,LaMelo Ball,CHO,25,stl_pct,2.1,2.0707713865926403,1.7301715696423627,2.5394174113036114,2017
balllo01,Lonzo Ball,CLE,29,stl_pct,3.0,2.7015994272196306,2.21826954242088,3.330884956631319,728
banchpa01,Paolo Banchero,ORL,24,stl_pct,1.0,1.1115964044278723,0.7709965874775948,1.5802424291388435,2502
banede01,Desmond Bane,ORL,28,stl_pct,1.5,1.5526120190382648,1.2120122020879873,2.021258043749236,2756
barlodo01,Dominick Barlow,PHI,23,stl_pct,1.8,1.6774106928045316,1.2957065443944884,2.260269712012041,1689
barneha02,Harrison Barnes,SAS,34,stl_pct,1.2,1.0943020002778023,0.7537021833275248,1.5629480249887735,1986
barnesc01,Scottie Barnes,TOR,25,stl_pct,2.1,2.0119093993872434,1.671309582436966,2.4805554240982146,2681
barnhbr01,Brooks Barnhizer,OKC,24,stl_pct,1.5,1.5504640006852657,1.0671341158865153,2.179749530096954,348
barrerj01,RJ Barrett,TOR,26,stl_pct,1.2,1.0989381237047067,0.7172339752946635,1.6817971429122163,1726
battlja01,Jamison Battle,TOR,25,stl_pct,0.7,0.9371934193251125,0.45386353452636197,1.5664789487368007,517
batumni01,Nicolas Batum,LAC,38,stl_pct,1.8,1.847194873993046,1.4654907255830028,2.4300538932005553,1295
berinjo01,Joan Beringer,MIN,20,stl_pct,1.1,1.4283019186780415,0.944972033879291,2.0575874480897296,314
beysa01,Saddiq Bey,NOP,27,stl_pct,1.4,1.3069553897360384,0.9663555727857609,1.7756014144470096,2246
bitadgo01,Goga Bitadze,ORL,27,stl_pct,1.8,1.6826830119609701,1.1993531271622198,2.3119685413726585,972
blackan01,Anthony Black,ORL,23,stl_pct,2.3,2.147157967465009,1.8065581505147315,2.61580399217598,1910
blackle01,Leaky Black,WAS,27,stl_pct,2.0,1.7356030380980616,1.2522731532993112,2.36488856750975,433
bogdabo01,Bogdan Bogdanović,LAC,34,stl_pct,1.1,1.6632833104696807,1.1799534256709303,2.292568839881369,452
bonaad01,Adem Bona,PHI,23,stl_pct,1.2,1.3390254858702673,0.9573213374602241,1.9218845050777769,1234
bookede01,Devin Booker,PHO,30,stl_pct,1.2,1.1752249013955576,0.83462508444528,1.6438709261065287,2146
bouyeja01,Jamaree Bouyea,PHO,27,stl_pct,2.2,1.9947927235996759,1.5114628388009255,2.624078253011364,644
bradlto01,Tony Bradley,2TM,29,stl_pct,0.6,1.0217675808145323,0.5384376960157818,1.6510531102262207,450
branhma01,Malaki Branham,WAS,23,stl_pct,1.7,1.1548322131857411,0.6715023283869906,1.7841177425974295,275
braunch01,Christian Braun,DEN,25,stl_pct,1.0,1.3406247967951446,0.9589206483851014,1.923483816002654,1399
bridgmi01,Mikal Bridges,NYK,30,stl_pct,2.0,1.5230027035373979,1.1824028865871203,1.991648728248369,2692
bridgmi02,Miles Bridges,CHO,28,stl_pct,1.0,1.0949895352671994,0.7543897183169219,1.5636355599781706,2387
brookdi01,Dillon Brooks,PHO,31,stl_pct,1.7,1.411867063195216,1.0301629147851727,1.9947260824027255,1702
brownbr01,Bruce Brown,DEN,30,stl_pct,2.1,1.808863767452137,1.4682639505018595,2.2775097921631082,1998
brownja02,Jaylen Brown,BOS,30,stl_pct,1.5,1.592835132023697,1.2522353150734196,2.0614811567346685,2443
brownko01,Kobe Brown,2TM,27,stl_pct,1.2,1.2862515204440395,0.802921635645289,1.9155370498557276,963
brunsja01,Jalen Brunson,NYK,30,stl_pct,1.1,1.1884321640887061,0.8478323471384286,1.6570781887996773,2590
bryanca01,Carter Bryant,SAS,21,stl_pct,0.9,1.11334905876288,0.6300191739641295,1.7426345881745684,818
bryanth01,Thomas Bryant,CLE,29,stl_pct,1.2,1.3334850290349964,0.8501551442362459,1.9627705584466848,732
burtoty01,Tyler Burton,MEM,26,stl_pct,1.7,1.6577966031028932,1.1744667183041426,2.2870821325145814,307
butleji01,Jimmy Butler,GSW,37,stl_pct,2.3,2.01965095232251,1.637946803912467,2.6025099715300195,1182
buzelma01,Matas Buzelis,CHI,22,stl_pct,1.1,1.1066647530973088,0.7660649361470313,1.57531077780828,2248
cainja01,Jamal Cain,ORL,27,stl_pct,1.1,1.6030660545762818,1.1197361697775312,2.23235158398797,486
caldwke01,Kentavious Caldwell-Pope,MEM,33,stl_pct,1.9,2.0164987715305185,1.5331688867317679,2.6457843009422066,1088
camarto01,Toumani Camara,POR,26,stl_pct,1.6,1.8210990917839986,1.4804992748337211,2.28974511649497,2731
capelca01,Clint Capela,HOU,32,stl_pct,1.9,1.450354644740019,0.9670247599412686,2.079640174151707,926
cardwdy01,Dylan Cardwell,SAC,25,stl_pct,1.6,1.6364626314974648,1.1531327466987142,2.265748160909153,907
carlsbr01,Branden Carlson,OKC,27,stl_pct,0.8,1.074831272255642,0.5915013874568914,1.7041168016673303,488
carrica01,Bub Carrington,WAS,21,stl_pct,1.1,1.1054825042433154,0.7648826872930379,1.5741285289542866,2271
cartede02,Devin Carter,SAC,24,stl_pct,2.3,2.207849549132208,1.7245196643334575,2.8371350785438962,700
carteje01,Jevon Carter,2TM,31,stl_pct,2.2,1.9413828479828346,1.458052963184084,2.5706683773945227,867
cartewe01,Wendell Carter Jr.,ORL,27,stl_pct,1.3,1.3147294198803887,0.9741296029301112,1.7833754445913599,2288
carusal01,Alex Caruso,OKC,32,stl_pct,3.4,3.2109937220312763,2.7276638372325257,3.8402792514429644,1020
castlst01,Stephon Castle,SAS,22,stl_pct,1.8,1.7766291180781648,1.4360293011278873,2.245275142789136,2038
champju01,Justin Champagnie,WAS,25,stl_pct,2.0,2.1017421417563713,1.7200379933463281,2.6846011609638807,1377
champju02,Julian Champagnie,SAS,25,stl_pct,1.3,1.453456303939792,1.1128564869895146,1.9221023286507632,2266
chandke01,Kennedy Chandler,UTA,24,stl_pct,1.5,1.5495559784090227,1.0662260936102723,2.178841507820711,355
chrisca02,Cam Christie,LAC,21,stl_pct,1.7,1.706948236383171,1.2236183515844203,2.336233765794859,480
chrisma02,Max Christie,DAL,23,stl_pct,1.0,1.2311638932593885,0.8905640763091109,1.6998099179703596,2244
cissemo01,Moussa Cisse,DAL,24,stl_pct,1.7,1.6626191066076157,1.1792892218088653,2.291904636019304,530
cissosi01,Sidy Cissoko,POR,22,stl_pct,1.7,1.7248448622881551,1.343140713878112,2.3077038814956645,1435
clarkja02,Jaylen Clark,MIN,25,stl_pct,2.5,2.608793153291351,2.1254632684926005,3.2380786827030392,888
clarkjo01,Jordan Clarkson,NYK,34,stl_pct,1.2,1.2752389803878905,0.8935348319778473,1.8580979995954001,1279
claxtni01,Nic Claxton,BRK,27,stl_pct,1.2,1.2743163213039996,0.9337165043537221,1.7429623460149708,1920
claytwa01,Walter Clayton,2TM,23,stl_pct,1.5,1.5441994051284234,1.1624952567183802,2.127058424335933,1410
cliffni01,Nique Clifford,SAC,24,stl_pct,1.7,1.6659432571788473,1.3253434402285698,2.1345892818898182,1882
clingdo01,Donovan Clingan,POR,22,stl_pct,1.0,1.145098621156264,0.8044988042059864,1.613744645867235,2094
clownno01,Noah Clowney,BRK,22,stl_pct,1.4,1.3514365818204026,0.9697324334103594,1.934295601027912,1780
coffeam01,Amir Coffey,2TM,29,stl_pct,0.9,1.2127296671700296,0.7293997823712791,1.842015196581718,490
colliis01,Isaiah Collier,UTA,22,stl_pct,2.0,1.8652390336379405,1.4835348852278973,2.44809805284545,1517
collijo01,John Collins,LAC,29,stl_pct,1.6,1.4270754358851279,1.0864756189348503,1.895721460596099,1872
conlemi01,Mike Conley,MIN,39,stl_pct,1.7,2.0620456605219983,1.5787157757232477,2.6913311899336865,991
connapa01,Pat Connaughton,CHO,34,stl_pct,1.8,1.2125251872832916,0.7291953024845411,1.84181071669498,297
coopesh01,Sharife Cooper,WAS,25,stl_pct,1.1,1.283983252232038,0.8006533674332875,1.9132687816437262,700
coulibi01,Bilal Coulibaly,WAS,22,stl_pct,2.4,2.0114674736536347,1.6297633252435915,2.594326492861144,1468
cowarce01,Cedric Coward,MEM,23,stl_pct,1.2,1.2860192054467194,0.9043150570366763,1.868878224654229,1598
cryerlj01,LJ Cryer,GSW,25,stl_pct,0.5,1.0975957256011601,0.6142658408024096,1.7268812550128483,292
cunnica01,Cade Cunningham,DET,25,stl_pct,2.0,1.6388629306191758,1.2982631136688982,2.1075089553301467,2172
curryst01,Stephen Curry,GSW,38,stl_pct,1.8,1.6497360924499882,1.268031944039945,2.232595111657498,1329
daniedy01,Dyson Daniels,ATL,23,stl_pct,2.8,3.308899643300629,2.9682998263503517,3.7775456680116,2520
dasiltr01,Tristan Da Silva,ORL,25,stl_pct,1.7,1.4533070364859773,1.1127072195356997,1.9219530611969484,1899
davisan02,Anthony Davis,DAL,33,stl_pct,1.7,1.63768956396744,1.1543596791686896,2.2669750933791284,626
demineg01,Egor Dëmin,BRK,20,stl_pct,1.6,1.667062530695116,1.2853583822850727,2.2499215499026253,1308
derozde01,DeMar DeRozan,SAC,37,stl_pct,1.6,1.327555262284446,0.9869554453341685,1.7962012869954171,2406
diabamo01,Moussa Diabaté,CHO,25,stl_pct,1.5,1.626659494541869,1.2860596775915916,2.0953055192528405,1899
diawamo01,Mohamed Diawara,NYK,21,stl_pct,1.3,1.4308040842652439,0.9474741994664934,2.060089613676932,634
dickgr01,Gradey Dick,TOR,23,stl_pct,2.1,1.6733153567854875,1.1899854719867369,2.3026008861971756,1067
diengou01,Ousmane Dieng,2TM,23,stl_pct,1.1,1.3506037421816086,0.9688995937715654,1.933462761389118,1099
dilliro01,Rob Dillingham,2TM,22,stl_pct,2.3,2.124140998452554,1.6408111136538035,2.7534265278642422,970
divindo01,Donte DiVincenzo,MIN,30,stl_pct,2.0,2.0613037700575054,1.720703953107228,2.5299497947684766,2494
doncilu01,Luka Dončić,LAL,27,stl_pct,2.2,2.088450666208473,1.7478508492581957,2.5570966909194444,2289
dortlu01,Luguentz Dort,OKC,27,stl_pct,1.6,1.5943976407865343,1.2537978238362568,2.0630436654975055,1849
dosunay01,Ayo Dosunmu,2TM,27,stl_pct,1.5,1.4384807822058883,1.0978809652556107,1.9071268069168594,1881
drumman01,Andre Drummond,PHI,33,stl_pct,1.5,2.0569459426238383,1.6752417942137952,2.6398049618313477,1231
dunnkr01,Kris Dunn,LAC,32,stl_pct,2.9,2.949802147063423,2.6092023301131455,3.418448171774394,2230
dunnry01,Ryan Dunn,PHO,24,stl_pct,2.2,1.8298600101981608,1.4481558617881176,2.4127190294056704,1355
duranke01,Kevin Durant,HOU,38,stl_pct,1.1,1.2526965191495452,0.9120967021992676,1.7213425438605163,2840
durenja01,Jalen Duren,DET,23,stl_pct,1.4,1.2891122391308008,0.9485124221805232,1.757758263841772,1976
easonta01,Tari Eason,HOU,25,stl_pct,2.3,2.6831431702233384,2.3014390218132954,3.2660021894308477,1549
edeyza01,Zach Edey,MEM,24,stl_pct,1.2,1.2482001259023796,0.7648702411036291,1.877485655314068,284
edgecvj01,VJ Edgecombe,PHI,21,stl_pct,2.0,1.9820830493247628,1.6414832323744852,2.450729074035734,2623
edwaran01,Anthony Edwards,MIN,25,stl_pct,1.9,1.772818706638849,1.4322188896885715,2.2414647313498204,2137
edwarju01,Justin Edwards,PHI,23,stl_pct,2.7,2.243917419693677,1.7605875348949263,2.873202949105365,977
elliske01,Keon Ellis,2TM,27,stl_pct,2.7,2.667980256066855,2.286276107656812,3.2508392752743642,1478
embiijo01,Joel Embiid,PHI,32,stl_pct,0.8,1.2059033652138174,0.8241992168037742,1.788762384421327,1201
etienty01,Tyson Etienne,BRK,27,stl_pct,1.4,1.472484139646923,0.9891542548481725,2.101769669058611,380
eubandr01,Drew Eubanks,SAC,29,stl_pct,1.3,1.1495683006862736,0.6662384158875231,1.7788538300979617,552
fearsje01,Jeremiah Fears,NOP,20,stl_pct,2.2,2.191530369939819,1.8509305529895415,2.66017639465079,2112
filipky01,Kyle Filipowski,UTA,23,stl_pct,1.9,1.7475482683482881,1.365844119938245,2.3304072875557975,1801
finnedo01,Dorian Finney-Smith,HOU,33,stl_pct,1.3,1.4682847344633538,0.9849548496646033,2.097570263875042,620
flaggco01,Cooper Flagg,DAL,20,stl_pct,1.7,1.7504394828155692,1.4098396658652916,2.2190855075265405,2344
flemira01,Rasheer Fleming,PHO,22,stl_pct,1.6,1.6523069793592204,1.16897709456047,2.281592508770909,673
fontesi01,Simone Fontecchio,MIA,31,stl_pct,1.5,1.3430630356223672,0.961358887212324,1.9259220548298766,1173
foxde01,De'Aaron Fox,SAS,29,stl_pct,1.9,2.1410698590031925,1.800470042052915,2.6097158837141636,2231
furphjo01,Johnny Furphy,IND,22,stl_pct,1.5,1.7672851178686109,1.2839552330698605,2.3965706472802992,643
gaffoda01,Daniel Gafford,DAL,28,stl_pct,1.7,1.458702676227562,1.0769985278175187,2.0415616954350715,1195
gardnmy01,Myron Gardner,MIA,25,stl_pct,2.3,2.066450108240542,1.5831202234417914,2.69573563765223,411
garlada01,Darius Garland,2TM,27,stl_pct,1.6,1.7507514123364343,1.369047263926391,2.333610431543944,1344
garzalu01,Luka Garza,BOS,28,stl_pct,1.2,1.2785965272412088,0.8968923788311656,1.8614555464487181,1118
georgke01,Keyonte George,UTA,23,stl_pct,1.5,1.2075593940413467,0.8258552456313035,1.7904184132488563,1786
georgky01,Kyshawn George,WAS,23,stl_pct,1.6,1.7137354714716146,1.3320313230615715,2.2965944906791242,1391
georgpa01,Paul George,PHI,36,stl_pct,2.6,2.3988368500156088,2.017132701605566,2.981695869223118,1135
giddejo01,Josh Giddey,CHI,24,stl_pct,1.5,1.5427251260922619,1.1610209776822187,2.1255841452997712,1731
gilgesh01,Shai Gilgeous-Alexander,OKC,28,stl_pct,2.0,2.301193666301012,1.9605938493507347,2.7698396910119834,2259
gillan01,Anthony Gill,WAS,34,stl_pct,1.5,1.454098471681912,0.9707685868831616,2.0833840010936004,951
gilleco01,Collin Gillespie,PHO,27,stl_pct,2.1,2.0367456443254515,1.696145827375174,2.5053916690364226,2282
goberru01,Rudy Gobert,MIN,34,stl_pct,1.2,1.197189470622801,0.8565896536725235,1.6658354953337722,2380
gonzahu01,Hugo González,BOS,20,stl_pct,2.0,1.9871294964767274,1.503799611677977,2.616415025888416,1084
goodwjo01,Jordan Goodwin,PHO,28,stl_pct,3.3,2.7980144212378892,2.4163102728278463,3.3808734404453986,1572
gordoaa01,Aaron Gordon,DEN,31,stl_pct,1.0,1.0339035254201914,0.5505736406214409,1.6631890548318795,1005
grantje01,Jerami Grant,POR,32,stl_pct,1.2,1.2482256897486348,0.8665215413385916,1.8310847089561442,1695
greenaj01,A.J. Green,MIL,27,stl_pct,0.8,0.8950808614532708,0.5544810445029933,1.363726886164242,2270
greendr01,Draymond Green,GSW,36,stl_pct,1.6,1.878394231487719,1.5377944145374414,2.34704025619869,1869
greenja02,Javonte Green,DET,33,stl_pct,3.4,2.8726247386753623,2.4909205902653193,3.4554837578828717,1446
greenja05,Jalen Green,PHO,24,stl_pct,2.0,1.3780809961627984,0.894751111364048,2.007366525574487,828
greenjo02,Josh Green,CHO,26,stl_pct,1.9,1.7480361868683638,1.2647063020696132,2.377321716280052,908
grimequ01,Quentin Grimes,PHI,26,stl_pct,1.4,1.5579563272417079,1.2173565102914303,2.026602351952679,2206
gueyemo02,Mouhamed Gueye,ATL,24,stl_pct,2.4,2.28391650215457,1.9022123537445268,2.8667755213620794,1179
hachiru01,Rui Hachimura,LAL,28,stl_pct,1.0,1.1064546487450608,0.7658548317947833,1.575100673456032,1927
hardati02,Tim Hardaway Jr.,DEN,34,stl_pct,1.0,0.9975993211963013,0.6569995042460238,1.4662453459072724,2127
hardeja01,James Harden,2TM,37,stl_pct,1.6,1.6702596005385126,1.3296597835882351,2.1389056252494836,2438
hardyja02,Jaden Hardy,2TM,24,stl_pct,0.8,1.1420893440673343,0.6587594592685838,1.7713748734790227,898
harklej01,Elijah Harkless,UTA,26,stl_pct,2.7,2.3195561576457964,1.8362262728470458,2.9488416870574845,545
harpedy01,Dylan Harper,SAS,20,stl_pct,1.7,1.7497371227604157,1.3680329743503725,2.332596141967925,1558
harpero02,Ron Harper Jr.,BOS,26,stl_pct,1.6,1.6048604977046368,1.1215306129058864,2.234146027116325,318
harriga01,Gary Harris,MIL,32,stl_pct,2.0,1.8656609485983722,1.3823310637996218,2.4949464780100605,661
harrito02,Tobias Harris,DET,34,stl_pct,1.6,1.5685243034010279,1.1868201549909847,2.1513833226085373,1746
harteis01,Isaiah Hartenstein,OKC,28,stl_pct,2.0,1.8478029622145231,1.46609881380448,2.4306619814220327,1137
hartjo01,Josh Hart,NYK,31,stl_pct,1.9,1.7688994353038137,1.4282996183535361,2.237545460014785,1994
hausesa01,Sam Hauser,BOS,29,stl_pct,1.0,1.1530650247310306,0.812465207780753,1.6217110494420017,1934
hawkijo01,Jordan Hawkins,NOP,24,stl_pct,0.9,1.0008818115313396,0.5175519267325891,1.6301673409430277,692
hayesja02,Jaxson Hayes,LAL,26,stl_pct,1.2,1.3821371721887084,1.0004330237786652,1.9649961913962177,1207
hayeski01,Killian Hayes,SAC,25,stl_pct,2.5,1.9644814960368735,1.481151611238123,2.5937670254485616,406
hendesc01,Scoot Henderson,POR,22,stl_pct,1.7,1.685453908991491,1.2021240241927407,2.3147394384031794,748
hendrta01,Taylor Hendricks,2TM,23,stl_pct,2.1,1.9181831650303722,1.536479016620329,2.501042184237882,1118
herroty01,Tyler Herro,MIA,27,stl_pct,1.0,1.166005846406323,0.6826759616075725,1.7952913758180111,1033
hieldbu01,Buddy Hield,2TM,34,stl_pct,2.3,1.8560516230353492,1.3727217382365988,2.4853371524470376,819
hinsobl01,Blake Hinson,UTA,27,stl_pct,0.8,1.1907829614176375,0.707453076618887,1.8200684908293256,285
holidaa01,Aaron Holiday,HOU,30,stl_pct,1.7,1.491327854198257,1.0079979693995065,2.1206133836099452,781
holidjr01,Jrue Holiday,POR,36,stl_pct,1.7,1.5444829580348802,1.162778809624837,2.1273419772423896,1560
hollaro01,Ron Holland,DET,21,stl_pct,2.9,2.43649866807105,2.054794519661007,3.0193576872785592,1551
holmgch01,Chet Holmgren,OKC,24,stl_pct,1.0,1.091658390418548,0.7510585734682704,1.5603044151295191,1997
horfoal01,Al Horford,GSW,40,stl_pct,1.5,0.9401719386820205,0.45684205388327004,1.5694574680937088,969
howarje01,Jett Howard,ORL,23,stl_pct,0.7,0.9666160985263612,0.4832862137276107,1.5959016279380496,695
huertke01,Kevin Huerter,2TM,28,stl_pct,1.9,1.7524648133353622,1.370760664925319,2.335323832542872,1549
huffja01,Jay Huff,IND,28,stl_pct,1.1,1.121433244131732,0.7397290957216889,1.7042922633392417,1719
hukpoar01,Ariel Hukporti,NYK,24,stl_pct,0.9,1.151107047432504,0.6677771626337535,1.7803925768441924,498
huntede01,De'Andre Hunter,2TM,29,stl_pct,1.2,1.2859858074699337,0.9042816590598906,1.8688448266774431,1176
hylanbo01,Bones Hyland,MIN,26,stl_pct,1.8,1.856011203064407,1.4743070546543637,2.4388702222719165,1177
ighodos01,Oso Ighodaro,PHO,24,stl_pct,2.0,1.7375690611037642,1.355864912693721,2.320428080311274,1808
ingrabr01,Brandon Ingram,TOR,29,stl_pct,1.1,1.1880866665586114,0.8474868496083339,1.6567326912695826,2604
isaacjo01,Jonathan Isaac,ORL,29,stl_pct,1.8,2.305746790092134,1.8224169052933834,2.935032319503822,521
iveyja01,Jaden Ivey,2TM,24,stl_pct,1.6,1.3745533613927068,0.8912234765939563,2.003838890804395,670
jacksan01,Andre Jackson Jr.,MIL,25,stl_pct,2.3,1.7732464066685998,1.2899165218698494,2.402531936080288,408
jacksgg01,GG Jackson II,MEM,22,stl_pct,1.2,1.2516381276487918,0.8699339792387486,1.8344971468563012,1178
jacksis01,Isaiah Jackson,2TM,25,stl_pct,1.9,1.935779619468356,1.4524497346696057,2.5650651488800444,908
jacksja02,Jaren Jackson Jr.,2TM,27,stl_pct,1.7,1.7511562659499618,1.3694521175399186,2.3340152851574714,1454
jacksqu01,Quenton Jackson,IND,28,stl_pct,1.6,1.802775673609449,1.3194457888106985,2.4320612030211373,897
jackstr02,Trayce Jackson-Davis,2TM,26,stl_pct,1.7,1.3375497874412001,0.8542199026424496,1.9668353168528885,496
jakucka01,Kasparas Jakučionis,MIA,20,stl_pct,1.6,1.67149702806677,1.1881671432680196,2.3007825574784584,945
jamesbr02,Bronny James,LAL,22,stl_pct,2.5,2.17796157666402,1.6946316918652693,2.807247106075708,375
jamesle01,LeBron James,LAL,42,stl_pct,1.8,0.34300608536689703,0.002406268416619506,0.8116521100778682,1989
jamessi01,Sion James,CHO,24,stl_pct,1.4,1.4056204132265986,1.065020596276321,1.8742664379375698,1843
jaqueja01,Jaime Jaquez Jr.,MIA,25,stl_pct,1.1,1.5898777602014098,1.2492779432511323,2.058523784912381,2121
jenkida01,Daniss Jenkins,DET,25,stl_pct,2.1,2.049157512039261,1.6674533636292177,2.6320165312467703,1455
jeromty01,Ty Jerome,MEM,29,stl_pct,2.2,2.442320833579648,1.9589909487808974,3.071606362991336,339
joeis01,Isaiah Joe,OKC,27,stl_pct,1.6,1.4702900922435016,1.0885859438334584,2.053149111451011,1507
johnsaj01,AJ Johnson,2TM,22,stl_pct,1.1,1.1772348937371608,0.6939050089384103,1.8065204231488492,454
johnsca02,Cameron Johnson,DEN,30,stl_pct,1.2,1.3508219789937375,0.9691178305836943,1.9336809982012468,1647
johnsch06,Chaney Johnson,BRK,24,stl_pct,2.1,1.8823139688988701,1.3989840841001198,2.5115994983105585,348
johnsja05,Jalen Johnson,ATL,25,stl_pct,1.7,1.7775169003202342,1.4369170833699567,2.2461629250312054,2532
johnske04,Keldon Johnson,SAS,27,stl_pct,1.2,1.2094174957229535,0.868817678772676,1.6780635204339247,1911
johnske10,Keshad Johnson,MIA,25,stl_pct,2.5,2.1078844220326403,1.6245545372338897,2.7371699514443284,280
johnstr03,Tre Johnson,WAS,20,stl_pct,1.1,1.2474347376620047,0.8657305892519616,1.8302937568695143,1443
jokicni01,Nikola Jokić,DEN,31,stl_pct,2.0,2.089524405713865,1.7489245887635876,2.5581704304248363,2265
jonesde02,Derrick Jones Jr.,LAC,29,stl_pct,1.7,1.7699100386887592,1.388205890278716,2.3527690578962686,1350
joneshe01,Herbert Jones,NOP,28,stl_pct,2.7,2.43518209117073,2.053477942760687,3.018041110378239,1588
joneska03,Kam Jones,IND,24,stl_pct,1.4,1.4571547766015986,0.9738248918028481,2.086440306013287,616
jonessp01,Spencer Jones,DEN,25,stl_pct,1.8,1.7973283595658056,1.4156242111557624,2.380187378773315,1417
jonestr01,Tre Jones,CHI,27,stl_pct,2.0,1.8162958149851938,1.4345916665751506,2.399154834192703,1752
jonesty01,Tyus Jones,3TM,30,stl_pct,1.8,1.6336825420974277,1.150352657298677,2.262968071509116,979
jovicni01,Nikola Jović,MIA,23,stl_pct,1.5,1.5490210194336427,1.0656911346348923,2.178306548845331,808
kalkbry01,Ryan Kalkbrenner,CHO,25,stl_pct,1.1,1.2098293017511075,0.8281251533410643,1.792688320958617,1479
kennalu01,Luke Kennard,2TM,30,stl_pct,1.6,1.4631829023634384,1.0814787539533952,2.0460419215709478,1681
kispeco01,Corey Kispert,2TM,27,stl_pct,0.7,0.8196141272528737,0.33628424245412325,1.448899656664562,1080
klebima01,Maxi Kleber,LAL,35,stl_pct,1.9,1.2380065330238352,0.7546766482250847,1.8672920624355234,461
knechda01,Dalton Knecht,LAL,25,stl_pct,1.0,0.9935073769897461,0.5101774921909956,1.6227929064014344,553
knuepko01,Kon Knueppel,CHO,21,stl_pct,1.1,1.1706649328571277,0.8300651159068502,1.6393109575680989,2551
kolekty01,Tyler Kolek,NYK,25,stl_pct,1.5,1.6532353345295796,1.169905449730829,2.2825208639412677,727
kolokch01,Christian Koloko,3TM,26,stl_pct,1.9,1.588673577204075,1.1053436924053246,2.2179591066157633,357
konanya01,Yanic Konan Niederhäuser,LAC,23,stl_pct,0.6,1.0460052909226452,0.5626754061238947,1.6752908203343333,424
konchjo01,John Konchar,2TM,30,stl_pct,3.5,2.690275751683352,2.3085716032733092,3.2731347708908616,1115
kornelu01,Luke Kornet,SAS,31,stl_pct,1.1,1.202125953122206,0.8204218047121627,1.7849849723297155,1430
krejcvi01,Vít Krejčí,2TM,26,stl_pct,1.6,1.4972340925958478,1.1155299441858046,2.0800931118033574,1392
kuminjo01,Jonathan Kuminga,2TM,24,stl_pct,1.3,1.4242884323236975,0.940958547524947,2.0535739617353856,830
kuzmaky01,Kyle Kuzma,MIL,31,stl_pct,1.3,1.0330757558239516,0.6513716074139084,1.615934775031461,1806
landajo01,Jock Landale,2TM,31,stl_pct,1.1,1.1990059535339594,0.8173018051239163,1.7818649727414688,1506
laniech01,Chaz Lanier,DET,25,stl_pct,1.3,1.5155541959497727,1.032224311151022,2.144839725361461,262
laravja01,Jake LaRavia,LAL,25,stl_pct,2.5,2.2881166823670327,1.9475168654167552,2.756762707078004,2061
larsspe01,Pelle Larsson,MIA,25,stl_pct,1.2,1.4474914523062734,1.1068916353559959,1.9161374770172446,1849
lavinza01,Zach LaVine,SAC,31,stl_pct,1.1,1.1247181236213288,0.7430139752112856,1.7075771428288382,1224
leonaka01,Kawhi Leonard,LAC,35,stl_pct,2.9,2.6100382070488237,2.2694383900985464,3.078684231759795,2085
leonsma01,Malevy Leons,GSW,27,stl_pct,2.5,2.0399470644250273,1.5566171796262767,2.6692325938367154,276
leverca01,Caris LeVert,DET,32,stl_pct,2.1,1.8661872431873008,1.4844830947772576,2.4490462623948104,1154
liddeej01,E.J. Liddell,BRK,26,stl_pct,0.9,1.2152514943503065,0.731921609551556,1.844537023761995,349
liveris01,Isaiah Livers,PHO,28,stl_pct,1.9,1.62900136802486,1.1456714832261095,2.258286897436548,347
looneke01,Kevon Looney,NOP,30,stl_pct,1.4,1.5390977626220874,1.055767877823337,2.1683832920337758,308
lopezbr01,Brook Lopez,LAC,38,stl_pct,1.4,1.194736631466358,0.8130324830563147,1.7775956506738675,1635
loveca01,Caleb Love,POR,25,stl_pct,1.3,1.4000048167174957,0.9166749319187452,2.029290346129184,1013
loveke01,Kevin Love,UTA,38,stl_pct,1.1,1.49984530554562,1.0165154207468694,2.129130834957308,613
maluakh01,Khaman Maluach,PHO,20,stl_pct,0.6,1.0927150390761027,0.6093851542773522,1.722000568487791,411
mamuksa01,Sandro Mamukelashvili,TOR,27,stl_pct,1.8,1.5972391186607724,1.2155349702507292,2.1800981378682818,1751
mannte01,Terance Mann,BRK,30,stl_pct,1.3,1.30779559939914,0.9260914509890967,1.8906546186066495,1529
manntr01,Tre Mann,CHO,25,stl_pct,1.9,1.9668312931223404,1.48350140832359,2.5961168225340288,669
markkla01,Lauri Markkanen,UTA,29,stl_pct,1.4,1.3087169345535243,0.9270127861434811,1.8915759537610337,1443
marshna01,Naji Marshall,DAL,29,stl_pct,1.8,1.8136783228639035,1.473078505913626,2.2823243475748747,2184
martica02,Caleb Martin,DAL,31,stl_pct,2.2,1.7342658626640377,1.250935977865287,2.363551392075726,856
martity01,Tyrese Martin,2TM,27,stl_pct,1.6,1.4131450453597647,0.9298151605610142,2.042430574771453,777
mashaja01,Jahmai Mashack,MEM,24,stl_pct,2.6,2.2981887624980977,1.814858877699347,2.927474291909786,673
mathube01,Bennedict Mathurin,2TM,24,stl_pct,1.3,1.175440282847037,0.7937361344369938,1.7582993020545463,1620
matkoka01,Karlo Matković,NOP,25,stl_pct,1.3,1.3756640081537452,0.8923341233549947,2.0049495375654334,912
maxeyty01,Tyrese Maxey,PHI,26,stl_pct,2.4,2.0215261404753946,1.680926323525117,2.4901721651863657,2661
mbengbe01,Bez Mbeng,UTA,23,stl_pct,3.2,2.6623909239341166,2.179061039135366,3.2916764533458047,492
mcbrimi01,Miles McBride,NYK,26,stl_pct,1.6,1.8273521251480673,1.3440222403493167,2.4566376545597555,1080
mccaija01,Jared McCain,2TM,22,stl_pct,1.5,1.4802758603866186,1.0985717119765754,2.063134879594128,1160
mccolcj01,CJ McCollum,2TM,35,stl_pct,1.3,1.3284673413665267,0.9878675244162491,1.7971133660774978,2264
mccontj01,T.J. McConnell,IND,34,stl_pct,2.8,2.6770158108532796,2.193685926054529,3.3063013402649677,963
mcdanja02,Jaden McDaniels,MIN,26,stl_pct,1.7,1.762514717606436,1.4219149006561584,2.231160742317407,2316
mcderdo01,Doug McDermott,SAC,35,stl_pct,0.7,0.9090284300433247,0.4256985452445742,1.5383139594550128,439
mcgowbr01,Bryce McGowens,NOP,24,stl_pct,1.5,1.404737036737504,0.9214071519387536,2.034022566149192,880
mclaujo01,Jordan McLaughlin,SAS,30,stl_pct,3.4,2.5682961849728048,2.084966300174054,3.197581714384493,282
mcneeli01,Liam McNeeley,CHO,21,stl_pct,0.7,1.139118883353794,0.6557889985550435,1.768404412765482,368
meltode01,De'Anthony Melton,GSW,28,stl_pct,3.3,2.9347809601141104,2.5530768117040674,3.5176399793216198,1125
merrisa01,Sam Merrill,CLE,30,stl_pct,1.2,1.3331943421391974,0.9514901937291542,1.916053361346707,1377
middlkh01,Khris Middleton,2TM,35,stl_pct,1.3,1.5692631258203489,1.1875589774103057,2.1521221450278585,1439
millebr02,Brandon Miller,CHO,24,stl_pct,1.7,1.5364148464511473,1.1958150295008698,2.0050608711621187,1968
millejo02,Jordan Miller,LAC,27,stl_pct,1.7,1.7011016288333194,1.3193974804232762,2.283960648040829,1325
millele01,Leonard Miller,2TM,23,stl_pct,1.1,1.2778686914207602,0.7945388066220097,1.9071542208324486,719
minotjo01,Josh Minott,2TM,24,stl_pct,2.6,2.391804153577415,1.9084742687786642,3.021089682989103,834
missiyv01,Yves Missi,NOP,22,stl_pct,0.7,0.9150284249819796,0.5333242765719364,1.4978874441894892,1297
mitchaj01,Ajay Mitchell,OKC,24,stl_pct,2.3,2.1262070899763703,1.7445029415663271,2.7090661091838797,1473
mitchda01,Davion Mitchell,MIA,28,stl_pct,1.6,1.4916611597688585,1.151061342818581,1.9603071844798297,2000
mitchdo01,Donovan Mitchell,CLE,30,stl_pct,2.1,2.104530533363633,1.7639307164133553,2.573176558074604,2342
mobleev01,Evan Mobley,CLE,25,stl_pct,1.1,1.3265246377360032,0.9859248207857256,1.7951706624469743,2074
monkma01,Malik Monk,SAC,28,stl_pct,1.3,1.354746866601184,0.9730427181911407,1.9376058858086935,1364
moodymo01,Moses Moody,GSW,24,stl_pct,1.8,1.7250701206281556,1.3433659722181124,2.307929139835665,1540
moranja01,Ja Morant,MEM,27,stl_pct,1.7,1.7064916480607306,1.22316176326198,2.3357771774724188,569
murphtr02,Trey Murphy III,NOP,26,stl_pct,2.0,1.7039146282314903,1.3633148112812128,2.1725606529424617,2341
murraco01,Collin Murray-Boyles,TOR,21,stl_pct,2.0,1.9545527989217002,1.572848650511657,2.53741181812921,1246
murrade01,Dejounte Murray,NOP,30,stl_pct,2.8,2.2276816814279625,1.744351796629212,2.8569672108396507,389
murraja01,Jamal Murray,DEN,29,stl_pct,1.2,1.4773398646724525,1.136740047722175,1.9459858893834237,2652
murrake02,Keegan Murray,SAC,26,stl_pct,1.5,1.2990076996283195,0.815677814829569,1.9282932290400079,793
murrakr01,Kris Murray,POR,26,stl_pct,1.8,1.7288937258248231,1.34718957741478,2.3117527450323325,1333
mykhasv01,Svi Mykhailiuk,UTA,29,stl_pct,1.1,1.2244654580599745,0.8427613096499313,1.8073244772674841,1156
nancela02,Larry Nance Jr.,CLE,34,stl_pct,2.2,2.2256629463955293,1.7423330615967787,2.8549484758072174,449
nancepe01,Pete Nance,MIL,26,stl_pct,0.9,1.0818332120479872,0.5985033272492367,1.7111187414596754,737
nembhan01,Andrew Nembhard,IND,27,stl_pct,1.4,1.654286984491736,1.2725828360816929,2.2371460036992454,1786
nembhry01,Ryan Nembhard,DAL,23,stl_pct,1.0,1.1460711187236585,0.7643669703136153,1.728930137931168,1171
nesmiaa01,Aaron Nesmith,IND,27,stl_pct,0.9,1.249559822045072,0.8678556736350289,1.8324188412525815,1335
newelas01,Asa Newell,ATL,21,stl_pct,1.5,1.579085153942848,1.0957552691440977,2.2083706833545365,500
nnajize01,Zeke Nnaji,DEN,26,stl_pct,1.3,1.5230925164703153,1.039762631671565,2.1523780458820037,626
nurkiju01,Jusuf Nurkić,UTA,32,stl_pct,2.3,1.99574304277007,1.5124131579713196,2.6250285721817583,1083
okogijo01,Josh Okogie,HOU,28,stl_pct,2.3,2.515247447793255,2.133543299383212,3.0981064670007643,1354
okongon01,Onyeka Okongwu,ATL,26,stl_pct,1.7,1.4987736297738719,1.1581738128235943,1.967419654484843,2297
okorois01,Isaac Okoro,CHI,26,stl_pct,1.3,1.3924692942748422,1.010765145864799,1.9753283134823518,1695
olbrila01,Lachlan Olbrich,CHI,23,stl_pct,1.6,1.6515726925174858,1.1682428077187352,2.280858221929174,344
olynyke01,Kelly Olynyk,SAS,35,stl_pct,2.0,1.9153183567432155,1.4319884719444649,2.5446038861549036,360
onealro01,Royce O'Neale,PHO,33,stl_pct,1.9,1.7487147666295557,1.4081149496792782,2.2173607913405267,2213
oubreke01,Kelly Oubre Jr.,PHI,31,stl_pct,2.1,2.0045312732501133,1.62282712484007,2.5873902924576226,1574
payneca01,Cameron Payne,PHI,32,stl_pct,3.1,1.9168029050483986,1.433473020249648,2.5460884344600867,374
paytoga02,Gary Payton II,GSW,34,stl_pct,2.8,2.6749969213038516,2.2932927728938086,3.257855940511361,1142
peavymi01,Micah Peavy,NOP,25,stl_pct,2.3,2.171531958533095,1.6882020737343444,2.800817487944783,913
pendano01,Noah Penda,ORL,22,stl_pct,1.9,1.869032423348112,1.3857025385493613,2.4983179527598,757
peterta01,Taelon Peter,IND,24,stl_pct,2.5,2.1714109995787347,1.6880811147799841,2.800696528990423,492
phillju01,Julian Phillips,2TM,23,stl_pct,2.4,1.7629939482531185,1.279664063454368,2.3922794776648066,428
pickeja02,Jalen Pickett,DEN,27,stl_pct,0.8,1.1020989906970344,0.6187691058982839,1.7313845201087226,807
plowdda01,Daeqwon Plowden,SAC,28,stl_pct,1.3,1.3773241075349332,0.8939942227361827,2.0066096369466213,844
podzibr01,Brandin Podziemski,GSW,23,stl_pct,1.8,1.7918012292559753,1.4512014123056978,2.2604472539669462,2333
poeltja01,Jakob Poeltl,TOR,31,stl_pct,1.7,1.657670676033724,1.275966527623681,2.2405296952412335,1149
poolejo01,Jordan Poole,NOP,27,stl_pct,1.1,1.6315599303514254,1.1482300455526748,2.2608454597631136,933
portecr01,Craig Porter Jr.,CLE,26,stl_pct,2.4,1.9878349002159272,1.606130751805884,2.570693919423437,1148
porteke02,Kevin Porter Jr.,MIL,26,stl_pct,3.2,2.7916019009727187,2.4098977525626757,3.374460920180228,1261
portemi01,Michael Porter Jr.,BRK,28,stl_pct,1.6,1.1048930307455482,0.723188882335505,1.6877520499530578,1689
portibo01,Bobby Portis,MIL,31,stl_pct,1.2,1.3713053063058604,0.9896011578958173,1.95416432551337,1619
porzikr01,Kristaps Porziņģis,2TM,31,stl_pct,1.1,1.2234958303982055,0.740165945599455,1.8527813598098937,769
postqu01,Quinten Post,GSW,26,stl_pct,1.1,1.1477890365791463,0.7660848881691031,1.7306480557866557,1159
pottemi01,Micah Potter,IND,28,stl_pct,1.2,1.1945898708734148,0.7112599860746643,1.823875400285103,908
poulajo01,John Poulakidas,DAL,23,stl_pct,1.3,1.5159773624918873,1.032647477693137,2.1452628919035757,253
poweldr01,Drake Powell,BRK,21,stl_pct,1.3,1.380169020732431,0.9984648723223879,1.9630280399399407,1320
poweldw01,Dwight Powell,DAL,35,stl_pct,1.8,1.6838815940294254,1.200551709230675,2.3131671234411137,904
powelno01,Norman Powell,MIA,33,stl_pct,1.7,1.5618840525869335,1.1801799041768903,2.144743071794443,1717
princta02,Taurean Prince,MIL,32,stl_pct,1.3,1.4940821722403355,1.0107522874415849,2.1233677016520236,611
pritcpa01,Payton Pritchard,BOS,29,stl_pct,1.1,1.2596428038382714,0.9190429868879939,1.7282888285492426,2556
proctty01,Tyrese Proctor,CLE,22,stl_pct,2.2,2.0519600444318677,1.5686301596331171,2.681245573843556,545
prospol01,Olivier-Maxence Prosper,MEM,24,stl_pct,1.9,1.8152828966894183,1.331953011890668,2.4445684261011067,984
queende01,Derik Queen,NOP,22,stl_pct,2.0,1.9888749883547534,1.6482751714044759,2.4575210130657243,2023
quetane01,Neemias Queta,BOS,27,stl_pct,1.6,1.4447225479884427,1.1041227310381652,1.9133685726994138,1926
quickim01,Immanuel Quickley,TOR,27,stl_pct,2.0,1.584334086377552,1.2437342694272744,2.052980111088523,2231
randlju01,Julius Randle,MIN,32,stl_pct,1.6,1.2647095722592125,0.924109755308935,1.7333555969701837,2610
raynama01,Maxime Raynaud,SAC,23,stl_pct,0.9,1.0117703742408055,0.671170557290528,1.4804163989517767,1964
reathdu01,Duop Reath,POR,30,stl_pct,0.9,1.233180969316947,0.7498510845181966,1.8624664987286352,258
reaveau01,Austin Reaves,LAL,28,stl_pct,1.6,1.4739343302553272,1.092230181845284,2.0567933494628368,1762
reedpa01,Paul Reed,DET,27,stl_pct,3.1,2.6768094397389506,2.1934795549402,3.3060949691506387,901
reeseju01,Julian Reese,WAS,23,stl_pct,2.1,1.9425439375213,1.4592140527225497,2.5718294669329884,402
reidna01,Naz Reid,MIN,27,stl_pct,1.8,1.5317555995184187,1.1911557825681411,2.00040162422939,2007
richaja02,Jase Richardson,ORL,21,stl_pct,1.6,1.6400356309780413,1.156705746179291,2.2693211603897296,587
richani01,Nick Richards,2TM,29,stl_pct,0.7,0.729593292909518,0.24626340811076752,1.3588788223212063,701
richawi02,Will Richard,GSW,24,stl_pct,2.8,2.578796219654373,2.19709207124433,3.1616552388618824,1377
rileywi01,Will Riley,WAS,20,stl_pct,1.6,1.6645192450637551,1.282815096653712,2.2473782642712647,1633
risacza01,Zaccharie Risacher,ATL,21,stl_pct,1.9,1.622554712447369,1.2408505640373257,2.2054137316548785,1503
robindu01,Duncan Robinson,DET,32,stl_pct,1.0,1.1016589895230693,0.7610591725727918,1.5703050142340405,2113
robinje02,Jeremiah Robinson-Earl,2TM,26,stl_pct,1.2,1.4343897697943302,0.9510598849955797,2.0636752992060186,361
robinmi01,Mitchell Robinson,NYK,28,stl_pct,2.4,2.3199774659986603,1.938273317588617,2.9028364852061697,1175
rolliry01,Ryan Rollins,MIL,24,stl_pct,2.3,2.255311138349362,1.9147113213990845,2.723957163060333,2376
ruperra01,Rayan Rupert,2TM,22,stl_pct,2.4,1.9378517052415638,1.4545218204428134,2.567137234653252,1072
russeda01,D'Angelo Russell,DAL,30,stl_pct,1.1,1.4615308787564654,0.9782009939577149,2.0908164081681537,495
ryanco01,Cormac Ryan,MIL,28,stl_pct,2.0,1.820610075731285,1.3372801909325345,2.449895605142973,271
sabondo01,Domantas Sabonis,SAC,30,stl_pct,1.5,1.1347024194860422,0.6513725346872917,1.7639879488977304,564
salauti01,Tidjane Salaün,CHO,21,stl_pct,1.4,1.294589617754166,0.8112597329554155,1.9238751471658544,575
sandeko01,Kobe Sanders,LAC,24,stl_pct,1.8,1.7480661132185518,1.3663619648085086,2.3309251324260614,1351
santogu01,Gui Santos,GSW,24,stl_pct,2.1,1.8834970783863105,1.5017929299762673,2.46635609759382,1395
sarafbe01,Ben Saraf,BRK,20,stl_pct,2.1,2.0545266034890086,1.571196718690258,2.6838121329006968,916
sarral01,Alex Sarr,WAS,21,stl_pct,1.4,1.3434141287019696,0.9617099802919264,1.926273147909479,1305
sassema01,Marcus Sasser,DET,26,stl_pct,2.1,1.8570799319264866,1.3737500471277362,2.486365461338175,457
scheiba01,Baylor Scheierman,BOS,26,stl_pct,1.5,1.5974631371816488,1.2157589887716056,2.1803221563891584,1429
schrode01,Dennis Schröder,2TM,33,stl_pct,1.6,1.4365990552294068,1.0548949068193636,2.0194580744369164,1697
sengual01,Alperen Şengün,HOU,24,stl_pct,1.8,1.7294623608503263,1.3888625439000488,2.1981083855612975,2398
sensabr01,Brice Sensabaugh,UTA,23,stl_pct,1.4,1.4387801564357363,1.0570760080256931,2.0216391756432457,1762
sextoco01,Collin Sexton,2TM,28,stl_pct,2.3,1.6873581304968623,1.3056539820868192,2.2702171497043717,1614
shamela01,Landry Shamet,NYK,29,stl_pct,1.3,1.4490939374474905,1.0673897890374473,2.031952956655,1171
shannte01,Terrence Shannon Jr.,MIN,26,stl_pct,1.2,1.2403751673580603,0.7570452825593098,1.8696606967697487,538
sharpda01,Day'Ron Sharpe,BRK,25,stl_pct,2.9,2.3055334602351625,1.9238293118251193,2.888392479442672,1160
sharpsh01,Shaedon Sharpe,POR,23,stl_pct,2.3,1.6904571661667347,1.3087530177566915,2.2733161853742443,1471
sheadja01,Jamal Shead,TOR,24,stl_pct,2.0,1.9056314448998937,1.5650316279496161,2.374277469610865,1852
sheppbe01,Ben Sheppard,IND,25,stl_pct,1.3,1.5066547218941235,1.1249505734840803,2.089513741101633,1390
sheppre01,Reed Sheppard,HOU,22,stl_pct,2.8,2.685638133346982,2.345038316396704,3.154284158057953,2147
siakapa01,Pascal Siakam,IND,32,stl_pct,1.6,1.356154441527653,1.0155546245773754,1.8248004662386241,2057
simonan01,Anfernee Simons,2TM,27,stl_pct,1.0,1.05463450510595,0.6729303566959068,1.6374935243134594,1372
simpskj01,KJ Simpson,2TM,24,stl_pct,3.1,2.12805123034927,1.6447213455505194,2.757336759760958,257
simsje01,Jericho Sims,MIL,28,stl_pct,0.7,0.8145296502309811,0.432825501820938,1.3973886694384907,1318
slawsja01,Jalen Slawson,IND,27,stl_pct,3.1,2.379362233981588,1.8960323491828373,3.008647763393276,311
smallja01,Javon Small,MEM,24,stl_pct,1.9,1.8134430737370175,1.3301131889382671,2.442728603148706,830
smartma01,Marcus Smart,LAL,32,stl_pct,2.4,2.485727111942856,2.104022963532813,3.0685861311503655,1769
smithdr01,Dru Smith,MIA,29,stl_pct,4.1,3.6634334861192785,3.2817293377092356,4.246292505326788,1141
smithja04,Jalen Smith,CHI,26,stl_pct,1.0,0.9337565783155257,0.5520524299054825,1.5166155975230353,1095
smithja05,Jabari Smith Jr.,HOU,23,stl_pct,1.0,0.9757703651543911,0.6351705482041136,1.4444163898653621,2705
smithma02,Malachi Smith,BRK,27,stl_pct,1.7,1.644683890557299,1.1613540057585485,2.2739694199689873,359
smithni01,Nick Smith Jr.,LAL,22,stl_pct,1.2,0.8894867226354078,0.40615683783665735,1.518772252047096,375
sochaje01,Jeremy Sochan,2TM,23,stl_pct,1.8,1.5257174836969571,1.0423875988982068,2.1550030131086455,469
spencca01,Cam Spencer,MEM,26,stl_pct,1.4,1.4290999422215176,1.0473957938114744,2.011958961429027,1714
spencpa01,Pat Spencer,GSW,30,stl_pct,1.9,1.91114590291881,1.5294417545087668,2.4940049221263196,1229
stewais01,Isaiah Stewart,DET,25,stl_pct,0.6,0.7967915251443306,0.41508737673428747,1.37965054435184,1317
strawju01,Julian Strawther,DEN,24,stl_pct,1.4,1.4116986225761536,0.9283687377774031,2.0409841519878418,861
strusma01,Max Strus,CLE,30,stl_pct,0.5,1.1528901349849578,0.6695602501862074,1.7821756643966462,288
suggsja01,Jalen Suggs,ORL,25,stl_pct,3.2,2.7731624167992392,2.3914582683891963,3.3560214360067486,1574
tateja01,Jae'Sean Tate,HOU,31,stl_pct,1.2,1.792517227107674,1.3091873423089235,2.4218027565193623,405
tatumja01,Jayson Tatum,BOS,28,stl_pct,2.1,1.5271747171840473,1.0438448323852967,2.1564602465957354,522
terryda01,Dalen Terry,2TM,24,stl_pct,2.5,2.0988407806631284,1.6155108958643778,2.7281263100748165,551
thomaca02,Cam Thomas,2TM,25,stl_pct,0.5,0.9757039155707157,0.4923740307719652,1.604989444982404,881
thompam01,Amen Thompson,HOU,24,stl_pct,2.0,2.0829173128526257,1.7423174959023482,2.551563337563597,2953
thompau01,Ausar Thompson,DET,24,stl_pct,3.7,3.119201775423097,2.7786019584728194,3.5878478001340683,1896
thompet01,Ethan Thompson,IND,27,stl_pct,1.5,1.5070060333241933,1.0236761485254426,2.1362915627358814,653
thompkl01,Klay Thompson,DAL,36,stl_pct,1.0,1.0969841673840057,0.7152800189739625,1.679843186591515,1497
thybuma01,Matisse Thybulle,POR,29,stl_pct,6.0,4.2174832749051205,3.73415339010637,4.846768804316809,480
tomlina01,Nae'Qwan Tomlin,CLE,26,stl_pct,2.0,1.8961350219424957,1.4128051371437453,2.525420551354184,1004
toppiob01,Obi Toppin,IND,28,stl_pct,1.3,1.3589886181377657,0.8756587333390152,1.988274147549454,424
townska01,Karl-Anthony Towns,NYK,31,stl_pct,1.4,1.3023423711110131,0.9617425541607356,1.7709883958219843,2322
traorno01,Nolan Traoré,BRK,20,stl_pct,1.8,1.830803294027428,1.4490991456173847,2.4136623132349375,1243
trentga02,Gary Trent Jr.,MIL,28,stl_pct,1.2,1.6120490751488865,1.2303449267388433,2.194908094356396,1377
tshieos01,Oscar Tshiebwe,UTA,27,stl_pct,1.7,1.7998217029249548,1.3164918181262042,2.429107232336643,448
turnemy01,Myles Turner,MIL,30,stl_pct,1.3,1.1440761318488155,0.803476314898538,1.6127221565597867,1912
tysonja01,Jaylon Tyson,CLE,24,stl_pct,1.5,1.4744177601178792,1.092713611707836,2.0572767793253885,1777
valanjo01,Jonas Valančiūnas,DEN,34,stl_pct,0.8,1.0345632695654525,0.551233384766702,1.6638487989771407,871
vandeja01,Jarred Vanderbilt,LAL,27,stl_pct,2.4,2.4648153685390986,2.0831112201290556,3.047674387746608,1128
vassede01,Devin Vassell,SAS,26,stl_pct,1.3,1.54807697362904,1.2074771566787625,2.0167229983400112,2044
vincega01,Gabe Vincent,2TM,30,stl_pct,1.5,1.5260873277011417,1.0427574429023911,2.15537285711283,879
vucevni01,Nikola Vučević,2TM,36,stl_pct,1.0,1.0620707086421795,0.6803665602321363,1.6449297278496888,1818
vukcetr01,Tristan Vukcevic,WAS,23,stl_pct,1.6,1.4502533632453938,0.9669234784466433,2.079538892657082,671
wadede01,Dean Wade,CLE,30,stl_pct,1.6,1.6010025495156788,1.2192984011056356,2.1838615687231884,1318
wagnefr01,Franz Wagner,ORL,25,stl_pct,1.5,1.710721689917183,1.2273918051184327,2.3400072193288715,1019
wagnemo01,Moritz Wagner,ORL,29,stl_pct,1.7,1.6655344872308762,1.1822046024321256,2.2948200166425643,427
walkeja01,Jabari Walker,PHI,24,stl_pct,1.5,1.5075431856565722,1.0242133008578218,2.1368287150682606,762
walkeja02,Jarace Walker,IND,23,stl_pct,1.5,1.761162827815122,1.4205630108648444,2.229808852526093,1953
wallaca01,Cason Wallace,OKC,23,stl_pct,3.5,3.0116471703716243,2.671047353421347,3.4802931950825955,2046
wallake01,Keaton Wallace,ATL,27,stl_pct,2.1,2.120064802690334,1.6367349178915833,2.749350332102022,536
walshjo01,Jordan Walsh,BOS,22,stl_pct,2.0,1.8897324415880172,1.508028293177974,2.4725914607955266,1212
walteja01,Ja'Kobe Walter,TOR,22,stl_pct,2.4,2.183821346699823,1.80211719828978,2.7666803659073325,1474
wareke01,Kel'el Ware,MIA,22,stl_pct,1.6,1.5621242766854169,1.1804201282753737,2.1449832958929265,1704
washipj01,P.J. Washington,DAL,28,stl_pct,1.5,1.5805725243553626,1.1988683759453194,2.163431543562872,1736
waterli01,Lindy Waters III,SAS,29,stl_pct,1.0,1.455327100607695,0.9719972158089446,2.0846126300193832,285
watfotr01,Trendon Watford,PHI,26,stl_pct,0.9,1.2268952305362641,0.7435653457375136,1.8561807599479523,864
watkija01,Jamir Watkins,WAS,25,stl_pct,2.5,2.3418354857521626,1.858505600953412,2.9711210151638507,1032
watsope01,Peyton Watson,DEN,24,stl_pct,1.5,1.426482347817082,1.0447781994070389,2.0093413670245917,1598
wellsja01,Jaylen Wells,MEM,23,stl_pct,1.6,1.3574251590819884,0.9757210106719452,1.940284178289498,1821
wembavi01,Victor Wembanyama,SAS,23,stl_pct,1.7,1.7680262086045029,1.4274263916542254,2.236672233315474,1866
weslebl01,Blake Wesley,POR,23,stl_pct,2.1,2.051429496584264,1.5680996117855135,2.6807150259959522,361
westbru01,Russell Westbrook,SAC,38,stl_pct,2.2,2.3814721019088405,2.0408722849585628,2.8501181266198117,1853
whiteco01,Coby White,2TM,26,stl_pct,0.9,1.05763674311115,0.6759325947011068,1.6404957623186593,1249
whitede01,Derrick White,BOS,32,stl_pct,1.7,1.5461095964589742,1.2055097795086966,2.0147556211699453,2625
whitmca01,Cam Whitmore,WAS,22,stl_pct,2.0,1.8194486640933074,1.3361187792945568,2.4487341935049955,354
wiggiaa01,Aaron Wiggins,OKC,28,stl_pct,2.1,1.9241093912841993,1.5424052428741561,2.5069684104917087,1414
wiggian01,Andrew Wiggins,MIA,31,stl_pct,1.7,1.5023875779870994,1.161787761036822,1.9710336026980706,2063
willibr03,Brandon Williams,DAL,27,stl_pct,2.0,1.9829001131028499,1.6011959646928067,2.5657591323103595,1463
willico04,Cody Williams,UTA,22,stl_pct,1.5,1.3925590092517077,1.0108548608416645,1.975418028459217,1631
willigr01,Grant Williams,CHO,28,stl_pct,1.2,1.2228785193428195,0.739548634544069,1.8521640487545077,711
willija06,Jalen Williams,OKC,25,stl_pct,2.0,2.0687304856562334,1.5854006008574828,2.6980160150679215,936
willija07,Jaylin Williams,OKC,24,stl_pct,1.2,1.3002866675137241,0.9185825191036809,1.8831456867212335,1277
willike04,Kenrich Williams,OKC,32,stl_pct,1.8,1.7758885042889165,1.292558619490166,2.4051740337006047,855
willima07,Mark Williams,PHO,25,stl_pct,1.9,1.6734460362668795,1.2917418878568363,2.256305055474389,1416
willipa01,Patrick Williams,CHI,25,stl_pct,1.6,1.57398212375689,1.1922779753468469,2.1568411429643994,1474
williro04,Robert Williams,POR,29,stl_pct,1.7,1.7197747682754168,1.2364448834766661,2.349060297687105,1008
willivi01,Vince Williams Jr.,2TM,26,stl_pct,1.7,1.525421889753189,1.0420920049544384,2.154707419164877,820
willizi01,Zion Williamson,NOP,26,stl_pct,1.6,1.685902600419702,1.3453027834694244,2.154548625130673,1841
willizi02,Ziaire Williams,BRK,25,stl_pct,2.9,2.273138297877771,1.891434149467728,2.8559973170852806,1281
wilsoja03,Jalen Wilson,BRK,26,stl_pct,1.3,1.0822668702476597,0.5989369854489092,1.711552399659348,859
wolfda01,Danny Wolf,BRK,22,stl_pct,1.2,1.3201837361096576,0.9384795876996144,1.9030427553171672,1187
yabusgu01,Guerschon Yabusele,2TM,31,stl_pct,1.2,1.3827726461167835,0.899442761318033,2.012058175528472,1007
yangha01,Yang Hansen,POR,21,stl_pct,0.5,1.0857847126760491,0.6024548278772986,1.7150702420877373,300
youngtr01,Trae Young,2TM,28,stl_pct,1.6,1.6450605702920755,1.1617306854933251,2.274346099703764,384
zubaciv01,Ivica Zubac,2TM,29,stl_pct,0.6,0.8381133700538067,0.4564092216437636,1.4209723892613162,1446
achiupr01,Precious Achiuwa,SAC,27,tov_pct,9.0,10.90984586843742,8.408739967743355,14.14016198380644,1745
adamsst01,Steven Adams,HOU,33,tov_pct,16.7,17.50367920367731,14.595184299790846,21.625494656378624,730
adebaba01,Bam Adebayo,MIA,29,tov_pct,8.3,10.620380155174178,8.515268905416836,12.796478517770149,2365
agbajoc01,Ochai Agbaji,2TM,26,tov_pct,9.4,10.233252588771956,7.3247576848854905,14.35506804147327,973
aldamsa01,Santi Aldama,MEM,26,tov_pct,9.5,9.831960494178384,7.330854593484318,13.062276609547403,1198
alexani01,Nickeil Alexander-Walker,ATL,28,tov_pct,10.9,11.534929074092487,9.429817824335144,13.711027436688457,2603
allengr01,Grayson Allen,PHO,31,tov_pct,10.1,11.390126366738851,8.889020466044785,14.620442482107872,1467
allenja01,Jarrett Allen,CLE,28,tov_pct,10.4,10.859067583195039,8.357961682500973,14.08938369856406,1519
alvarjo01,Jose Alvarado,2TM,28,tov_pct,14.1,12.72993227510316,10.228826374409094,15.96024839047218,1370
anderky01,Kyle Anderson,3TM,33,tov_pct,14.4,13.516158333528928,10.607663429642463,17.63797378623024,853
antetgi01,Giannis Antetokounmpo,MIL,32,tov_pct,13.2,12.29494069535405,9.386445791467585,16.416756148055363,1039
anthoco01,Cole Anthony,MIL,26,tov_pct,21.1,14.962665773354843,12.054170869468377,19.084481226056155,527
anunoog01,OG Anunoby,NYK,29,tov_pct,12.0,10.751313679511368,8.646202429754025,12.927412042107338,2224
avdijde01,Deni Avdija,POR,26,tov_pct,16.0,15.630837028410506,13.525725778653163,17.806935391006476,2199
aytonde01,Deandre Ayton,LAL,28,tov_pct,11.1,11.25165743407178,9.146546184314436,13.42775579666775,1958
baglema01,Marvin Bagley III,2TM,27,tov_pct,11.4,11.220110462972194,8.719004562278128,14.450426578341215,1201
baileac01,Ace Bailey,UTA,20,tov_pct,10.3,10.079631110600106,7.974519860842763,12.255729473196077,1988
ballla01,LaMelo Ball,CHO,25,tov_pct,13.2,12.930043106005016,10.824931856247673,15.106141468600986,2017
balllo01,Lonzo Ball,CLE,29,tov_pct,21.9,17.3968353334186,14.488340429532135,21.518650786119913,728
banchpa01,Paolo Banchero,ORL,24,tov_pct,13.6,12.539593415005882,10.43448216524854,14.715691777601853,2502
banede01,Desmond Bane,ORL,28,tov_pct,10.8,11.591369595525626,9.486258345768283,13.767467958121596,2756
barlodo01,Dominick Barlow,PHI,23,tov_pct,10.9,9.477022417404584,6.975916516710518,12.707338532773605,1689
barneha02,Harrison Barnes,SAS,34,tov_pct,8.8,7.9986857818055626,5.89357453204822,10.174784144401533,1986
barnesc01,Scottie Barnes,TOR,25,tov_pct,14.3,13.429829012275821,11.324717762518478,15.605927374871792,2681
barnhbr01,Brooks Barnhizer,OKC,24,tov_pct,11.7,11.631850793552372,8.723355889665907,15.753666246253687,348
barrerj01,RJ Barrett,TOR,26,tov_pct,9.5,11.173545947884762,8.672440047190696,14.403862063253783,1726
battlja01,Jamison Battle,TOR,25,tov_pct,11.2,8.913122182947795,6.00462727906133,13.034937635649108,517
batumni01,Nicolas Batum,LAC,38,tov_pct,13.2,12.601034026867367,10.099928126173301,15.831350142236388,1295
berinjo01,Joan Beringer,MIN,20,tov_pct,8.8,9.945158169473915,7.03666326558745,14.06697362217523,314
beysa01,Saddiq Bey,NOP,27,tov_pct,5.8,6.445283802904518,4.340172553147175,8.621382165500489,2246
bitadgo01,Goga Bitadze,ORL,27,tov_pct,13.8,14.447008279009118,11.538513375122653,18.56882373171043,972
blackan01,Anthony Black,ORL,23,tov_pct,13.1,14.457446556623161,12.352335306865818,16.633544919219133,1910
blackle01,Leaky Black,WAS,27,tov_pct,11.6,11.313965703109064,8.405470799222599,15.435781155810378,433
bogdabo01,Bogdan Bogdanović,LAC,34,tov_pct,14.2,11.470148194033635,8.56165329014717,15.59196364673495,452
bonaad01,Adem Bona,PHI,23,tov_pct,17.2,17.36506321006489,14.863957309370823,20.59537932543391,1234
bookede01,Devin Booker,PHO,30,tov_pct,12.3,11.573452957152453,9.46834170739511,13.749551319748424,2146
bouyeja01,Jamaree Bouyea,PHO,27,tov_pct,10.7,11.122398352388029,8.213903448501563,15.244213805089341,644
bradlto01,Tony Bradley,2TM,29,tov_pct,11.7,12.107749507747311,9.199254603860846,16.229564960448624,450
branhma01,Malaki Branham,WAS,23,tov_pct,12.4,12.342124412710195,9.43362950882373,16.463939865411508,275
braunch01,Christian Braun,DEN,25,tov_pct,9.0,8.465079668826984,5.963973768132918,11.695395784196005,1399
bridgmi01,Mikal Bridges,NYK,30,tov_pct,7.6,8.979700318127504,6.874589068370161,11.155798680723475,2692
bridgmi02,Miles Bridges,CHO,28,tov_pct,8.5,9.248585166932031,7.143473917174688,11.424683529528002,2387
brookdi01,Dillon Brooks,PHO,31,tov_pct,8.6,8.78906967233565,6.287963771641584,12.019385787704671,1702
brownbr01,Bruce Brown,DEN,30,tov_pct,13.6,12.277644693727417,10.172533443970075,14.453743056323388,1998
brownja02,Jaylen Brown,BOS,30,tov_pct,12.7,11.643630034148558,9.538518784391215,13.819728396744528,2443
brownko01,Kobe Brown,2TM,27,tov_pct,15.1,13.572680368754076,10.66418546486761,17.69449582145539,963
brunsja01,Jalen Brunson,NYK,30,tov_pct,9.5,9.63755130539559,7.532440055638247,11.81364966799156,2590
bryanca01,Carter Bryant,SAS,21,tov_pct,10.4,10.126720724407795,7.218225820521329,14.24853617710911,818
bryanth01,Thomas Bryant,CLE,29,tov_pct,8.6,9.360254570187122,6.4517596663006564,13.482070022888436,732
burtoty01,Tyler Burton,MEM,26,tov_pct,8.2,10.127514379422891,7.219019475536426,14.249329832124204,307
butleji01,Jimmy Butler,GSW,37,tov_pct,9.3,10.036685565662331,7.535579664968266,13.267001681031353,1182
buzelma01,Matas Buzelis,CHI,22,tov_pct,13.0,11.89642852683111,9.791317277073768,14.072526889427081,2248
cainja01,Jamal Cain,ORL,27,tov_pct,9.9,10.46009199285199,7.551597088965524,14.581907445553302,486
caldwke01,Kentavious Caldwell-Pope,MEM,33,tov_pct,13.2,10.952307717251182,8.043812813364717,15.074123169952497,1088
camarto01,Toumani Camara,POR,26,tov_pct,13.1,13.154376580652746,11.049265330895404,15.330474943248717,2731
capelca01,Clint Capela,HOU,32,tov_pct,13.6,11.075269427235598,8.166774523349133,15.197084879936913,926
cardwdy01,Dylan Cardwell,SAC,25,tov_pct,16.2,14.887641516390342,11.979146612503877,19.009456969091655,907
carlsbr01,Branden Carlson,OKC,27,tov_pct,7.5,9.183752950148778,6.275258046262312,13.305568402850092,488
carrica01,Bub Carrington,WAS,21,tov_pct,19.5,16.443646344137893,14.33853509438055,18.61974470673386,2271
cartede02,Devin Carter,SAC,24,tov_pct,13.9,12.535835366931613,9.627340463045147,16.657650819632927,700
carteje01,Jevon Carter,2TM,31,tov_pct,10.2,9.832127464780312,6.9236325608938465,13.953942917481626,867
cartewe01,Wendell Carter Jr.,ORL,27,tov_pct,11.8,11.910308907029867,9.805197657272524,14.086407269625838,2288
carusal01,Alex Caruso,OKC,32,tov_pct,13.0,12.956034493640228,10.047539589753763,17.07784994634154,1020
castlst01,Stephon Castle,SAS,22,tov_pct,18.0,15.267908348546976,13.162797098789634,17.444006711142947,2038
champju01,Justin Champagnie,WAS,25,tov_pct,8.2,9.308458628306358,6.807352727612292,12.53877474367538,1377
champju02,Julian Champagnie,SAS,25,tov_pct,8.4,9.12501252960589,7.019901279848547,11.30111089220186,2266
chandke01,Kennedy Chandler,UTA,24,tov_pct,12.9,12.29906823742169,9.390573333535224,16.420883690123002,355
chrisca02,Cam Christie,LAC,21,tov_pct,12.0,11.338382764143143,8.429887860256677,15.460198216844457,480
chrisma02,Max Christie,DAL,23,tov_pct,10.9,11.129123021807214,9.024011772049871,13.305221384403184,2244
cissemo01,Moussa Cisse,DAL,24,tov_pct,16.6,14.784682626061162,11.876187722174697,18.906498078762475,530
cissosi01,Sidy Cissoko,POR,22,tov_pct,15.8,14.844492003333475,12.343386102639409,18.074808118702496,1435
clarkja02,Jaylen Clark,MIN,25,tov_pct,8.2,7.833480465423624,4.924985561537159,11.955295918124937,888
clarkjo01,Jordan Clarkson,NYK,34,tov_pct,10.0,12.623961594679198,10.122855693985132,15.854277710048219,1279
claxtni01,Nic Claxton,BRK,27,tov_pct,12.3,12.148361517800485,10.043250268043142,14.324459880396455,1920
claytwa01,Walter Clayton,2TM,23,tov_pct,18.4,17.09446486647088,14.593358965776813,20.3247809818399,1410
cliffni01,Nique Clifford,SAC,24,tov_pct,15.4,14.697273300508769,12.592162050751426,16.87337166310474,1882
clingdo01,Donovan Clingan,POR,22,tov_pct,10.9,12.184095553643088,10.078984303885745,14.360193916239059,2094
clownno01,Noah Clowney,BRK,22,tov_pct,12.3,11.371929415584015,8.870823514889949,14.602245530953034,1780
coffeam01,Amir Coffey,2TM,29,tov_pct,6.7,8.094317944640727,5.185823040754261,12.216133397342041,490
colliis01,Isaiah Collier,UTA,22,tov_pct,19.6,21.029025241949004,18.527919341254936,24.259341357318025,1517
collijo01,John Collins,LAC,29,tov_pct,11.6,12.278476693796115,10.173365444038772,14.454575056392086,1872
conlemi01,Mike Conley,MIN,39,tov_pct,12.5,12.856100085504679,9.947605181618213,16.97791553820599,991
connapa01,Pat Connaughton,CHO,34,tov_pct,10.5,11.90562155749979,8.997126653613325,16.027437010201105,297
coopesh01,Sharife Cooper,WAS,25,tov_pct,18.2,16.113991196509335,13.20549629262287,20.235806649210648,700
coulibi01,Bilal Coulibaly,WAS,22,tov_pct,11.6,13.363025625207152,10.861919724513086,16.59334174057617,1468
cowarce01,Cedric Coward,MEM,23,tov_pct,12.7,12.350790042566388,9.849684141872322,15.581106157935409,1598
cryerlj01,LJ Cryer,GSW,25,tov_pct,10.0,10.709666172205512,7.801171268319047,14.831481624906825,292
cunnica01,Cade Cunningham,DET,25,tov_pct,14.8,14.569980527862285,12.464869278104942,16.746078890458257,2172
curryst01,Stephen Curry,GSW,38,tov_pct,11.9,11.95753507971946,9.456429179025394,15.18785119508848,1329
daniedy01,Dyson Daniels,ATL,23,tov_pct,14.0,13.636520851704063,11.53140960194672,15.812619214300033,2520
dasiltr01,Tristan Da Silva,ORL,25,tov_pct,9.4,9.44976402006353,7.344652770306187,11.6258623826595,1899
davisan02,Anthony Davis,DAL,33,tov_pct,10.0,9.844609268628089,6.9361143647416235,13.966424721329403,626
demineg01,Egor Dëmin,BRK,20,tov_pct,15.3,14.294842283515925,11.793736382821859,17.525158398884944,1308
derozde01,DeMar DeRozan,SAC,37,tov_pct,7.4,8.092727016742732,5.987615766985389,10.268825379338702,2406
diabamo01,Moussa Diabaté,CHO,25,tov_pct,14.2,14.097352835457333,11.99224158569999,16.2734511980533,1899
diawamo01,Mohamed Diawara,NYK,21,tov_pct,11.8,11.188354210330504,8.279859306444038,15.310169663031818,634
dickgr01,Gradey Dick,TOR,23,tov_pct,9.2,9.739839466972928,6.831344563086462,13.86165491967424,1067
diengou01,Ousmane Dieng,2TM,23,tov_pct,15.2,13.742945277148156,11.24183937645409,16.973261392517177,1099
dilliro01,Rob Dillingham,2TM,22,tov_pct,18.6,17.400813010177284,14.492318106290819,21.522628462878597,970
divindo01,Donte DiVincenzo,MIN,30,tov_pct,11.8,11.577666245617879,9.472554995860536,13.75376460821385,2494
doncilu01,Luka Dončić,LAL,27,tov_pct,12.8,12.79094177992429,10.685830530166948,14.967040142520261,2289
dortlu01,Luguentz Dort,OKC,27,tov_pct,8.9,8.768474131208402,6.663362881451059,10.944572493804372,1849
dosunay01,Ayo Dosunmu,2TM,27,tov_pct,10.6,11.502799551098613,9.39768830134127,13.678897913694584,1881
drumman01,Andre Drummond,PHI,33,tov_pct,14.0,13.979121643343241,11.478015742649175,17.209437758712262,1231
dunnkr01,Kris Dunn,LAC,32,tov_pct,17.8,16.7398935662611,14.634782316503756,18.915991928857068,2230
dunnry01,Ryan Dunn,PHO,24,tov_pct,12.8,10.289849500536643,7.788743599842578,13.520165615905665,1355
duranke01,Kevin Durant,HOU,38,tov_pct,13.5,13.019668790726376,10.914557540969033,15.195767153322347,2840
durenja01,Jalen Duren,DET,23,tov_pct,11.6,14.300138229330319,12.195026979572976,16.476236591926288,1976
easonta01,Tari Eason,HOU,25,tov_pct,11.7,10.433814419857388,7.932708519163322,13.664130535226409,1549
edeyza01,Zach Edey,MEM,24,tov_pct,18.8,15.084717943946725,12.17622304006026,19.206533396648037,284
edgecvj01,VJ Edgecombe,PHI,21,tov_pct,11.0,10.384867519676536,8.279756269919194,12.560965882272507,2623
edwaran01,Anthony Edwards,MIN,25,tov_pct,10.9,11.251369924670978,9.146258674913636,13.427468287266949,2137
edwarju01,Justin Edwards,PHI,23,tov_pct,9.6,10.25376184526904,7.345266941382574,14.375577297970352,977
elliske01,Keon Ellis,2TM,27,tov_pct,9.0,11.158761411068253,8.657655510374187,14.389077526437273,1478
embiijo01,Joel Embiid,PHI,32,tov_pct,11.4,12.28564769970529,9.784541799011224,15.515963815074311,1201
etienty01,Tyson Etienne,BRK,27,tov_pct,9.0,10.325556601392925,7.41706169750646,14.447372054094238,380
eubandr01,Drew Eubanks,SAC,29,tov_pct,14.2,15.478713662626951,12.570218758740486,19.600529115328264,552
fearsje01,Jeremiah Fears,NOP,20,tov_pct,13.8,13.156281567591158,11.051170317833815,15.332379930187129,2112
filipky01,Kyle Filipowski,UTA,23,tov_pct,14.3,14.069035368164371,11.567929467470305,17.299351483533393,1801
finnedo01,Dorian Finney-Smith,HOU,33,tov_pct,13.9,11.346307524643803,8.437812620757338,15.468122977345118,620
flaggco01,Cooper Flagg,DAL,20,tov_pct,10.7,10.405113516324251,8.300002266566908,12.581211878920222,2344
flemira01,Rasheer Fleming,PHO,22,tov_pct,11.2,11.12704508797662,8.218550184090155,15.248860540677935,673
fontesi01,Simone Fontecchio,MIA,31,tov_pct,8.7,10.519097267139118,8.017991366445052,13.749413382508138,1173
foxde01,De'Aaron Fox,SAS,29,tov_pct,12.4,11.806895170788232,9.70178392103089,13.982993533384203,2231
furphjo01,Johnny Furphy,IND,22,tov_pct,15.0,12.904951772725811,9.996456868839346,17.026767225427125,643
gaffoda01,Daniel Gafford,DAL,28,tov_pct,14.0,12.375822703308986,9.87471680261492,15.606138818678005,1195
gardnmy01,Myron Gardner,MIA,25,tov_pct,11.2,11.237925466058947,8.329430562172481,15.35974091876026,411
garlada01,Darius Garland,2TM,27,tov_pct,15.2,14.25089070530769,11.749784804613624,17.48120682067671,1344
garzalu01,Luka Garza,BOS,28,tov_pct,10.1,10.32593144512996,7.824825544435894,13.556247560498981,1118
georgke01,Keyonte George,UTA,23,tov_pct,13.7,14.580321927807038,12.079216027112972,17.81063804317606,1786
georgky01,Kyshawn George,WAS,23,tov_pct,16.5,14.773361502668468,12.272255601974402,18.00367761803749,1391
georgpa01,Paul George,PHI,36,tov_pct,10.2,12.127418174409929,9.626312273715863,15.35773428977895,1135
giddejo01,Josh Giddey,CHI,24,tov_pct,19.3,17.413411907138585,14.912306006444519,20.643728022507606,1731
gilgesh01,Shai Gilgeous-Alexander,OKC,28,tov_pct,8.7,8.557781767554365,6.4526705177970225,10.733880130150336,2259
gillan01,Anthony Gill,WAS,34,tov_pct,13.3,12.47824977881093,9.569754874924465,16.600065231512243,951
gilleco01,Collin Gillespie,PHO,27,tov_pct,12.4,11.947993482823193,9.84288223306585,14.124091845419164,2282
goberru01,Rudy Gobert,MIN,34,tov_pct,14.5,13.860961662984588,11.755850413227245,16.03706002558056,2380
gonzahu01,Hugo González,BOS,20,tov_pct,12.9,12.298740884197198,9.390245980310732,16.42055633689851,1084
goodwjo01,Jordan Goodwin,PHO,28,tov_pct,10.5,11.470392393886364,8.969286493192298,14.700708509255385,1572
gordoaa01,Aaron Gordon,DEN,31,tov_pct,7.5,10.508992536043024,7.600497632156559,14.630807988744337,1005
grantje01,Jerami Grant,POR,32,tov_pct,12.0,10.905538001727248,8.404432101033182,14.135854117096269,1695
greenaj01,A.J. Green,MIL,27,tov_pct,10.4,9.439227545296957,7.334116295539614,11.615325907892927,2270
greendr01,Draymond Green,GSW,36,tov_pct,25.5,24.460967389560075,22.355856139802732,26.637065752156047,1869
greenja02,Javonte Green,DET,33,tov_pct,8.8,9.328840573526481,6.827734672832415,12.559156688895502,1446
greenja05,Jalen Green,PHO,24,tov_pct,11.6,11.195253985703884,8.286759081817419,15.317069438405198,828
greenjo02,Josh Green,CHO,26,tov_pct,15.3,13.731453862086429,10.822958958199964,17.85326931478774,908
grimequ01,Quentin Grimes,PHI,26,tov_pct,13.4,12.545918908231728,10.440807658474386,14.722017270827699,2206
gueyemo02,Mouhamed Gueye,ATL,24,tov_pct,9.4,9.05566929521954,6.5545633945254735,12.285985410588559,1179
hachiru01,Rui Hachimura,LAL,28,tov_pct,6.3,6.672031923626692,4.566920673869349,8.848130286222663,1927
hardati02,Tim Hardaway Jr.,DEN,34,tov_pct,4.7,6.366621824843702,4.261510575086359,8.542720187439674,2127
hardeja01,James Harden,2TM,37,tov_pct,15.3,16.970714308112573,14.86560305835523,19.14681267070854,2438
hardyja02,Jaden Hardy,2TM,24,tov_pct,11.8,12.366627028377003,9.458132124490538,16.488442481078316,898
harklej01,Elijah Harkless,UTA,26,tov_pct,12.1,12.151385617842488,9.242890713956022,16.273201070543802,545
harpedy01,Dylan Harper,SAS,20,tov_pct,12.3,11.8284492078859,9.327343307191834,15.05876532325492,1558
harpero02,Ron Harper Jr.,BOS,26,tov_pct,6.7,9.296482293146827,6.387987389260362,13.41829774584814,318
harriga01,Gary Harris,MIL,32,tov_pct,15.0,11.662351383107875,8.75385647922141,15.784166835809188,661
harrito02,Tobias Harris,DET,34,tov_pct,8.0,9.032409214195575,6.531303313501509,12.262725329564596,1746
harteis01,Isaiah Hartenstein,OKC,28,tov_pct,19.3,16.749807085305964,14.248701184611898,19.980123200674985,1137
hartjo01,Josh Hart,NYK,31,tov_pct,16.5,15.431954529873382,13.326843280116039,17.608052892469352,1994
hausesa01,Sam Hauser,BOS,29,tov_pct,5.4,5.803244912345985,3.698133662588642,7.9793432749419555,1934
hawkijo01,Jordan Hawkins,NOP,24,tov_pct,11.2,9.141716708936322,6.2332218050498565,13.263532161637634,692
hayesja02,Jaxson Hayes,LAL,26,tov_pct,8.6,12.087600584519732,9.586494683825666,15.317916699888752,1207
hayeski01,Killian Hayes,SAC,25,tov_pct,15.7,13.917454153889857,11.008959250003391,18.03926960659117,406
hendesc01,Scoot Henderson,POR,22,tov_pct,15.9,17.35505135442751,14.446556450541044,21.476866807128822,748
hendrta01,Taylor Hendricks,2TM,23,tov_pct,11.5,10.845243711440212,8.344137810746146,14.075559826809233,1118
herroty01,Tyler Herro,MIA,27,tov_pct,10.2,11.03086606608666,8.122371162200194,15.152681518787972,1033
hieldbu01,Buddy Hield,2TM,34,tov_pct,12.3,11.32535817864373,8.416863274757265,15.447173631345045,819
hinsobl01,Blake Hinson,UTA,27,tov_pct,3.9,7.985691091414364,5.0771961875279,12.107506544115678,285
holidaa01,Aaron Holiday,HOU,30,tov_pct,12.3,11.38543749371883,8.476942589832365,15.507252946420145,781
holidjr01,Jrue Holiday,POR,36,tov_pct,16.2,14.572424998330169,12.071319097636103,17.802741113699188,1560
hollaro01,Ron Holland,DET,21,tov_pct,13.6,12.623472306521188,10.122366405827123,15.853788421890208,1551
holmgch01,Chet Holmgren,OKC,24,tov_pct,10.6,10.7833669203234,8.678255670566058,12.959465282919371,1997
horfoal01,Al Horford,GSW,40,tov_pct,11.1,10.706006895076646,7.797511991190181,14.82782234777796,969
howarje01,Jett Howard,ORL,23,tov_pct,5.3,8.62262616792972,5.714131264043255,12.744441620631033,695
huertke01,Kevin Huerter,2TM,28,tov_pct,10.3,9.606646909629294,7.105541008935228,12.836963024998315,1549
huffja01,Jay Huff,IND,28,tov_pct,10.4,10.146788101595511,7.645682200901446,13.377104216964533,1719
hukpoar01,Ariel Hukporti,NYK,24,tov_pct,25.3,20.282144257260356,17.373649353373892,24.40395970996167,498
huntede01,De'Andre Hunter,2TM,29,tov_pct,11.7,10.393664981398446,7.89255908070438,13.623981096767466,1176
hylanbo01,Bones Hyland,MIN,26,tov_pct,12.2,12.620103479750293,10.118997579056227,15.850419595119313,1177
ighodos01,Oso Ighodaro,PHO,24,tov_pct,19.5,17.42600708885118,14.924901188157113,20.6563232042202,1808
ingrabr01,Brandon Ingram,TOR,29,tov_pct,11.5,12.492576903820172,10.38746565406283,14.668675266416143,2604
isaacjo01,Jonathan Isaac,ORL,29,tov_pct,11.8,9.645999300451587,6.737504396565122,13.767814753152901,521
iveyja01,Jaden Ivey,2TM,24,tov_pct,12.9,14.112705174518963,11.204210270632498,18.234520627220277,670
jacksan01,Andre Jackson Jr.,MIL,25,tov_pct,18.9,19.16568545978372,16.257190555897257,23.287500912485033,408
jacksgg01,GG Jackson II,MEM,22,tov_pct,12.8,11.31750915976016,8.816403259066094,14.547825275129181,1178
jacksis01,Isaiah Jackson,2TM,25,tov_pct,17.0,14.501883393577913,11.593388489691447,18.623698846279225,908
jacksja02,Jaren Jackson Jr.,2TM,27,tov_pct,11.7,10.740590941313508,8.239485040619442,13.970907056682528,1454
jacksqu01,Quenton Jackson,IND,28,tov_pct,14.0,12.702297637558482,9.793802733672017,16.824113090259797,897
jackstr02,Trayce Jackson-Davis,2TM,26,tov_pct,12.3,11.6957226507262,8.787227746839735,15.817538103427513,496
jakucka01,Kasparas Jakučionis,MIA,20,tov_pct,15.8,14.516992087872941,11.608497183986476,18.638807540574255,945
jamesbr02,Bronny James,LAL,22,tov_pct,17.5,14.859099055646281,11.950604151759816,18.980914508347595,375
jamesle01,LeBron James,LAL,42,tov_pct,14.5,12.11038338331949,10.005272133562148,14.286481745915461,1989
jamessi01,Sion James,CHO,24,tov_pct,13.5,13.04112003074687,10.936008780989527,15.21721839334284,1843
jaqueja01,Jaime Jaquez Jr.,MIA,25,tov_pct,13.1,13.094847499419917,10.989736249662574,15.270945862015887,2121
jenkida01,Daniss Jenkins,DET,25,tov_pct,15.3,14.433343302342035,11.932237401647969,17.663659417711056,1455
jeromty01,Ty Jerome,MEM,29,tov_pct,10.1,11.815724606653674,8.907229702767209,15.937540059354987,339
joeis01,Isaiah Joe,OKC,27,tov_pct,7.0,7.280567571796746,4.7794616711026805,10.510883687165766,1507
johnsaj01,AJ Johnson,2TM,22,tov_pct,13.4,12.680646848080652,9.772151944194187,16.802462300781965,454
johnsca02,Cameron Johnson,DEN,30,tov_pct,8.2,8.989418727660668,6.488312826966602,12.219734843029688,1647
johnsch06,Chaney Johnson,BRK,24,tov_pct,15.5,13.733567258905202,10.825072355018737,17.855382711606516,348
johnsja05,Jalen Johnson,ATL,25,tov_pct,14.9,13.673716253038247,11.568605003280904,15.849814615634218,2532
johnske04,Keldon Johnson,SAS,27,tov_pct,7.4,8.418031511946538,6.312920262189195,10.594129874542508,1911
johnske10,Keshad Johnson,MIA,25,tov_pct,10.0,10.732583255669155,7.82408835178269,14.854398708370468,280
johnstr03,Tre Johnson,WAS,20,tov_pct,11.9,11.492509214186775,8.99140331349271,14.722825329555796,1443
jokicni01,Nikola Jokić,DEN,31,tov_pct,15.3,13.884463930387664,11.779352680630321,16.060562292983633,2265
jonesde02,Derrick Jones Jr.,LAC,29,tov_pct,8.7,9.82733634923477,7.326230448540704,13.057652464603791,1350
joneshe01,Herbert Jones,NOP,28,tov_pct,12.6,12.71380344179902,10.212697541104955,15.94411955716804,1588
joneska03,Kam Jones,IND,24,tov_pct,17.3,15.411998829924029,12.503503926037563,19.533814282625343,616
jonessp01,Spencer Jones,DEN,25,tov_pct,9.8,9.832781792432254,7.331675891738188,13.063097907801275,1417
jonestr01,Tre Jones,CHI,27,tov_pct,11.4,12.63645462299906,10.135348722304995,15.866770738368082,1752
jonesty01,Tyus Jones,3TM,30,tov_pct,10.1,10.25372956935285,7.345234665466384,14.375545022054162,979
jovicni01,Nikola Jović,MIA,23,tov_pct,15.4,13.084514137805069,10.176019233918604,17.206329590506382,808
kalkbry01,Ryan Kalkbrenner,CHO,25,tov_pct,15.3,14.44022298328575,11.939117082591684,17.67053909865477,1479
kennalu01,Luke Kennard,2TM,30,tov_pct,11.2,12.294395207964456,9.79328930727039,15.524711323333477,1681
kispeco01,Corey Kispert,2TM,27,tov_pct,9.3,9.866527256116502,6.9580323522300365,13.988342708817814,1080
klebima01,Maxi Kleber,LAL,35,tov_pct,16.8,15.881424319713892,12.972929415827426,20.003239772415206,461
knechda01,Dalton Knecht,LAL,25,tov_pct,10.3,7.607709677897176,4.699214774010711,11.72952513059849,553
knuepko01,Kon Knueppel,CHO,21,tov_pct,12.0,11.288496804482222,9.183385554724879,13.464595167078192,2551
kolekty01,Tyler Kolek,NYK,25,tov_pct,17.6,15.843605598464183,12.935110694577718,19.965421051165496,727
kolokch01,Christian Koloko,3TM,26,tov_pct,16.6,14.570724385119368,11.662229481232902,18.692539837820682,357
konanya01,Yanic Konan Niederhäuser,LAC,23,tov_pct,15.3,13.785659584690162,10.877164680803697,17.907475037391475,424
konchjo01,John Konchar,2TM,30,tov_pct,13.8,14.571027209410435,12.069921308716369,17.801343324779456,1115
kornelu01,Luke Kornet,SAS,31,tov_pct,8.0,8.870272182904394,6.369166282210328,12.100588298273415,1430
krejcvi01,Vít Krejčí,2TM,26,tov_pct,8.3,11.267594397064506,8.76648849637044,14.497910512433528,1392
kuminjo01,Jonathan Kuminga,2TM,24,tov_pct,14.6,11.31694110900829,8.408446205121825,15.438756561709603,830
kuzmaky01,Kyle Kuzma,MIL,31,tov_pct,13.4,13.131636022258654,10.630530121564588,16.361952137627675,1806
landajo01,Jock Landale,2TM,31,tov_pct,9.0,10.287529945767568,7.7864240450735025,13.517846061136588,1506
laniech01,Chaz Lanier,DET,25,tov_pct,3.2,7.48903411789677,4.5805392140103045,11.610849570598084,262
laravja01,Jake LaRavia,LAL,25,tov_pct,12.9,13.765365194195379,11.660253944438036,15.94146355679135,2061
larsspe01,Pelle Larsson,MIA,25,tov_pct,13.3,11.961457383542193,9.85634613378485,14.137555746138164,1849
lavinza01,Zach LaVine,SAC,31,tov_pct,10.8,12.416202627840644,9.915096727146578,15.646518743209665,1224
leonaka01,Kawhi Leonard,LAC,35,tov_pct,8.4,9.100117242662416,6.995005992905073,11.276215605258386,2085
leonsma01,Malevy Leons,GSW,27,tov_pct,13.9,13.005487976652953,10.096993072766487,17.127303429354267,276
leverca01,Caris LeVert,DET,32,tov_pct,16.1,12.558584223593888,10.057478322899822,15.788900338962907,1154
liddeej01,E.J. Liddell,BRK,26,tov_pct,10.9,11.495797767660688,8.587302863774223,15.617613220362003,349
liveris01,Isaiah Livers,PHO,28,tov_pct,14.8,12.746603535950564,9.838108632064099,16.86841898865188,347
looneke01,Kevon Looney,NOP,30,tov_pct,12.3,12.565633838147667,9.657138934261202,16.68744929084898,308
lopezbr01,Brook Lopez,LAC,38,tov_pct,9.6,9.173218354616228,6.672112453922162,12.40353446998525,1635
loveca01,Caleb Love,POR,25,tov_pct,10.8,10.738768482519898,7.830273578633433,14.86058393522121,1013
loveke01,Kevin Love,UTA,38,tov_pct,12.1,11.208317355858883,8.299822451972418,15.330132808560197,613
maluakh01,Khaman Maluach,PHO,20,tov_pct,17.4,14.82740258282116,11.918907678934694,18.949218035522474,411
mamuksa01,Sandro Mamukelashvili,TOR,27,tov_pct,8.7,8.97611722369314,6.475011322999075,12.206433339062162,1751
mannte01,Terance Mann,BRK,30,tov_pct,15.0,11.254499960696725,8.753394060002659,14.484816076065744,1529
manntr01,Tre Mann,CHO,25,tov_pct,14.6,14.065753421481993,11.157258517595528,18.187568874183306,669
markkla01,Lauri Markkanen,UTA,29,tov_pct,6.4,7.633158278375855,5.132052377681788,10.863474393744875,1443
marshna01,Naji Marshall,DAL,29,tov_pct,11.1,12.265838048991496,10.160726799234153,14.441936411587466,2184
martica02,Caleb Martin,DAL,31,tov_pct,15.6,13.521074566269634,10.612579662383169,17.64289001897095,856
martity01,Tyrese Martin,2TM,27,tov_pct,12.1,12.580969424251075,9.67247452036461,16.70278487695239,777
mashaja01,Jahmai Mashack,MEM,24,tov_pct,18.9,16.636254599528822,13.727759695642357,20.758070052230135,673
mathube01,Bennedict Mathurin,2TM,24,tov_pct,12.5,11.724937784116744,9.223831883422678,14.955253899485765,1620
matkoka01,Karlo Matković,NOP,25,tov_pct,11.8,12.432834069338707,9.524339165452242,16.55464952204002,912
maxeyty01,Tyrese Maxey,PHI,26,tov_pct,9.2,8.739121534846312,6.634010285088969,10.915219897442283,2661
mbengbe01,Bez Mbeng,UTA,23,tov_pct,16.5,14.658490051228465,11.749995147342,18.780305503929778,492
mcbrimi01,Miles McBride,NYK,26,tov_pct,7.2,7.143511171913698,4.235016268027232,11.26532662461501,1080
mccaija01,Jared McCain,2TM,22,tov_pct,10.0,10.205033667698286,7.70392776700422,13.435349783067306,1160
mccolcj01,CJ McCollum,2TM,35,tov_pct,9.7,9.671221031644125,7.566109781886782,11.847319394240095,2264
mccontj01,T.J. McConnell,IND,34,tov_pct,12.1,14.003361635114903,11.094866731228437,18.125177087816216,963
mcdanja02,Jaden McDaniels,MIN,26,tov_pct,12.9,11.4533307947907,9.348219545033357,13.62942915738667,2316
mcderdo01,Doug McDermott,SAC,35,tov_pct,8.3,8.732742272760438,5.824247368873973,12.854557725461753,439
mcgowbr01,Bryce McGowens,NOP,24,tov_pct,5.7,7.871447722629672,4.962952818743208,11.993263175330986,880
mclaujo01,Jordan McLaughlin,SAS,30,tov_pct,15.5,13.349479376171466,10.440984472285,17.47129482887278,282
mcneeli01,Liam McNeeley,CHO,21,tov_pct,10.4,10.443189947752986,7.53469504386652,14.5650054004543,368
meltode01,De'Anthony Melton,GSW,28,tov_pct,13.5,11.756490343857644,9.255384443163578,14.986806459226663,1125
merrisa01,Sam Merrill,CLE,30,tov_pct,7.5,7.121494575267188,4.620388674573121,10.351810690636208,1377
middlkh01,Khris Middleton,2TM,35,tov_pct,15.3,14.792472220021093,12.291366319327027,18.022788335390114,1439
millebr02,Brandon Miller,CHO,24,tov_pct,12.5,11.467586823254742,9.362475573497399,13.643685185850712,1968
millejo02,Jordan Miller,LAC,27,tov_pct,11.7,12.277627243429755,9.77652134273569,15.507943358798777,1325
millele01,Leonard Miller,2TM,23,tov_pct,11.2,11.20473742257241,8.296242518685945,15.326552875273723,719
minotjo01,Josh Minott,2TM,24,tov_pct,13.4,12.314052019999208,9.405557116112742,16.435867472700522,834
missiyv01,Yves Missi,NOP,22,tov_pct,13.7,12.554061550281821,10.052955649587755,15.78437766565084,1297
mitchaj01,Ajay Mitchell,OKC,24,tov_pct,10.9,11.162302714596702,8.661196813902636,14.392618829965723,1473
mitchda01,Davion Mitchell,MIA,28,tov_pct,16.1,16.342240210848708,14.237128961091365,18.51833857344468,2000
mitchdo01,Donovan Mitchell,CLE,30,tov_pct,11.1,10.37775491611486,8.272643666357517,12.55385327871083,2342
mobleev01,Evan Mobley,CLE,25,tov_pct,11.0,11.395149049684033,9.29003779992669,13.571247412280004,2074
monkma01,Malik Monk,SAC,28,tov_pct,11.8,12.6211353870167,10.120029486322634,15.851451502385721,1364
moodymo01,Moses Moody,GSW,24,tov_pct,8.6,8.355390657487778,5.854284756793712,11.585706772856799,1540
moranja01,Ja Morant,MEM,27,tov_pct,16.0,14.726482720956003,11.817987817069538,18.848298173657316,569
murphtr02,Trey Murphy III,NOP,26,tov_pct,9.4,8.789455311261598,6.684344061504255,10.965553673857569,2341
murraco01,Collin Murray-Boyles,TOR,21,tov_pct,13.2,12.28321135523173,9.782105454537664,15.51352747060075,1246
murrade01,Dejounte Murray,NOP,30,tov_pct,18.9,13.408870526536472,10.500375622650006,17.530685979237784,389
murraja01,Jamal Murray,DEN,29,tov_pct,10.0,10.449636370725296,8.344525120967953,12.625734733321266,2652
murrake02,Keegan Murray,SAC,26,tov_pct,7.7,6.910106385293479,4.001611481407014,11.031921837994792,793
murrakr01,Kris Murray,POR,26,tov_pct,13.5,12.829592761926449,10.328486861232383,16.05990887729547,1333
mykhasv01,Svi Mykhailiuk,UTA,29,tov_pct,10.1,11.38907176946265,8.887965868768584,14.61938788483167,1156
nancela02,Larry Nance Jr.,CLE,34,tov_pct,13.4,13.657738055769892,10.749243151883427,17.779553508471206,449
nancepe01,Pete Nance,MIL,26,tov_pct,11.6,11.78403808243305,8.875543178546584,15.905853535134362,737
nembhan01,Andrew Nembhard,IND,27,tov_pct,13.8,14.727133061827418,12.226027161133352,17.957449177196438,1786
nembhry01,Ryan Nembhard,DAL,23,tov_pct,17.4,16.118021133449655,13.61691523275559,19.348337248818677,1171
nesmiaa01,Aaron Nesmith,IND,27,tov_pct,10.1,9.22116859907928,6.720062698385215,12.451484714448302,1335
newelas01,Asa Newell,ATL,21,tov_pct,11.2,10.824603408298767,7.916108504412302,14.94641886100008,500
nnajize01,Zeke Nnaji,DEN,26,tov_pct,13.7,11.803966225767761,8.895471321881296,15.925781678469075,626
nurkiju01,Jusuf Nurkić,UTA,32,tov_pct,19.9,18.91364845176781,16.005153547881346,23.035463904469122,1083
okogijo01,Josh Okogie,HOU,28,tov_pct,11.2,11.366844359117657,8.865738458423591,14.597160474486678,1354
okongon01,Onyeka Okongwu,ATL,26,tov_pct,11.8,11.055767859890212,8.950656610132869,13.231866222486182,2297
okorois01,Isaac Okoro,CHI,26,tov_pct,8.3,8.636419521937487,6.135313621243421,11.866735637306508,1695
olbrila01,Lachlan Olbrich,CHI,23,tov_pct,14.5,13.186524217697166,10.2780293138107,17.308339670398478,344
olynyke01,Kelly Olynyk,SAS,35,tov_pct,17.6,19.149788431143122,16.24129352725666,23.271603883844435,360
onealro01,Royce O'Neale,PHO,33,tov_pct,13.8,12.220938567570746,10.115827317813403,14.397036930166717,2213
oubreke01,Kelly Oubre Jr.,PHI,31,tov_pct,10.2,9.522648585198393,7.021542684504327,12.752964700567414,1574
payneca01,Cameron Payne,PHI,32,tov_pct,6.5,10.274058889382058,7.3655639854955925,14.39587434208337,374
paytoga02,Gary Payton II,GSW,34,tov_pct,12.5,12.479005295215387,9.977899394521321,15.709321410584408,1142
peavymi01,Micah Peavy,NOP,25,tov_pct,6.5,7.476488957618773,4.567994053732308,11.598304410320086,913
pendano01,Noah Penda,ORL,22,tov_pct,15.8,14.457641149496606,11.54914624561014,18.57945660219792,757
peterta01,Taelon Peter,IND,24,tov_pct,14.1,13.118669624701376,10.21017472081491,17.24048507740269,492
phillju01,Julian Phillips,2TM,23,tov_pct,7.7,8.479068410804125,5.570573506917659,12.600883863505437,428
pickeja02,Jalen Pickett,DEN,27,tov_pct,12.4,12.070852950686849,9.162358046800383,16.19266840338816,807
plowdda01,Daeqwon Plowden,SAC,28,tov_pct,8.0,8.852766967515041,5.944272063628576,12.974582420216354,844
podzibr01,Brandin Podziemski,GSW,23,tov_pct,11.9,11.233779313496633,9.12866806373929,13.409877676092604,2333
poeltja01,Jakob Poeltl,TOR,31,tov_pct,13.9,14.556617810983317,12.055511910289251,17.786933926352336,1149
poolejo01,Jordan Poole,NOP,27,tov_pct,12.3,13.37790687902671,10.469411975140245,17.499722331728023,933
portecr01,Craig Porter Jr.,CLE,26,tov_pct,17.6,16.90771249764426,14.406606596950192,20.13802861301328,1148
porteke02,Kevin Porter Jr.,MIL,26,tov_pct,15.9,15.496102116582932,12.994996215888866,18.726418231951953,1261
portemi01,Michael Porter Jr.,BRK,28,tov_pct,10.3,8.724244245204767,6.223138344510701,11.954560360573787,1689
portibo01,Bobby Portis,MIL,31,tov_pct,7.8,8.636319412189295,6.135213511495229,11.866635527558316,1619
porzikr01,Kristaps Porziņģis,2TM,31,tov_pct,8.2,8.794286166398695,5.88579126251223,12.916101619100008,769
postqu01,Quinten Post,GSW,26,tov_pct,10.9,10.938640112950836,8.43753421225677,14.168956228319857,1159
pottemi01,Micah Potter,IND,28,tov_pct,12.2,13.773848274700322,10.865353370813857,17.895663727401637,908
poulajo01,John Poulakidas,DAL,23,tov_pct,4.1,8.083631253144684,5.175136349258219,12.205446705845997,253
poweldr01,Drake Powell,BRK,21,tov_pct,13.3,12.374289473488428,9.873183572794362,15.60460558885745,1320
poweldw01,Dwight Powell,DAL,35,tov_pct,21.4,18.986263753074468,16.077768849188004,23.10807920577578,904
powelno01,Norman Powell,MIA,33,tov_pct,9.7,9.150264847832572,6.649158947138506,12.380580963201592,1717
princta02,Taurean Prince,MIL,32,tov_pct,13.8,12.585584572415124,9.677089668528659,16.70740002511644,611
pritcpa01,Payton Pritchard,BOS,29,tov_pct,8.7,8.95890256370281,6.853791313945468,11.135000926298781,2556
proctty01,Tyrese Proctor,CLE,22,tov_pct,14.0,13.019012062752616,10.11051715886615,17.14082751545393,545
prospol01,Olivier-Maxence Prosper,MEM,24,tov_pct,10.5,8.997356855596008,6.088861951709543,13.119172308297323,984
queende01,Derik Queen,NOP,22,tov_pct,18.0,16.927173641759175,14.822062392001833,19.103272004355148,2023
quetane01,Neemias Queta,BOS,27,tov_pct,11.5,12.178564581712632,10.073453331955289,14.354662944308602,1926
quickim01,Immanuel Quickley,TOR,27,tov_pct,9.3,9.62570486775829,7.520593618000948,11.801803230354261,2231
randlju01,Julius Randle,MIN,32,tov_pct,13.2,14.067715026474584,11.962603776717241,16.243813389070553,2610
raynama01,Maxime Raynaud,SAC,23,tov_pct,11.2,11.051227932853976,8.946116683096633,13.227326295449947,1964
reathdu01,Duop Reath,POR,30,tov_pct,8.4,9.034032947757316,6.125538043870851,13.15584840045863,258
reaveau01,Austin Reaves,LAL,28,tov_pct,14.0,13.348232852942031,10.847126952247965,16.57854896831105,1762
reedpa01,Paul Reed,DET,27,tov_pct,13.0,12.430292140447303,9.521797236560838,16.552107593148616,901
reeseju01,Julian Reese,WAS,23,tov_pct,18.8,15.805083847501773,12.896588943615308,19.926899300203086,402
reidna01,Naz Reid,MIN,27,tov_pct,12.0,11.003384465696016,8.898273215938673,13.179482828291986,2007
richaja02,Jase Richardson,ORL,21,tov_pct,10.7,10.451029947507456,7.54253504362099,14.57284540020877,587
richani01,Nick Richards,2TM,29,tov_pct,19.4,15.98801814037598,13.079523236489514,20.109833593077294,701
richawi02,Will Richard,GSW,24,tov_pct,12.5,12.161768448286324,9.660662547592258,15.392084563655345,1377
rileywi01,Will Riley,WAS,20,tov_pct,11.9,11.487900904293083,8.986795003599017,14.718217019662102,1633
risacza01,Zaccharie Risacher,ATL,21,tov_pct,9.2,8.99920129911484,6.498095398420775,12.229517414483862,1503
robindu01,Duncan Robinson,DET,32,tov_pct,6.7,9.527917867502797,7.422806617745454,11.704016230098768,2113
robinje02,Jeremiah Robinson-Earl,2TM,26,tov_pct,10.0,11.886068740166749,8.977573836280284,16.00788419286806,361
robinmi01,Mitchell Robinson,NYK,28,tov_pct,14.0,13.461772766208151,10.960666865514085,16.69208888157717,1175
rolliry01,Ryan Rollins,MIL,24,tov_pct,15.5,14.91406187250255,12.808950622745208,17.090160235098523,2376
ruperra01,Rayan Rupert,2TM,22,tov_pct,14.0,14.014242093207297,11.105747189320832,18.13605754590861,1072
russeda01,D'Angelo Russell,DAL,30,tov_pct,15.9,12.765889137839403,9.857394233952938,16.887704590540718,495
ryanco01,Cormac Ryan,MIL,28,tov_pct,13.0,12.391777181826026,9.48328227793956,16.51359263452734,271
sabondo01,Domantas Sabonis,SAC,30,tov_pct,16.7,16.630653008744662,13.722158104858197,20.752468461445975,564
salauti01,Tidjane Salaün,CHO,21,tov_pct,12.8,12.137964037155717,9.229469133269252,16.25977948985703,575
sandeko01,Kobe Sanders,LAC,24,tov_pct,16.4,15.389013694022179,12.887907793328113,18.6193298093912,1351
santogu01,Gui Santos,GSW,24,tov_pct,16.6,16.012087786061947,13.510981885367881,19.24240390143097,1395
sarafbe01,Ben Saraf,BRK,20,tov_pct,22.5,19.623203582286077,16.714708678399614,23.74501903498739,916
sarral01,Alex Sarr,WAS,21,tov_pct,10.2,10.131677656046682,7.630571755352616,13.361993771415701,1305
sassema01,Marcus Sasser,DET,26,tov_pct,14.4,14.131735787905841,11.223240884019376,18.253551240607155,457
scheiba01,Baylor Scheierman,BOS,26,tov_pct,11.7,11.43989098579806,8.938785085103994,14.67020710116708,1429
schrode01,Dennis Schröder,2TM,33,tov_pct,14.7,13.683519055811944,11.182413155117878,16.913835171180963,1697
sengual01,Alperen Şengün,HOU,24,tov_pct,15.0,13.295397555158761,11.190286305401418,15.471495917754732,2398
sensabr01,Brice Sensabaugh,UTA,23,tov_pct,11.6,12.808081702373375,10.30697580167931,16.038397817742396,1762
sextoco01,Collin Sexton,2TM,28,tov_pct,14.2,13.276347573060487,10.775241672366421,16.50666368842951,1614
shamela01,Landry Shamet,NYK,29,tov_pct,7.0,8.572446106905085,6.071340206211019,11.802762222274104,1171
shannte01,Terrence Shannon Jr.,MIN,26,tov_pct,10.6,11.105848203063806,8.19735329917734,15.22766365576512,538
sharpda01,Day'Ron Sharpe,BRK,25,tov_pct,20.0,16.904534461184152,14.403428560490086,20.134850576553173,1160
sharpsh01,Shaedon Sharpe,POR,23,tov_pct,13.3,11.903231970679634,9.402126069985568,15.133548086048656,1471
sheadja01,Jamal Shead,TOR,24,tov_pct,16.8,16.548654967876722,14.443543718119379,18.724753330472694,1852
sheppbe01,Ben Sheppard,IND,25,tov_pct,9.1,7.828368221880383,5.327262321186316,11.058684337249403,1390
sheppre01,Reed Sheppard,HOU,22,tov_pct,11.1,11.194752393198595,9.089641143441252,13.370850755794566,2147
siakapa01,Pascal Siakam,IND,32,tov_pct,9.5,8.918157148754867,6.813045898997524,11.094255511350838,2057
simonan01,Anfernee Simons,2TM,27,tov_pct,9.1,10.528641585459605,8.027535684765539,13.758957700828624,1372
simpskj01,KJ Simpson,2TM,24,tov_pct,19.0,14.799092634055896,11.89059773016943,18.92090808675721,257
simsje01,Jericho Sims,MIL,28,tov_pct,25.8,24.04709185987034,21.54598595917627,27.27740797523936,1318
slawsja01,Jalen Slawson,IND,27,tov_pct,16.8,14.57961554714844,11.671120643261975,18.701430999849755,311
smallja01,Javon Small,MEM,24,tov_pct,14.7,13.778714109223401,10.870219205336936,17.900529561924714,830
smartma01,Marcus Smart,LAL,32,tov_pct,14.7,15.316121817380084,12.815015916686018,18.546437932749104,1769
smithdr01,Dru Smith,MIA,29,tov_pct,12.9,13.980974539573065,11.479868638879,17.211290654942086,1141
smithja04,Jalen Smith,CHI,26,tov_pct,10.6,9.611214826365703,7.110108925671637,12.841530941734725,1095
smithja05,Jabari Smith Jr.,HOU,23,tov_pct,9.0,8.833315886730162,6.728204636972819,11.009414249326133,2705
smithma02,Malachi Smith,BRK,27,tov_pct,12.0,12.0522708044093,9.143775900522835,16.174086257110613,359
smithni01,Nick Smith Jr.,LAL,22,tov_pct,11.1,11.546518339459716,8.63802343557325,15.668333792161029,375
sochaje01,Jeremy Sochan,2TM,23,tov_pct,13.0,13.473572790619222,10.565077886732757,17.595388243320535,469
spencca01,Cam Spencer,MEM,26,tov_pct,13.1,12.372188872113943,9.871082971419877,15.602504987482963,1714
spencpa01,Pat Spencer,GSW,30,tov_pct,15.6,14.718094479319625,12.216988578625559,17.948410594688646,1229
stewais01,Isaiah Stewart,DET,25,tov_pct,12.7,13.594853865127433,11.093747964433367,16.825169980496455,1317
strawju01,Julian Strawther,DEN,24,tov_pct,9.3,9.494193277196413,6.585698373309947,13.616008729897725,861
strusma01,Max Strus,CLE,30,tov_pct,7.6,11.80739384225833,8.898898938371865,15.929209294959644,288
suggsja01,Jalen Suggs,ORL,25,tov_pct,17.8,15.631879862711354,13.130773962017289,18.862195978080376,1574
tateja01,Jae'Sean Tate,HOU,31,tov_pct,12.3,12.527696873516888,9.619201969630423,16.6495123262182,405
tatumja01,Jayson Tatum,BOS,28,tov_pct,10.8,10.70398787577654,7.795492971890075,14.825803328477853,522
terryda01,Dalen Terry,2TM,24,tov_pct,13.4,14.010518852687087,11.102023948800621,18.1323343053884,551
thomaca02,Cam Thomas,2TM,25,tov_pct,12.1,9.958428481758823,7.049933577872357,14.080243934460135,881
thompam01,Amen Thompson,HOU,24,tov_pct,13.5,13.686261285841006,11.581150036083663,15.862359648436977,2953
thompau01,Ausar Thompson,DET,24,tov_pct,14.3,13.460964518625282,11.35585326886794,15.637062881221253,1896
thompet01,Ethan Thompson,IND,27,tov_pct,10.3,10.838453597727671,7.929958693841206,14.960269050428984,653
thompkl01,Klay Thompson,DAL,36,tov_pct,7.8,9.333321358522753,6.832215457828687,12.563637473891774,1497
thybuma01,Matisse Thybulle,POR,29,tov_pct,16.2,12.758535152985711,9.850040249099246,16.880350605687024,480
tomlina01,Nae'Qwan Tomlin,CLE,26,tov_pct,7.8,8.781927205913105,5.8734323020266395,12.90374265861442,1004
toppiob01,Obi Toppin,IND,28,tov_pct,11.3,9.990754729555801,7.082259825669336,14.112570182257116,424
townska01,Karl-Anthony Towns,NYK,31,tov_pct,13.3,13.177849490501112,11.072738240743769,15.353947853097083,2322
traorno01,Nolan Traoré,BRK,20,tov_pct,19.9,18.022679468676447,15.521573567982381,21.25299558404547,1243
trentga02,Gary Trent Jr.,MIL,28,tov_pct,7.6,6.3314863664122045,3.830380465718138,9.561802481781225,1377
tshieos01,Oscar Tshiebwe,UTA,27,tov_pct,11.2,11.358564290566145,8.45006938667968,15.48037974326746,448
turnemy01,Myles Turner,MIL,30,tov_pct,10.3,10.521362877548984,8.416251627791642,12.697461240144955,1912
tysonja01,Jaylon Tyson,CLE,24,tov_pct,12.1,12.109536838121883,9.608430937427817,15.339852953490904,1777
valanjo01,Jonas Valančiūnas,DEN,34,tov_pct,14.0,13.917933769576422,11.009438865689956,18.039749222277734,871
vandeja01,Jarred Vanderbilt,LAL,27,tov_pct,17.5,16.830036671307415,14.328930770613349,20.060352786676436,1128
vassede01,Devin Vassell,SAS,26,tov_pct,6.9,8.123473386884866,6.018362137127523,10.299571749480837,2044
vincega01,Gabe Vincent,2TM,30,tov_pct,10.7,9.681193905459669,6.772699001573203,13.803009358160981,879
vucevni01,Nikola Vučević,2TM,36,tov_pct,9.2,9.967558983990418,7.4664530832963525,13.19787509935944,1818
vukcetr01,Tristan Vukcevic,WAS,23,tov_pct,14.5,13.418780440327357,10.510285536440891,17.54059589302867,671
wadede01,Dean Wade,CLE,30,tov_pct,5.1,6.694786427415198,4.193680526721131,9.925102542784218,1318
wagnefr01,Franz Wagner,ORL,25,tov_pct,8.9,9.370846671421276,6.462351767534811,13.492662124122589,1019
wagnemo01,Moritz Wagner,ORL,29,tov_pct,7.7,12.269778633764776,9.361283729878311,16.39159408646609,427
walkeja01,Jabari Walker,PHI,24,tov_pct,10.0,10.382703712182941,7.474208808296476,14.504519164884254,762
walkeja02,Jarace Walker,IND,23,tov_pct,14.6,14.61970550974377,12.514594259986428,16.79580387233974,1953
wallaca01,Cason Wallace,OKC,23,tov_pct,10.6,10.032579202183133,7.92746795242579,12.208677564779103,2046
wallake01,Keaton Wallace,ATL,27,tov_pct,13.5,14.154677464363484,11.246182560477019,18.276492917064797,536
walshjo01,Jordan Walsh,BOS,22,tov_pct,10.7,11.525700323840791,9.024594423146725,14.756016439209812,1212
walteja01,Ja'Kobe Walter,TOR,22,tov_pct,7.7,8.718260589728386,6.21715468903432,11.948576705097405,1474
wareke01,Kel'el Ware,MIA,22,tov_pct,8.2,8.997108617114488,6.496002716420422,12.22742473248351,1704
washipj01,P.J. Washington,DAL,28,tov_pct,11.3,11.472184865450973,8.971078964756908,14.702500980819995,1736
waterli01,Lindy Waters III,SAS,29,tov_pct,7.3,8.410027284127672,5.501532380241207,12.531842736828985,285
watfotr01,Trendon Watford,PHI,26,tov_pct,17.5,16.258767084778487,13.350272180892022,20.3805825374798,864
watkija01,Jamir Watkins,WAS,25,tov_pct,10.8,10.73441552763185,7.825920623745384,14.856230980333162,1032
watsope01,Peyton Watson,DEN,24,tov_pct,12.3,10.968310230863052,8.467204330168986,14.198626346232071,1598
wellsja01,Jaylen Wells,MEM,23,tov_pct,8.7,8.646403337297492,6.1452974366034265,11.876719452666514,1821
wembavi01,Victor Wembanyama,SAS,23,tov_pct,10.8,12.849690387208717,10.744579137451375,15.025788749804688,1866
weslebl01,Blake Wesley,POR,23,tov_pct,17.6,17.421619845504367,14.513124941617901,21.54343529820568,361
westbru01,Russell Westbrook,SAC,38,tov_pct,18.5,18.301792567341696,16.196681317584353,20.477890929937665,1853
whiteco01,Coby White,2TM,26,tov_pct,14.9,12.578688709240994,10.077582808546929,15.809004824610014,1249
whitede01,Derrick White,BOS,32,tov_pct,10.1,10.879798851963777,8.774687602206434,13.055897214559748,2625
whitmca01,Cam Whitmore,WAS,22,tov_pct,9.0,9.113678573770128,6.205183669883663,13.235494026471443,354
wiggiaa01,Aaron Wiggins,OKC,28,tov_pct,12.5,10.675691727346797,8.17458582665273,13.906007842715816,1414
wiggian01,Andrew Wiggins,MIA,31,tov_pct,10.3,10.063976464828036,7.958865215070693,12.240074827424007,2063
willibr03,Brandon Williams,DAL,27,tov_pct,14.3,14.156716158036854,11.655610257342788,17.387032273405875,1463
willico04,Cody Williams,UTA,22,tov_pct,11.5,11.913232272965399,9.412126372271333,15.14354838833442,1631
willigr01,Grant Williams,CHO,28,tov_pct,13.0,13.784723576559012,10.876228672672546,17.906539029260326,711
willija06,Jalen Williams,OKC,25,tov_pct,11.1,10.171060435686552,7.262565531800087,14.292875888387865,936
willija07,Jaylin Williams,OKC,24,tov_pct,14.6,13.203401075042276,10.70229517434821,16.433717190411297,1277
willike04,Kenrich Williams,OKC,32,tov_pct,11.9,10.795429312000214,7.886934408113749,14.917244764701529,855
willima07,Mark Williams,PHO,25,tov_pct,11.2,10.927855550453344,8.426749649759278,14.158171665822366,1416
willipa01,Patrick Williams,CHI,25,tov_pct,12.8,12.628624016857334,10.127518116163268,15.858940132226355,1474
williro04,Robert Williams,POR,29,tov_pct,15.1,15.0674780670692,12.158983163182734,19.189293519770512,1008
willivi01,Vince Williams Jr.,2TM,26,tov_pct,18.2,16.792088276344586,13.88359337245812,20.9139037290459,820
willizi01,Zion Williamson,NOP,26,tov_pct,11.1,12.02326120681896,9.918149957061617,14.19935956941493,1841
willizi02,Ziaire Williams,BRK,25,tov_pct,10.7,10.952812058684,8.451706157989934,14.18312817405302,1281
wilsoja03,Jalen Wilson,BRK,26,tov_pct,10.6,10.318694235273902,7.410199331387437,14.440509687975215,859
wolfda01,Danny Wolf,BRK,22,tov_pct,13.0,12.480707518568702,9.979601617874636,15.711023633937721,1187
yabusgu01,Guerschon Yabusele,2TM,31,tov_pct,10.7,11.838985050763073,8.930490146876608,15.960800503464387,1007
yangha01,Yang Hansen,POR,21,tov_pct,21.8,16.418010938731307,13.509516034844841,20.53982639143262,300
youngtr01,Trae Young,2TM,28,tov_pct,15.1,16.634355088082785,13.72586018419632,20.756170540784098,384
zubaciv01,Ivica Zubac,2TM,29,tov_pct,13.6,12.14613663066176,9.645030729967694,15.376452746030779,1446
achiupr01,Precious Achiuwa,SAC,27,xfg_pct,0.5352035554211704,0.5510075092099407,0.5265749289846319,0.5870964560984269,1745
adamsst01,Steven Adams,HOU,33,xfg_pct,0.6323587853335932,0.5857772353425719,0.5580420669252205,0.6301528272910797,730
adebaba01,Bam Adebayo,MIA,29,xfg_pct,0.4741823748253774,0.4842817242398352,0.460932650797138,0.5067985135421422,2365
agbajoc01,Ochai Agbaji,2TM,26,xfg_pct,0.506936349600616,0.4995013306381157,0.47176616222076434,0.5438769225866235,973
aldamsa01,Santi Aldama,MEM,26,xfg_pct,0.4653038647262201,0.4610330534378388,0.43660047321253,0.4971220003263249,1198
alexani01,Nickeil Alexander-Walker,ATL,28,xfg_pct,0.4571155941014942,0.45085481894134594,0.4275057454986488,0.47337160824365304,2603
allengr01,Grayson Allen,PHO,31,xfg_pct,0.40207852709630487,0.4174050057749194,0.3929724255496106,0.45349395266340553,1467
allenja01,Jarrett Allen,CLE,28,xfg_pct,0.5734081508759536,0.5878677660902325,0.5634351858649237,0.6239567129787187,1519
alvarjo01,Jose Alvarado,2TM,28,xfg_pct,0.42402034735401994,0.4291933629022867,0.4047607826769779,0.4652823097907729,1370
anderky01,Kyle Anderson,3TM,33,xfg_pct,0.5043900913585845,0.48399735532856886,0.4562621869112175,0.5283729472770766,853
antetgi01,Giannis Antetokounmpo,MIL,32,xfg_pct,0.6058639948335571,0.576341458521911,0.5486062901045596,0.6207170504704188,1039
anthoco01,Cole Anthony,MIL,26,xfg_pct,0.45545871412253985,0.44564231185015307,0.4179071434328017,0.4900179037986609,527
anunoog01,OG Anunoby,NYK,29,xfg_pct,0.494551600635033,0.4979014944855537,0.47455242104285655,0.5204182837878608,2224
avdijde01,Deni Avdija,POR,26,xfg_pct,0.48814833301154037,0.49117961577960256,0.4678305423369054,0.5136964050819097,2199
aytonde01,Deandre Ayton,LAL,28,xfg_pct,0.5624634609430017,0.5340982454573427,0.5107491720146455,0.5566150347596499,1958
baglema01,Marvin Bagley III,2TM,27,xfg_pct,0.579800876128085,0.5699532437192314,0.5455206634939226,0.6060421906077176,1201
baileac01,Ace Bailey,UTA,20,xfg_pct,0.4441594569734206,0.44580349087071525,0.4224544174280181,0.46832028017302235,1988
ballla01,LaMelo Ball,CHO,25,xfg_pct,0.41374329469078125,0.42105309345883757,0.3977040200161404,0.4435698827611447,2017
balllo01,Lonzo Ball,CLE,29,xfg_pct,0.3987995876664684,0.40777647112477466,0.3800413027074233,0.4521520630732825,728
banchpa01,Paolo Banchero,ORL,24,xfg_pct,0.4980893211598549,0.48154299579275284,0.4581939223500557,0.5040597850950599,2502
banede01,Desmond Bane,ORL,28,xfg_pct,0.4687180022653691,0.46210243272071655,0.4387533592780194,0.48461922202302365,2756
barlodo01,Dominick Barlow,PHI,23,xfg_pct,0.5700430410145335,0.5504275777199872,0.5259949974946784,0.5865165246084734,1689
barneha02,Harrison Barnes,SAS,34,xfg_pct,0.4408392735117833,0.45374739579439927,0.4303983223517021,0.47626418509670637,1986
barnesc01,Scottie Barnes,TOR,25,xfg_pct,0.5113093847851207,0.4921847380988419,0.46883566465614473,0.514701527401149,2681
barnhbr01,Brooks Barnhizer,OKC,24,xfg_pct,0.49369063819894654,0.48079144665940843,0.4530562782420571,0.5251670386079162,348
barrerj01,RJ Barrett,TOR,26,xfg_pct,0.5014939815981436,0.5063280342573006,0.48189545403199174,0.5424169811457867,1726
battlja01,Jamison Battle,TOR,25,xfg_pct,0.459512722407364,0.43341380260818796,0.4056786341908366,0.4777893945566958,517
batumni01,Nicolas Batum,LAC,38,xfg_pct,0.37276517277976934,0.40406477490989734,0.37963219468458853,0.4401537217983835,1295
berinjo01,Joan Beringer,MIN,20,xfg_pct,0.6632685566189651,0.5729036495558607,0.5451684811385094,0.6172792415043685,314
beysa01,Saddiq Bey,NOP,27,xfg_pct,0.4801581244967692,0.4811177239665916,0.4577686505238944,0.5036345132688986,2246
bitadgo01,Goga Bitadze,ORL,27,xfg_pct,0.6444575062194318,0.604556310957173,0.5768211425398216,0.6489319029056808,972
blackan01,Anthony Black,ORL,23,xfg_pct,0.4811054470146936,0.48117086430013983,0.4578217908574427,0.5036876536024469,1910
blackle01,Leaky Black,WAS,27,xfg_pct,0.435045277730464,0.4598479032029976,0.43211273478564627,0.5042234951515054,433
bogdabo01,Bogdan Bogdanović,LAC,34,xfg_pct,0.41255393782336897,0.42488675668268633,0.397151588265335,0.46926234863119415,452
bonaad01,Adem Bona,PHI,23,xfg_pct,0.6539284344200107,0.6196916081710798,0.595259027945771,0.655780555059566,1234
bookede01,Devin Booker,PHO,30,xfg_pct,0.4473306664190411,0.44321022744600486,0.4198611540033077,0.46572701674831196,2146
bouyeja01,Jamaree Bouyea,PHO,27,xfg_pct,0.4667706636901282,0.46817911295523906,0.4404439445378877,0.5125547049037469,644
bradlto01,Tony Bradley,2TM,29,xfg_pct,0.5804262316112174,0.5336556805778887,0.5059205121605374,0.5780312725263965,450
branhma01,Malaki Branham,WAS,23,xfg_pct,0.48130922910926904,0.4609853823809523,0.43325021396360097,0.5053609743294601,275
braunch01,Christian Braun,DEN,25,xfg_pct,0.5184351136989951,0.5180633578249502,0.49363077759964136,0.5541523047134363,1399
bridgmi01,Mikal Bridges,NYK,30,xfg_pct,0.46804416664004556,0.4602447935367525,0.43689572009405536,0.4827615828390596,2692
bridgmi02,Miles Bridges,CHO,28,xfg_pct,0.46864894405965163,0.4728228361255824,0.44947376268288525,0.4953396254278895,2387
brookdi01,Dillon Brooks,PHO,31,xfg_pct,0.4317476040536699,0.43562654395205197,0.41119396372674316,0.4717154908405381,1702
brownbr01,Bruce Brown,DEN,30,xfg_pct,0.5072557119529295,0.4955457405376012,0.47219666709490404,0.5180625298399083,1998
brownja02,Jaylen Brown,BOS,30,xfg_pct,0.45839869107239767,0.4648749878837803,0.44152591444108313,0.4873917771860874,2443
brownko01,Kobe Brown,2TM,27,xfg_pct,0.4887028934665781,0.4865740883248977,0.4588389199075463,0.5309496802734055,963
brunsja01,Jalen Brunson,NYK,30,xfg_pct,0.4405125143275979,0.4459390229220725,0.42258994947937534,0.4684558122243796,2590
bryanca01,Carter Bryant,SAS,21,xfg_pct,0.47714194474448784,0.47491788014800196,0.4471827117306506,0.5192934720965098,818
bryanth01,Thomas Bryant,CLE,29,xfg_pct,0.4904227099864996,0.49860185148589586,0.4708666830685445,0.5429774434344037,732
burtoty01,Tyler Burton,MEM,26,xfg_pct,0.4483236129668992,0.4565549084763567,0.42881974005900536,0.5009305004248645,307
butleji01,Jimmy Butler,GSW,37,xfg_pct,0.5174899828144679,0.5021313121446196,0.4776987319193108,0.5382202590331058,1182
buzelma01,Matas Buzelis,CHI,22,xfg_pct,0.4903452598972203,0.4896171214274977,0.46626804798480054,0.5121339107298049,2248
cainja01,Jamal Cain,ORL,27,xfg_pct,0.4703573624549162,0.46558083146144724,0.4378456630440959,0.5099564234099551,486
caldwke01,Kentavious Caldwell-Pope,MEM,33,xfg_pct,0.42374832296553794,0.4336306370305386,0.40589546861318726,0.47800622897904643,1088
camarto01,Toumani Camara,POR,26,xfg_pct,0.43925202599645485,0.4652786810129263,0.44192960757022914,0.4877954703152334,2731
capelca01,Clint Capela,HOU,32,xfg_pct,0.6161027126046259,0.6165178391237571,0.5887826707064058,0.660893431072265,926
cardwdy01,Dylan Cardwell,SAC,25,xfg_pct,0.5617513354110971,0.5304542663502277,0.5027190979328764,0.5748298582987356,907
carlsbr01,Branden Carlson,OKC,27,xfg_pct,0.503768118177908,0.4937211162319975,0.46598594781464614,0.5380967081805053,488
carrica01,Bub Carrington,WAS,21,xfg_pct,0.4008262748882804,0.410543148842612,0.38719407539991485,0.4330599381449191,2271
cartede02,Devin Carter,SAC,24,xfg_pct,0.4649165021587197,0.46095371971240257,0.4332185512950512,0.5053293116609103,700
carteje01,Jevon Carter,2TM,31,xfg_pct,0.40066055760773645,0.4094982816952509,0.3817631132778995,0.4538738736437587,867
cartewe01,Wendell Carter Jr.,ORL,27,xfg_pct,0.5037093021245419,0.5013384698068114,0.47798939636411425,0.5238552591091186,2288
carusal01,Alex Caruso,OKC,32,xfg_pct,0.46135652657165954,0.46581070577945294,0.4380755373621016,0.5101862977279608,1020
castlst01,Stephon Castle,SAS,22,xfg_pct,0.5056144290786599,0.49714142184161547,0.4737923483989183,0.5196582111439225,2038
champju01,Justin Champagnie,WAS,25,xfg_pct,0.525199855346187,0.5046065581583622,0.4801739779330534,0.5406955050468484,1377
champju02,Julian Champagnie,SAS,25,xfg_pct,0.4280332392700737,0.4322091576433772,0.40886008420068004,0.4547259469456843,2266
chandke01,Kennedy Chandler,UTA,24,xfg_pct,0.4864776240980407,0.4800369864969458,0.45230181807959446,0.5244125784454536,355
chrisca02,Cam Christie,LAC,21,xfg_pct,0.4791300470181847,0.4753007958947993,0.44756562747744794,0.519676387843307,480
chrisma02,Max Christie,DAL,23,xfg_pct,0.42977652076941475,0.43634785422088274,0.4129987807781856,0.45886464352318984,2244
cissemo01,Moussa Cisse,DAL,24,xfg_pct,0.6695832808663537,0.5843531647045651,0.5566179962872138,0.6287287566530729,530
cissosi01,Sidy Cissoko,POR,22,xfg_pct,0.456352465233114,0.4585659302073326,0.4341333499820238,0.4946548770958188,1435
clarkja02,Jaylen Clark,MIN,25,xfg_pct,0.4916984023915222,0.484636304617314,0.45690113619996264,0.5290118965658218,888
clarkjo01,Jordan Clarkson,NYK,34,xfg_pct,0.4601019367888534,0.4410210399514803,0.4165884597261715,0.4771099868399664,1279
claxtni01,Nic Claxton,BRK,27,xfg_pct,0.5836004830772222,0.5793465010499886,0.5559974276072914,0.6018632903522958,1920
claytwa01,Walter Clayton,2TM,23,xfg_pct,0.4319032242457081,0.4372285598947508,0.412795979669442,0.4733175067832369,1410
cliffni01,Nique Clifford,SAC,24,xfg_pct,0.44571315725829463,0.44841183767431053,0.4250627642316134,0.47092862697661764,1882
clingdo01,Donovan Clingan,POR,22,xfg_pct,0.5406859646228405,0.5490948890261369,0.5257458155834398,0.571611678328444,2094
clownno01,Noah Clowney,BRK,22,xfg_pct,0.4301044848168578,0.43660623294078615,0.41217365271547735,0.47269517982927234,1780
coffeam01,Amir Coffey,2TM,29,xfg_pct,0.45820328908041247,0.4495479720848346,0.42181280366748325,0.4939235640333424,490
colliis01,Isaiah Collier,UTA,22,xfg_pct,0.4836423222850956,0.4762665973618431,0.4518340171365343,0.5123555442503293,1517
collijo01,John Collins,LAC,29,xfg_pct,0.49775944687319923,0.49430720957863405,0.4709581361359369,0.5168239988809411,1872
conlemi01,Mike Conley,MIN,39,xfg_pct,0.3978874332635602,0.41760157745576293,0.3898664090384116,0.46197716940427075,991
connapa01,Pat Connaughton,CHO,34,xfg_pct,0.4342886989121231,0.46076324193847584,0.4330280735211245,0.5051388338869837,297
coopesh01,Sharife Cooper,WAS,25,xfg_pct,0.4990181018421087,0.48987183259536626,0.4621366641780149,0.5342474245438741,700
coulibi01,Bilal Coulibaly,WAS,22,xfg_pct,0.48983404056022894,0.4858675942010252,0.4614350139757164,0.5219565410895114,1468
cowarce01,Cedric Coward,MEM,23,xfg_pct,0.4722411843063708,0.47130077585474245,0.44686819562943364,0.5073897227432286,1598
cryerlj01,LJ Cryer,GSW,25,xfg_pct,0.3773226465282355,0.4149591655516544,0.38722399713430306,0.4593347575001622,292
cunnica01,Cade Cunningham,DET,25,xfg_pct,0.46221208237444833,0.45923853201830905,0.4358894585756119,0.48175532132061616,2172
curryst01,Stephen Curry,GSW,38,xfg_pct,0.4085141708437333,0.4002960753032199,0.3758634950779111,0.43638502219170605,1329
daniedy01,Dyson Daniels,ATL,23,xfg_pct,0.5445976701188289,0.5145846502716549,0.49123557682895774,0.537101439573962,2520
dasiltr01,Tristan Da Silva,ORL,25,xfg_pct,0.44780965108639065,0.45023093302343126,0.4268818595807341,0.47274772232573836,1899
davisan02,Anthony Davis,DAL,33,xfg_pct,0.5245467921490882,0.5188767457742095,0.49114157735685815,0.5632523377227173,626
demineg01,Egor Dëmin,BRK,20,xfg_pct,0.40730898100019264,0.4167977127501621,0.3923651325248533,0.45288665963864827,1308
derozde01,DeMar DeRozan,SAC,37,xfg_pct,0.4429988736955777,0.44062921625578405,0.4172801428130869,0.46314600555809116,2406
diabamo01,Moussa Diabaté,CHO,25,xfg_pct,0.6234830492364288,0.598372179168397,0.5750231057256998,0.6208889684707042,1899
diawamo01,Mohamed Diawara,NYK,21,xfg_pct,0.44291860971836094,0.45024231164643697,0.4225071432290856,0.4946179035949448,634
dickgr01,Gradey Dick,TOR,23,xfg_pct,0.4697193911243349,0.45890279197992995,0.4311676235625786,0.5032783839284377,1067
diengou01,Ousmane Dieng,2TM,23,xfg_pct,0.4376436064689197,0.44601896886338005,0.42158638863807124,0.4821079157518662,1099
dilliro01,Rob Dillingham,2TM,22,xfg_pct,0.4795559834717408,0.473881947755143,0.4461467793377916,0.5182575397036507,970
divindo01,Donte DiVincenzo,MIN,30,xfg_pct,0.40784773889956283,0.42015830893687717,0.39680923549418,0.4426750982391843,2494
doncilu01,Luka Dončić,LAL,27,xfg_pct,0.41522090735315326,0.4240521802391642,0.40070310679646703,0.4465689695414713,2289
dortlu01,Luguentz Dort,OKC,27,xfg_pct,0.41160114921325314,0.4305007610122758,0.40715168756957865,0.4530175503145829,1849
dosunay01,Ayo Dosunmu,2TM,27,xfg_pct,0.513787462055994,0.5088456665163809,0.4854965930736837,0.531362455818688,1881
drumman01,Andre Drummond,PHI,33,xfg_pct,0.5786574643659849,0.5915099572673501,0.5670773770420413,0.6275989041558363,1231
dunnkr01,Kris Dunn,LAC,32,xfg_pct,0.4594443647064441,0.45414735934666967,0.4307982859039725,0.47666414864897677,2230
dunnry01,Ryan Dunn,PHO,24,xfg_pct,0.5000337231823323,0.47329539975795776,0.44886281953264895,0.5093843466464439,1355
duranke01,Kevin Durant,HOU,38,xfg_pct,0.4277788330481613,0.43075674346735715,0.40740767002466,0.45327353276966426,2840
durenja01,Jalen Duren,DET,23,xfg_pct,0.5874758920733586,0.5907468565733143,0.5673977831306172,0.6132636458756213,1976
easonta01,Tari Eason,HOU,25,xfg_pct,0.4756957444805921,0.49329923380501184,0.46886665357970303,0.529388180693498,1549
edeyza01,Zach Edey,MEM,24,xfg_pct,0.5702281427850547,0.5572520572334979,0.5295168888161466,0.6016276491820057,284
edgecvj01,VJ Edgecombe,PHI,21,xfg_pct,0.4671034846942585,0.46668557657768167,0.4433365031349845,0.4892023658799888,2623
edwaran01,Anthony Edwards,MIN,25,xfg_pct,0.4512819687701721,0.4518427070780271,0.42849363363532994,0.4743594963803342,2137
edwarju01,Justin Edwards,PHI,23,xfg_pct,0.4368903235243494,0.45069484392943154,0.4229596755120802,0.49507043587793936,977
elliske01,Keon Ellis,2TM,27,xfg_pct,0.42985714477515047,0.42581632078118403,0.4013837405558752,0.4619052676696702,1478
embiijo01,Joel Embiid,PHI,32,xfg_pct,0.4741919623931694,0.4770555041011244,0.4526229238758156,0.5131444509896106,1201
etienty01,Tyson Etienne,BRK,27,xfg_pct,0.3949228678555952,0.42344108188208424,0.3957059134647329,0.46781667383059206,380
eubandr01,Drew Eubanks,SAC,29,xfg_pct,0.5247696043558415,0.5381962864102802,0.5104611179929288,0.582571878358788,552
fearsje01,Jeremiah Fears,NOP,20,xfg_pct,0.49980675355282095,0.49684206861628016,0.473492995173583,0.5193588579185873,2112
filipky01,Kyle Filipowski,UTA,23,xfg_pct,0.4915464045654308,0.48069877969078917,0.45626619946548036,0.5167877265792753,1801
finnedo01,Dorian Finney-Smith,HOU,33,xfg_pct,0.4307063285662793,0.44672955553454147,0.4189943871171901,0.4911051474830493,620
flaggco01,Cooper Flagg,DAL,20,xfg_pct,0.48095731051507096,0.4795859847650944,0.45623691132239724,0.5021027740674016,2344
flemira01,Rasheer Fleming,PHO,22,xfg_pct,0.4825225571007384,0.4784629942960439,0.45072782587869253,0.5228385862445517,673
fontesi01,Simone Fontecchio,MIA,31,xfg_pct,0.42941224433898306,0.43682613299808076,0.41239355277277195,0.4729150798865669,1173
foxde01,De'Aaron Fox,SAS,29,xfg_pct,0.4654279150715587,0.4545397992961588,0.43119072585346163,0.4770565885984659,2231
furphjo01,Johnny Furphy,IND,22,xfg_pct,0.49201240037804317,0.4804111533539298,0.45267598493657846,0.5247867453024376,643
gaffoda01,Daniel Gafford,DAL,28,xfg_pct,0.6278836442476227,0.6163215252429455,0.5918889450176367,0.6524104721314317,1195
gardnmy01,Myron Gardner,MIA,25,xfg_pct,0.4845768229485553,0.47706320473368063,0.4493280363163293,0.5214387966821884,411
garlada01,Darius Garland,2TM,27,xfg_pct,0.43962586954620086,0.4439691370631011,0.4195365568377923,0.4800580839515872,1344
garzalu01,Luka Garza,BOS,28,xfg_pct,0.5091641923333813,0.5020435451796076,0.4776109649542988,0.5381324920680938,1118
georgke01,Keyonte George,UTA,23,xfg_pct,0.4322289935944022,0.4235496812277435,0.3991171010024347,0.4596386281162297,1786
georgky01,Kyshawn George,WAS,23,xfg_pct,0.4378107455857164,0.43451698462779886,0.41008440440249005,0.47060593151628505,1391
georgpa01,Paul George,PHI,36,xfg_pct,0.4257925874340977,0.4287392385628308,0.404306658337522,0.464828185451317,1135
giddejo01,Josh Giddey,CHI,24,xfg_pct,0.47942465241344423,0.4855974904966328,0.461164910271324,0.521686437385119,1731
gilgesh01,Shai Gilgeous-Alexander,OKC,28,xfg_pct,0.4804181777450739,0.4803257126524373,0.45697663920974013,0.5028425019547444,2259
gillan01,Anthony Gill,WAS,34,xfg_pct,0.540684436060832,0.512670367546913,0.4849351991295616,0.5570459594954208,951
gilleco01,Collin Gillespie,PHO,27,xfg_pct,0.3930779175860824,0.40309109897601464,0.3797420255333175,0.42560788827832174,2282
goberru01,Rudy Gobert,MIN,34,xfg_pct,0.6682814231352873,0.646332506231262,0.6229834327885648,0.6688492955335692,2380
gonzahu01,Hugo González,BOS,20,xfg_pct,0.48624007622414006,0.481592059596025,0.45385689117867367,0.5259676515445328,1084
goodwjo01,Jordan Goodwin,PHO,28,xfg_pct,0.4620374507999187,0.4639941354287066,0.4395615552033978,0.5000830823171928,1572
gordoaa01,Aaron Gordon,DEN,31,xfg_pct,0.48992961042561944,0.5249227807737339,0.49718761235638254,0.5692983727222417,1005
grantje01,Jerami Grant,POR,32,xfg_pct,0.46808629015943737,0.4651666363223711,0.4407340560970623,0.5012555832108573,1695
greenaj01,A.J. Green,MIL,27,xfg_pct,0.37292686706639316,0.3821922093816948,0.35884313593899764,0.4047089986840019,2270
greendr01,Draymond Green,GSW,36,xfg_pct,0.44458784831654746,0.4574344197365174,0.43408534629382023,0.4799512090388245,1869
greenja02,Javonte Green,DET,33,xfg_pct,0.4539569065099822,0.4674177466914201,0.4429851664661113,0.5035066935799063,1446
greenja05,Jalen Green,PHO,24,xfg_pct,0.46292211051440524,0.4544852967447333,0.42675012832738196,0.49886088869324113,828
greenjo02,Josh Green,CHO,26,xfg_pct,0.42810858611074953,0.45512983490058495,0.4273946664832336,0.49950542684909277,908
grimequ01,Quentin Grimes,PHI,26,xfg_pct,0.46837036975072616,0.46034553047402393,0.4369964570313268,0.48286231977633104,2206
gueyemo02,Mouhamed Gueye,ATL,24,xfg_pct,0.5107975684768011,0.5033044636463562,0.47887188342104736,0.5393934105348424,1179
hachiru01,Rui Hachimura,LAL,28,xfg_pct,0.44723200857353734,0.47158416875216624,0.4482350953094691,0.49410095805447335,1927
hardati02,Tim Hardaway Jr.,DEN,34,xfg_pct,0.40115058922268165,0.40954708514653226,0.3861980117038351,0.43206387444883937,2127
hardeja01,James Harden,2TM,37,xfg_pct,0.4332478997886599,0.424055232882803,0.40070615944010585,0.4465720221851101,2438
hardyja02,Jaden Hardy,2TM,24,xfg_pct,0.42267038317676175,0.4387681061517595,0.41103293773440813,0.4831436981002673,898
harklej01,Elijah Harkless,UTA,26,xfg_pct,0.4492375879021629,0.4552036052267561,0.4274684368094048,0.49957919717526394,545
harpedy01,Dylan Harper,SAS,20,xfg_pct,0.5267496712972123,0.5196072774495148,0.49517469722420604,0.555696224338001,1558
harpero02,Ron Harper Jr.,BOS,26,xfg_pct,0.41393086799091977,0.43731362756897896,0.4095784591516276,0.4816892195174868,318
harriga01,Gary Harris,MIL,32,xfg_pct,0.4281202077252567,0.42782827232441756,0.4000931039070662,0.4722038642729254,661
harrito02,Tobias Harris,DET,34,xfg_pct,0.4604305247625767,0.4698365195655279,0.4454039393402191,0.505925466454014,1746
harteis01,Isaiah Hartenstein,OKC,28,xfg_pct,0.5956327388604411,0.5707720340997458,0.5463394538744369,0.6068609809882319,1137
hartjo01,Josh Hart,NYK,31,xfg_pct,0.4903317628871351,0.5053229531610695,0.4819738797183723,0.5278397424633765,1994
hausesa01,Sam Hauser,BOS,29,xfg_pct,0.3793962259779491,0.39052129310199407,0.3671722196592969,0.4130380824043012,1934
hawkijo01,Jordan Hawkins,NOP,24,xfg_pct,0.42202575311634277,0.41945058309701505,0.3917154146796637,0.46382617504552287,692
hayesja02,Jaxson Hayes,LAL,26,xfg_pct,0.637003038551389,0.6081834165702087,0.5837508363448999,0.6442723634586949,1207
hayeski01,Killian Hayes,SAC,25,xfg_pct,0.40898294045523526,0.43231613637583993,0.4045809679584886,0.47669172832434775,406
hendesc01,Scoot Henderson,POR,22,xfg_pct,0.45480376934548616,0.46501456767206983,0.4372793992547185,0.5093901596205777,748
hendrta01,Taylor Hendricks,2TM,23,xfg_pct,0.47302553659979146,0.46576239216214105,0.44132981193683224,0.5018513390506272,1118
herroty01,Tyler Herro,MIA,27,xfg_pct,0.42662347443166093,0.4321219781297398,0.40438680971238844,0.4764975700782476,1033
hieldbu01,Buddy Hield,2TM,34,xfg_pct,0.4267193992911119,0.4229083796073618,0.3951732111900104,0.4672839715558696,819
hinsobl01,Blake Hinson,UTA,27,xfg_pct,0.41852758027493914,0.4411940420227135,0.41345887360536215,0.4855696339712213,285
holidaa01,Aaron Holiday,HOU,30,xfg_pct,0.40439996925675326,0.4181823333223399,0.39044716490498854,0.4625579252708477,781
holidjr01,Jrue Holiday,POR,36,xfg_pct,0.4353306065849216,0.4412654220150566,0.4168328417897478,0.47735436890354277,1560
hollaro01,Ron Holland,DET,21,xfg_pct,0.5000994628987102,0.49365078449651406,0.46921820427120525,0.5297397313850002,1551
holmgch01,Chet Holmgren,OKC,24,xfg_pct,0.5145997491398301,0.5027078499956441,0.47935877655294695,0.5252246392979512,1997
horfoal01,Al Horford,GSW,40,xfg_pct,0.4170449740426904,0.42334422911771785,0.3956090607003665,0.46771982106622567,969
howarje01,Jett Howard,ORL,23,xfg_pct,0.44074332646648817,0.43143201296659567,0.4036968445492443,0.4758076049151035,695
huertke01,Kevin Huerter,2TM,28,xfg_pct,0.45816090386998526,0.4429571781265257,0.4185245979012169,0.47904612501501187,1549
huffja01,Jay Huff,IND,28,xfg_pct,0.4566661149591979,0.45745375202360766,0.43302117179829885,0.4935426989120938,1719
hukpoar01,Ariel Hukporti,NYK,24,xfg_pct,0.6045104541340791,0.5350030179002991,0.5072678494829478,0.579378609848807,498
huntede01,De'Andre Hunter,2TM,29,xfg_pct,0.43963386100546137,0.44446375752689815,0.42003117730158934,0.48055270441538434,1176
hylanbo01,Bones Hyland,MIN,26,xfg_pct,0.4361277877030624,0.4374984759870759,0.4130658957617671,0.4735874228755621,1177
ighodos01,Oso Ighodaro,PHO,24,xfg_pct,0.5933402158379211,0.5627758667122409,0.5383432864869321,0.5988648136007271,1808
ingrabr01,Brandon Ingram,TOR,29,xfg_pct,0.4571259029818461,0.45464114920626575,0.4312920757635686,0.47715793850857285,2604
isaacjo01,Jonathan Isaac,ORL,29,xfg_pct,0.5260974997050686,0.5059147253902219,0.4781795569728705,0.5502903173387297,521
iveyja01,Jaden Ivey,2TM,24,xfg_pct,0.43557641645003475,0.4612634414672961,0.43352827304994473,0.5056390334158039,670
jacksan01,Andre Jackson Jr.,MIL,25,xfg_pct,0.46884813947912324,0.4883060957583825,0.46057092734103117,0.5326816877068903,408
jacksgg01,GG Jackson II,MEM,22,xfg_pct,0.5007676031958046,0.484010265610509,0.4595776853852002,0.5200992124989952,1178
jacksis01,Isaiah Jackson,2TM,25,xfg_pct,0.6168985400748482,0.5910862717588625,0.5633511033415112,0.6354618637073703,908
jacksja02,Jaren Jackson Jr.,2TM,27,xfg_pct,0.45610492895809507,0.4582800152364378,0.433847435011129,0.494368962124924,1454
jacksqu01,Quenton Jackson,IND,28,xfg_pct,0.4962396297967794,0.5015737241685799,0.4738385557512286,0.5459493161170877,897
jackstr02,Trayce Jackson-Davis,2TM,26,xfg_pct,0.6362433470986675,0.588450322059609,0.5607151536422577,0.6328259140081168,496
jakucka01,Kasparas Jakučionis,MIA,20,xfg_pct,0.43988081753751324,0.4473983938827178,0.41966322546536644,0.4917739858312256,945
jamesbr02,Bronny James,LAL,22,xfg_pct,0.4287104421274194,0.4459714331548372,0.4182362647374859,0.49034702510334505,375
jamesle01,LeBron James,LAL,42,xfg_pct,0.49633016270469393,0.5025752939806338,0.4792262205379367,0.5250920832829409,1989
jamessi01,Sion James,CHO,24,xfg_pct,0.44808022695333766,0.4518878605280594,0.42853878708536225,0.4744046498303665,1843
jaqueja01,Jaime Jaquez Jr.,MIA,25,xfg_pct,0.5011176486820004,0.49653378358033445,0.4731847101376373,0.5190505728826416,2121
jenkida01,Daniss Jenkins,DET,25,xfg_pct,0.4554590246499379,0.45556476241633354,0.4311321821910247,0.49165370930481966,1455
jeromty01,Ty Jerome,MEM,29,xfg_pct,0.42496554640446843,0.43612902056438274,0.4083938521470314,0.48050461251289056,339
joeis01,Isaiah Joe,OKC,27,xfg_pct,0.3972464331888692,0.4027955722270645,0.3783629920017557,0.4388845191155507,1507
johnsaj01,AJ Johnson,2TM,22,xfg_pct,0.5107515270944837,0.48804381345505565,0.4603086450377043,0.5324194054035635,454
johnsca02,Cameron Johnson,DEN,30,xfg_pct,0.4550426569441622,0.4495630785380427,0.4251304983127339,0.48565202542652885,1647
johnsch06,Chaney Johnson,BRK,24,xfg_pct,0.5333407819546454,0.5031352927612284,0.475400124343877,0.5475108847097362,348
johnsja05,Jalen Johnson,ATL,25,xfg_pct,0.4882378555348604,0.4971622543530881,0.47381318091039093,0.5196790436553952,2532
johnske04,Keldon Johnson,SAS,27,xfg_pct,0.5138873222636005,0.5020947389762183,0.4787456655335211,0.5246115282785253,1911
johnske10,Keshad Johnson,MIA,25,xfg_pct,0.5324957021765366,0.5027876477658006,0.4750524793484493,0.5471632397143085,280
johnstr03,Tre Johnson,WAS,20,xfg_pct,0.4119280520468674,0.41812277084354355,0.39369019061823474,0.45421171773202973,1443
jokicni01,Nikola Jokić,DEN,31,xfg_pct,0.48041864314082416,0.4818483604553735,0.45849928701267634,0.5043651497576807,2265
jonesde02,Derrick Jones Jr.,LAC,29,xfg_pct,0.5035423935162966,0.5052844816082578,0.480851901382949,0.541373428496744,1350
joneshe01,Herbert Jones,NOP,28,xfg_pct,0.4591536863734536,0.47434336253796566,0.44991078231265685,0.5104323094264518,1588
joneska03,Kam Jones,IND,24,xfg_pct,0.4444107753943899,0.45286385614574753,0.4251286877283962,0.49723944809425535,616
jonessp01,Spencer Jones,DEN,25,xfg_pct,0.4833805403381272,0.47839685530591736,0.45396427508060855,0.5144858021944035,1417
jonestr01,Tre Jones,CHI,27,xfg_pct,0.5532718076362397,0.528589338136309,0.5041567579110002,0.5646782850247952,1752
jonesty01,Tyus Jones,3TM,30,xfg_pct,0.4072817124955139,0.4246569696966663,0.3969218012793149,0.4690325616451741,979
jovicni01,Nikola Jović,MIA,23,xfg_pct,0.45442041380497494,0.4519815892165318,0.42424642079918046,0.49635718116503963,808
kalkbry01,Ryan Kalkbrenner,CHO,25,xfg_pct,0.6561217755360451,0.6121101848765104,0.5876776046512016,0.6481991317649966,1479
kennalu01,Luke Kennard,2TM,30,xfg_pct,0.43067340997116343,0.4215131634025053,0.39708058317719647,0.4576021102909914,1681
kispeco01,Corey Kispert,2TM,27,xfg_pct,0.45777133822953714,0.4461362385212671,0.41840107010391575,0.4905118304697749,1080
klebima01,Maxi Kleber,LAL,35,xfg_pct,0.4985838012137512,0.46635390282497774,0.4386187344076264,0.5107294947734855,461
knechda01,Dalton Knecht,LAL,25,xfg_pct,0.43634327928678196,0.43867784674847854,0.4109426783311272,0.48305343869698636,553
knuepko01,Kon Knueppel,CHO,21,xfg_pct,0.42997260647960295,0.4322585684400678,0.40890949499737067,0.45477535774237493,2551
kolekty01,Tyler Kolek,NYK,25,xfg_pct,0.44968258244921044,0.449564657217319,0.4218294887999676,0.4939402491658268,727
kolokch01,Christian Koloko,3TM,26,xfg_pct,0.5695658750018822,0.5375825731946039,0.5098474047772525,0.5819581651431117,357
konanya01,Yanic Konan Niederhäuser,LAC,23,xfg_pct,0.6020172038141314,0.5407799387211045,0.5130447703037532,0.5851555306696123,424
konchjo01,John Konchar,2TM,30,xfg_pct,0.4912215767533707,0.48151535523206185,0.45708277500675304,0.517604302120548,1115
kornelu01,Luke Kornet,SAS,31,xfg_pct,0.6845925205795422,0.6377879236012303,0.6133553433759215,0.6738768704897165,1430
krejcvi01,Vít Krejčí,2TM,26,xfg_pct,0.40503006093143246,0.4180392295704571,0.3936066493451483,0.4541281764589432,1392
kuminjo01,Jonathan Kuminga,2TM,24,xfg_pct,0.499824735867594,0.4930570194106715,0.46532185099332013,0.5374326113591793,830
kuzmaky01,Kyle Kuzma,MIL,31,xfg_pct,0.4983199790744908,0.474791323403701,0.4503587431783922,0.5108802702921872,1806
landajo01,Jock Landale,2TM,31,xfg_pct,0.50995347497159,0.5096991190541755,0.4852665388288667,0.5457880659426617,1506
laniech01,Chaz Lanier,DET,25,xfg_pct,0.3836505144004418,0.42452884193668816,0.3967936735193368,0.468904433885196,262
laravja01,Jake LaRavia,LAL,25,xfg_pct,0.4794370988094748,0.4720467032402647,0.44869762979756755,0.4945634925425718,2061
larsspe01,Pelle Larsson,MIA,25,xfg_pct,0.4997149184931266,0.4961635968214362,0.472814523378739,0.5186803861237432,1849
lavinza01,Zach LaVine,SAC,31,xfg_pct,0.4375723932210507,0.45554436419645616,0.43111178397114736,0.49163331108494235,1224
leonaka01,Kawhi Leonard,LAC,35,xfg_pct,0.4428286823569956,0.450566978737086,0.42721790529438886,0.4730837680393931,2085
leonsma01,Malevy Leons,GSW,27,xfg_pct,0.52645707340083,0.4966058705717335,0.46887070215438215,0.5409814625202413,276
leverca01,Caris LeVert,DET,32,xfg_pct,0.4541861418897695,0.4763692017189413,0.4519366214936325,0.5124581486074274,1154
liddeej01,E.J. Liddell,BRK,26,xfg_pct,0.4585814644687752,0.46239633888147147,0.4346611704641201,0.5067719308299793,349
liveris01,Isaiah Livers,PHO,28,xfg_pct,0.44692672438065634,0.45174645866419677,0.4240112902468454,0.4961220506127046,347
looneke01,Kevon Looney,NOP,30,xfg_pct,0.5832363502799235,0.564367445207101,0.5366322767897497,0.6087430371556088,308
lopezbr01,Brook Lopez,LAC,38,xfg_pct,0.422964682200461,0.4440925720671913,0.4196599918418825,0.4801815189556775,1635
loveca01,Caleb Love,POR,25,xfg_pct,0.42149083726248554,0.42692313956083217,0.3991879711434808,0.47129873150934,1013
loveke01,Kevin Love,UTA,38,xfg_pct,0.4254985334042141,0.4290006951871464,0.40126552676979504,0.4733762871356542,613
maluakh01,Khaman Maluach,PHO,20,xfg_pct,0.6082226523045613,0.5458722702550497,0.5181371018376983,0.5902478622035575,411
mamuksa01,Sandro Mamukelashvili,TOR,27,xfg_pct,0.5001887817686284,0.4900806585349768,0.465648078309668,0.5261696054234629,1751
mannte01,Terance Mann,BRK,30,xfg_pct,0.47866780470285336,0.4817176307777607,0.4572850505524519,0.5178065776662468,1529
manntr01,Tre Mann,CHO,25,xfg_pct,0.42652384433183566,0.450249934347323,0.42251476592997167,0.49462552629583084,669
markkla01,Lauri Markkanen,UTA,29,xfg_pct,0.46686605611244864,0.4532572111183722,0.4288246308930634,0.4893461580068583,1443
marshna01,Naji Marshall,DAL,29,xfg_pct,0.48066712210832985,0.4768960044125428,0.45354693096984566,0.4994127937148499,2184
martica02,Caleb Martin,DAL,31,xfg_pct,0.5023203335696362,0.47345745671567274,0.4457222882983214,0.5178330486641806,856
martity01,Tyrese Martin,2TM,27,xfg_pct,0.434096089014342,0.4356177051689743,0.40788253675162295,0.4799932971174821,777
mashaja01,Jahmai Mashack,MEM,24,xfg_pct,0.4889389516789487,0.48298131938049627,0.4552461509631449,0.5273569113290041,673
mathube01,Bennedict Mathurin,2TM,24,xfg_pct,0.4643725254219064,0.47497421297056935,0.45054163274526055,0.5110631598590555,1620
matkoka01,Karlo Matković,NOP,25,xfg_pct,0.5502393510439743,0.5295476744810775,0.5018125060637262,0.5739232664295854,912
maxeyty01,Tyrese Maxey,PHI,26,xfg_pct,0.46335177401231026,0.4603751139813224,0.43702604053862526,0.4828919032836295,2661
mbengbe01,Bez Mbeng,UTA,23,xfg_pct,0.5033942370991477,0.4876425644134625,0.45990739599611113,0.5320181563619703,492
mcbrimi01,Miles McBride,NYK,26,xfg_pct,0.4045182538786241,0.42660680744629137,0.39887163902894,0.4709823993947992,1080
mccaija01,Jared McCain,2TM,22,xfg_pct,0.43797186483921097,0.4441449107820545,0.41971233055674567,0.4802338576705406,1160
mccolcj01,CJ McCollum,2TM,35,xfg_pct,0.43894694097789716,0.4377140160560191,0.41436494261332196,0.4602308053583262,2264
mccontj01,T.J. McConnell,IND,34,xfg_pct,0.46595841303502594,0.4834338974428412,0.45569872902548986,0.527809489391349,963
mcdanja02,Jaden McDaniels,MIN,26,xfg_pct,0.4823133508811498,0.4799271906112579,0.4565781171685607,0.5024439799135649,2316
mcderdo01,Doug McDermott,SAC,35,xfg_pct,0.37167399791456496,0.4024454380366008,0.37471026961924947,0.44682102998510864,439
mcgowbr01,Bryce McGowens,NOP,24,xfg_pct,0.49084034257756776,0.484680801878731,0.4569456334613797,0.5290563938272388,880
mclaujo01,Jordan McLaughlin,SAS,30,xfg_pct,0.46972223463000573,0.4542100405979463,0.42647487218059493,0.4985856325464541,282
mcneeli01,Liam McNeeley,CHO,21,xfg_pct,0.4248038736312866,0.4459647838153077,0.41822961539795633,0.4903403757638155,368
meltode01,De'Anthony Melton,GSW,28,xfg_pct,0.4482638038119758,0.4493908639902528,0.424958283764944,0.4854798108787389,1125
merrisa01,Sam Merrill,CLE,30,xfg_pct,0.403685353050953,0.4018623580263721,0.3774297778010633,0.43795130491485823,1377
middlkh01,Khris Middleton,2TM,35,xfg_pct,0.4295489548840168,0.4311748165989677,0.4067422363736589,0.4672637634874539,1439
millebr02,Brandon Miller,CHO,24,xfg_pct,0.42701143996151897,0.43002057413702377,0.4066715006943266,0.4525373634393309,1968
millejo02,Jordan Miller,LAC,27,xfg_pct,0.5018917028850176,0.4990602734688117,0.4746276932435029,0.5351492203572978,1325
millele01,Leonard Miller,2TM,23,xfg_pct,0.544109480176159,0.5253040689742351,0.49756890055688374,0.5696796609227429,719
minotjo01,Josh Minott,2TM,24,xfg_pct,0.45140467298081205,0.46651598296299046,0.4387808145456391,0.5108915749114983,834
missiyv01,Yves Missi,NOP,22,xfg_pct,0.6306545942367189,0.6099755978502888,0.58554301762498,0.646064544738775,1297
mitchaj01,Ajay Mitchell,OKC,24,xfg_pct,0.4728887887258421,0.472602088175494,0.4481695079501852,0.5086910350639802,1473
mitchda01,Davion Mitchell,MIA,28,xfg_pct,0.46193389360059234,0.4650167759176942,0.44166770247499704,0.4875335652200013,2000
mitchdo01,Donovan Mitchell,CLE,30,xfg_pct,0.45281404651106905,0.44874667616016445,0.4253976027174673,0.47126346546247155,2342
mobleev01,Evan Mobley,CLE,25,xfg_pct,0.5426493155561175,0.5402305055761646,0.5168814321334674,0.5627472948784717,2074
monkma01,Malik Monk,SAC,28,xfg_pct,0.42590093058716005,0.43882413031880163,0.4143915500934928,0.4749130772072878,1364
moodymo01,Moses Moody,GSW,24,xfg_pct,0.42229539049619613,0.4358681850901126,0.4114356048648038,0.4719571319785988,1540
moranja01,Ja Morant,MEM,27,xfg_pct,0.47710734131525195,0.47520159560028147,0.4474664271829301,0.5195771875487892,569
murphtr02,Trey Murphy III,NOP,26,xfg_pct,0.44949086218541673,0.4436190228498975,0.42026994940720036,0.4661358121522046,2341
murraco01,Collin Murray-Boyles,TOR,21,xfg_pct,0.6047918786202875,0.5772859772366449,0.5528533970113361,0.6133749241251311,1246
murrade01,Dejounte Murray,NOP,30,xfg_pct,0.4679685986713658,0.457234232615981,0.42949906419862965,0.5016098245644888,389
murraja01,Jamal Murray,DEN,29,xfg_pct,0.4358801718446283,0.44268663886046056,0.4193375654177634,0.46520342816276766,2652
murrake02,Keegan Murray,SAC,26,xfg_pct,0.4303059698167097,0.4364348457835562,0.4086996773662048,0.480810437732064,793
murrakr01,Kris Murray,POR,26,xfg_pct,0.5202337510609608,0.5017686646205579,0.4773360843952491,0.5378576115090441,1333
mykhasv01,Svi Mykhailiuk,UTA,29,xfg_pct,0.4284235799056468,0.42352429290365956,0.39909171267835075,0.45961323979214574,1156
nancela02,Larry Nance Jr.,CLE,34,xfg_pct,0.498646754783208,0.49710634533632575,0.4693711769189744,0.5414819372848335,449
nancepe01,Pete Nance,MIL,26,xfg_pct,0.45321435928666176,0.45707315350201205,0.4293379850846607,0.5014487454505199,737
nembhan01,Andrew Nembhard,IND,27,xfg_pct,0.4367025999371913,0.4472083585759193,0.4227757783506105,0.4832973054644054,1786
nembhry01,Ryan Nembhard,DAL,23,xfg_pct,0.43027733151253234,0.4368082711723121,0.41237569094700327,0.4728972180607982,1171
nesmiaa01,Aaron Nesmith,IND,27,xfg_pct,0.4357575268175643,0.45334643765842975,0.42891385743312094,0.48943538454691593,1335
newelas01,Asa Newell,ATL,21,xfg_pct,0.5303623092306425,0.5096752175460403,0.48194004912868893,0.5540508094945481,500
nnajize01,Zeke Nnaji,DEN,26,xfg_pct,0.5284088200714117,0.5267349268958954,0.49899975847854405,0.5711105188444032,626
nurkiju01,Jusuf Nurkić,UTA,32,xfg_pct,0.5005626797940022,0.5203310619282931,0.4925958935109418,0.564706653876801,1083
okogijo01,Josh Okogie,HOU,28,xfg_pct,0.4739779636901898,0.4842228481364987,0.4597902679111899,0.5203117950249848,1354
okongon01,Onyeka Okongwu,ATL,26,xfg_pct,0.4738912270343348,0.5160707980949938,0.49272172465229663,0.538587587397301,2297
okorois01,Isaac Okoro,CHI,26,xfg_pct,0.5199992163197372,0.5106901051870602,0.48625752496175134,0.5467790520755463,1695
olbrila01,Lachlan Olbrich,CHI,23,xfg_pct,0.5597961054332278,0.5122356263741522,0.48450045795680086,0.55661121832266,344
olynyke01,Kelly Olynyk,SAS,35,xfg_pct,0.4847143274114331,0.5018212696801907,0.47408610126283934,0.5461968616286985,360
onealro01,Royce O'Neale,PHO,33,xfg_pct,0.38338240554662334,0.3979284492139489,0.3745793757712517,0.420445238516256,2213
oubreke01,Kelly Oubre Jr.,PHI,31,xfg_pct,0.4707269946355362,0.4900973917661878,0.46566481154087896,0.5261863386546739,1574
payneca01,Cameron Payne,PHI,32,xfg_pct,0.4065590594683291,0.42881892023059964,0.4010837518132483,0.47319451217910746,374
paytoga02,Gary Payton II,GSW,34,xfg_pct,0.5418868743793317,0.522601746583864,0.49816916635855524,0.5586906934723502,1142
peavymi01,Micah Peavy,NOP,25,xfg_pct,0.5007590247935209,0.4917603146447349,0.46402514622738356,0.5361359065932427,913
pendano01,Noah Penda,ORL,22,xfg_pct,0.47765563233558767,0.4749026498730192,0.44716748145566787,0.519278241821527,757
peterta01,Taelon Peter,IND,24,xfg_pct,0.41066004104876075,0.43137597554358736,0.403640807126236,0.4757515674920952,492
phillju01,Julian Phillips,2TM,23,xfg_pct,0.49053782535358054,0.49211477962993966,0.4643796112125883,0.5364903715784475,428
pickeja02,Jalen Pickett,DEN,27,xfg_pct,0.4218679324023796,0.4295962826563742,0.4018611142390228,0.473971874604882,807
plowdda01,Daeqwon Plowden,SAC,28,xfg_pct,0.4253448697540242,0.436322211219555,0.40858704280220365,0.4806978031680628,844
podzibr01,Brandin Podziemski,GSW,23,xfg_pct,0.4389592654907888,0.44036463411354687,0.4170155606708497,0.462881423415854,2333
poeltja01,Jakob Poeltl,TOR,31,xfg_pct,0.6187324245366095,0.5856194574561473,0.5611868772308385,0.6217084043446335,1149
poolejo01,Jordan Poole,NOP,27,xfg_pct,0.4203218234840428,0.4288677795616601,0.40113261114430876,0.47324337151016793,933
portecr01,Craig Porter Jr.,CLE,26,xfg_pct,0.4923145421092187,0.49446766618908394,0.47003508596377513,0.5305566130775701,1148
porteke02,Kevin Porter Jr.,MIL,26,xfg_pct,0.48625117093045406,0.4715390171837666,0.4471064369584578,0.5076279640722527,1261
portemi01,Michael Porter Jr.,BRK,28,xfg_pct,0.4475459488322765,0.45240739009613495,0.42797480987082615,0.48849633698462114,1689
portibo01,Bobby Portis,MIL,31,xfg_pct,0.436821562755561,0.45650282057175695,0.43207024034644814,0.49259176746024314,1619
porzikr01,Kristaps Porziņģis,2TM,31,xfg_pct,0.44524135999431963,0.45666256386470155,0.4289273954473502,0.5010381558132093,769
postqu01,Quinten Post,GSW,26,xfg_pct,0.431891769681843,0.43283952976805473,0.4084069495427459,0.4689284766565409,1159
pottemi01,Micah Potter,IND,28,xfg_pct,0.46288435621313684,0.4586675955366242,0.4309324271192728,0.503043187485132,908
poulajo01,John Poulakidas,DAL,23,xfg_pct,0.3733162352169786,0.4198523566677281,0.3921171882503767,0.4642279486162359,253
poweldr01,Drake Powell,BRK,21,xfg_pct,0.44947782106083156,0.45290871701364943,0.4284761367883406,0.4889976639021356,1320
poweldw01,Dwight Powell,DAL,35,xfg_pct,0.6322943269648644,0.5929107169619958,0.5651755485446445,0.6372863089105036,904
powelno01,Norman Powell,MIA,33,xfg_pct,0.4555964800279269,0.4501404286322258,0.425707848406917,0.486229375520712,1717
princta02,Taurean Prince,MIL,32,xfg_pct,0.40742892895018246,0.4316746352884541,0.40393946687110277,0.47605022723696194,611
pritcpa01,Payton Pritchard,BOS,29,xfg_pct,0.41430497283756473,0.41313273597896116,0.389783662536264,0.43564952528126827,2556
proctty01,Tyrese Proctor,CLE,22,xfg_pct,0.4378306350658185,0.44619402757499577,0.4184588591576444,0.4905696195235036,545
prospol01,Olivier-Maxence Prosper,MEM,24,xfg_pct,0.5102275674387331,0.506897968587681,0.47916280017032964,0.5512735605361888,984
queende01,Derik Queen,NOP,22,xfg_pct,0.5417204722460875,0.5336883024113043,0.5103392289686071,0.5562050917136114,2023
quetane01,Neemias Queta,BOS,27,xfg_pct,0.5993367577571227,0.587212295564205,0.5638632221215079,0.609729084866512,1926
quickim01,Immanuel Quickley,TOR,27,xfg_pct,0.4244304066458474,0.4282411136723799,0.4048920402296827,0.450757902974687,2231
randlju01,Julius Randle,MIN,32,xfg_pct,0.49237197706521163,0.4883012029430733,0.4649521295003761,0.5108179922453804,2610
raynama01,Maxime Raynaud,SAC,23,xfg_pct,0.4918336307270197,0.4886811412496514,0.46533206780695424,0.5111979305519585,1964
reathdu01,Duop Reath,POR,30,xfg_pct,0.4306425158231892,0.4632295204547061,0.43549435203735476,0.5076051124032139,258
reaveau01,Austin Reaves,LAL,28,xfg_pct,0.4442266284338324,0.44171429218725305,0.41728171196194425,0.4778032390757392,1762
reedpa01,Paul Reed,DET,27,xfg_pct,0.5540366844578467,0.5442250712625033,0.516489902845152,0.5886006632110111,901
reeseju01,Julian Reese,WAS,23,xfg_pct,0.5850938246821944,0.5365502738286954,0.508815105411344,0.5809258657772032,402
reidna01,Naz Reid,MIN,27,xfg_pct,0.44088406447539813,0.4515817882917209,0.42823271484902375,0.474098577594028,2007
richaja02,Jase Richardson,ORL,21,xfg_pct,0.46553019193853046,0.4665138945591852,0.43877872614183383,0.510889486507693,587
richani01,Nick Richards,2TM,29,xfg_pct,0.581021216820833,0.5834386295698835,0.5557034611525321,0.6278142215183913,701
richawi02,Will Richard,GSW,24,xfg_pct,0.4582575904210739,0.46030449705508136,0.43587191682977255,0.49639344394356755,1377
rileywi01,Will Riley,WAS,20,xfg_pct,0.45727256181981946,0.45823493291559525,0.43380235269028644,0.49432387980408143,1633
risacza01,Zaccharie Risacher,ATL,21,xfg_pct,0.48356896098707325,0.4840092060997404,0.4595766258744316,0.5200981529882266,1503
robindu01,Duncan Robinson,DET,32,xfg_pct,0.403493216609246,0.4131781397015755,0.38982906625887837,0.4356949290038826,2113
robinje02,Jeremiah Robinson-Earl,2TM,26,xfg_pct,0.5114197945021796,0.4893076872198803,0.461572518802529,0.5336832791683881,361
robinmi01,Mitchell Robinson,NYK,28,xfg_pct,0.7177201477617093,0.6664916991319415,0.6420591189066327,0.7025806460204277,1175
rolliry01,Ryan Rollins,MIL,24,xfg_pct,0.4597650319135473,0.46199342725009773,0.4386443538074006,0.48451021655240484,2376
ruperra01,Rayan Rupert,2TM,22,xfg_pct,0.4667199211070069,0.46509405246410124,0.4373588840467499,0.509469644412609,1072
russeda01,D'Angelo Russell,DAL,30,xfg_pct,0.42088647745235425,0.4242237406800142,0.3964885722626629,0.46859933262852205,495
ryanco01,Cormac Ryan,MIL,28,xfg_pct,0.45335567740170696,0.4616550739262581,0.43391990550890674,0.5060306658747659,271
sabondo01,Domantas Sabonis,SAC,30,xfg_pct,0.5542288045048309,0.5446117435779491,0.5168765751605977,0.5889873355264569,564
salauti01,Tidjane Salaün,CHO,21,xfg_pct,0.4711439691230345,0.45502184344288366,0.4272866750255323,0.4993974353913915,575
sandeko01,Kobe Sanders,LAC,24,xfg_pct,0.43770203652216955,0.4432920929314556,0.4188595127061468,0.47938103981994173,1351
santogu01,Gui Santos,GSW,24,xfg_pct,0.47689412090725763,0.4703983518562543,0.4459657716309455,0.5064872987447404,1395
sarafbe01,Ben Saraf,BRK,20,xfg_pct,0.5077932233552642,0.49897630049867536,0.471241132081324,0.5433518924471832,916
sarral01,Alex Sarr,WAS,21,xfg_pct,0.49439420664006273,0.47334194531221413,0.4489093650869053,0.5094308922007003,1305
sassema01,Marcus Sasser,DET,26,xfg_pct,0.4132649034841963,0.4265393637188195,0.39880419530146816,0.47091495566732733,457
scheiba01,Baylor Scheierman,BOS,26,xfg_pct,0.4009217186168506,0.41031705188132694,0.38588447165601814,0.44640599876981313,1429
schrode01,Dennis Schröder,2TM,33,xfg_pct,0.451301507202353,0.44623383449551207,0.42180125427020326,0.4823227813839982,1697
sengual01,Alperen Şengün,HOU,24,xfg_pct,0.5126587627913349,0.5155773260250472,0.4922282525823501,0.5380941153273544,2398
sensabr01,Brice Sensabaugh,UTA,23,xfg_pct,0.43101787170541384,0.4257610836573834,0.4013285034320746,0.4618500305458696,1762
sextoco01,Collin Sexton,2TM,28,xfg_pct,0.48280880010070004,0.4695580981168554,0.4451255178915466,0.5056470450053415,1614
shamela01,Landry Shamet,NYK,29,xfg_pct,0.4329061545604399,0.43560416868010204,0.41117158845479324,0.4716931155685882,1171
shannte01,Terrence Shannon Jr.,MIN,26,xfg_pct,0.4912184974325069,0.49103108105804294,0.4632959126406916,0.5354066730065508,538
sharpda01,Day'Ron Sharpe,BRK,25,xfg_pct,0.5961282264402422,0.5793641322664271,0.5549315520411183,0.6154530791549133,1160
sharpsh01,Shaedon Sharpe,POR,23,xfg_pct,0.47401691414907265,0.4668688047519516,0.4424362245266428,0.5029577516404378,1471
sheadja01,Jamal Shead,TOR,24,xfg_pct,0.4434888988186765,0.447076321445482,0.42372724800278483,0.4695931107477891,1852
sheppbe01,Ben Sheppard,IND,25,xfg_pct,0.45428016178345904,0.4471841751843009,0.4227515949589921,0.48327312207278705,1390
sheppre01,Reed Sheppard,HOU,22,xfg_pct,0.4043749695630062,0.4093063593414791,0.3859572858987819,0.4318231486437862,2147
siakapa01,Pascal Siakam,IND,32,xfg_pct,0.47830773404311816,0.48461622061012144,0.4612671471674243,0.5071330099124285,2057
simonan01,Anfernee Simons,2TM,27,xfg_pct,0.4020001143975586,0.42203897188601625,0.39760639166070744,0.45812791877450243,1372
simpskj01,KJ Simpson,2TM,24,xfg_pct,0.47121453805749064,0.45816221470348956,0.4304270462861382,0.5025378066519973,257
simsje01,Jericho Sims,MIL,28,xfg_pct,0.6763860177458388,0.6234586966497814,0.5990261164244726,0.6595476435382676,1318
slawsja01,Jalen Slawson,IND,27,xfg_pct,0.464234477600885,0.4680670650880386,0.44033189667068723,0.5124426570365463,311
smallja01,Javon Small,MEM,24,xfg_pct,0.44464156728818427,0.450199149021132,0.42246398060378065,0.4945747409696398,830
smartma01,Marcus Smart,LAL,32,xfg_pct,0.42145601512086167,0.42449969463016646,0.40006711440485765,0.46058864151865264,1769
smithdr01,Dru Smith,MIA,29,xfg_pct,0.47957106895522045,0.47591003251955694,0.4514774522942481,0.5119989794080431,1141
smithja04,Jalen Smith,CHI,26,xfg_pct,0.48976392845292216,0.4931459136080194,0.4687133333827106,0.5292348604965056,1095
smithja05,Jabari Smith Jr.,HOU,23,xfg_pct,0.4405045085482592,0.446207852470235,0.4228587790275378,0.4687246417725421,2705
smithma02,Malachi Smith,BRK,27,xfg_pct,0.4533504325231295,0.4618083901807332,0.43407322176338187,0.506183982129241,359
smithni01,Nick Smith Jr.,LAL,22,xfg_pct,0.39976758357537695,0.4157615019220197,0.38802633350466836,0.46013709387052754,375
sochaje01,Jeremy Sochan,2TM,23,xfg_pct,0.5429885238366399,0.5348793570594884,0.5071441886421371,0.5792549490079962,469
spencca01,Cam Spencer,MEM,26,xfg_pct,0.40528621497630773,0.4123305852175531,0.3878980049922443,0.44841953210603924,1714
spencpa01,Pat Spencer,GSW,30,xfg_pct,0.444664117550844,0.4512271779406345,0.4267945977153257,0.4873161248291207,1229
stewais01,Isaiah Stewart,DET,25,xfg_pct,0.5209832055625337,0.5162355050108605,0.49180292478555165,0.5523244518993466,1317
strawju01,Julian Strawther,DEN,24,xfg_pct,0.4459079655785552,0.4405196774018526,0.41278450898450125,0.4848952693503604,861
strusma01,Max Strus,CLE,30,xfg_pct,0.41916457978466704,0.4400339564489861,0.4122987880316347,0.4844095483974939,288
suggsja01,Jalen Suggs,ORL,25,xfg_pct,0.4343144898330159,0.4384931084656491,0.4140605282403403,0.4745820553541352,1574
tateja01,Jae'Sean Tate,HOU,31,xfg_pct,0.5100095249537728,0.4974546943149732,0.46971952589762184,0.541830286263481,405
tatumja01,Jayson Tatum,BOS,28,xfg_pct,0.44207706979266614,0.45209938530873856,0.4243642168913872,0.4964749772572464,522
terryda01,Dalen Terry,2TM,24,xfg_pct,0.5040539015857576,0.5015152715033464,0.47378010308599505,0.5458908634518542,551
thomaca02,Cam Thomas,2TM,25,xfg_pct,0.4425803428010377,0.4423167645425463,0.41458159612519496,0.48669235649105413,881
thompam01,Amen Thompson,HOU,24,xfg_pct,0.5381817950452003,0.5406268362435417,0.5172777628008445,0.5631436255458488,2953
thompau01,Ausar Thompson,DET,24,xfg_pct,0.5624212622842608,0.5503776218655635,0.5270285484228663,0.5728944111678707,1896
thompet01,Ethan Thompson,IND,27,xfg_pct,0.4336566606906717,0.44528920051311893,0.4175540320957676,0.48966479246162675,653
thompkl01,Klay Thompson,DAL,36,xfg_pct,0.3922552904467816,0.40136817059122576,0.37693559036591695,0.43745711747971194,1497
thybuma01,Matisse Thybulle,POR,29,xfg_pct,0.4348295473547148,0.43777212178966096,0.4100369533723096,0.4821477137381688,480
tomlina01,Nae'Qwan Tomlin,CLE,26,xfg_pct,0.5577419617561236,0.5375784668609329,0.5098432984435816,0.5819540588094407,1004
toppiob01,Obi Toppin,IND,28,xfg_pct,0.4721614589580775,0.48971067296637577,0.4619755045490244,0.5340862649148835,424
townska01,Karl-Anthony Towns,NYK,31,xfg_pct,0.5281701685160397,0.5093851324999773,0.48603605905728015,0.5319019218022845,2322
traorno01,Nolan Traoré,BRK,20,xfg_pct,0.4671267610629295,0.4670049199127414,0.4425723396874326,0.5030938668012276,1243
trentga02,Gary Trent Jr.,MIL,28,xfg_pct,0.38880837576415733,0.4107855236910844,0.3863529434657756,0.4468744705795705,1377
tshieos01,Oscar Tshiebwe,UTA,27,xfg_pct,0.5831568480296021,0.5383894398149031,0.5106542713975517,0.5827650317634109,448
turnemy01,Myles Turner,MIL,30,xfg_pct,0.4325922659028453,0.45168385960701196,0.4283347861643148,0.47420064890931907,1912
tysonja01,Jaylon Tyson,CLE,24,xfg_pct,0.48979937058485246,0.4885376558710882,0.4641050756457794,0.5246266027595744,1777
valanjo01,Jonas Valančiūnas,DEN,34,xfg_pct,0.5345090972112662,0.5207447748225629,0.4930096064052115,0.5651203667710707,871
vandeja01,Jarred Vanderbilt,LAL,27,xfg_pct,0.5358236164414456,0.536588285521847,0.5121557052965382,0.5726772324103332,1128
vassede01,Devin Vassell,SAS,26,xfg_pct,0.417873677628316,0.4334592378342915,0.41011016439159437,0.4559760271365986,2044
vincega01,Gabe Vincent,2TM,30,xfg_pct,0.38965327253159043,0.4069998158615213,0.37926464744416993,0.4513754078100291,879
vucevni01,Nikola Vučević,2TM,36,xfg_pct,0.46802966941410784,0.4733832662735325,0.4489506860482237,0.5094722131620186,1818
vukcetr01,Tristan Vukcevic,WAS,23,xfg_pct,0.44702140670380736,0.4512096945581041,0.42347452614075276,0.49558528650661193,671
wadede01,Dean Wade,CLE,30,xfg_pct,0.4543622863345941,0.4346869847963909,0.4102544045710821,0.4707759316848771,1318
wagnefr01,Franz Wagner,ORL,25,xfg_pct,0.48950096741115134,0.4801581415025209,0.45242297308516954,0.5245337334510287,1019
wagnemo01,Moritz Wagner,ORL,29,xfg_pct,0.48777599892384155,0.5275001698942183,0.499765001476867,0.5718757618427261,427
walkeja01,Jabari Walker,PHI,24,xfg_pct,0.5225644662599752,0.5203120263550708,0.49257685793771944,0.5646876183035786,762
walkeja02,Jarace Walker,IND,23,xfg_pct,0.4459228978135788,0.44704924568516047,0.4237001722424633,0.4695660349874676,1953
wallaca01,Cason Wallace,OKC,23,xfg_pct,0.4799652748171719,0.4778282597506674,0.45447918630797024,0.5003450490529745,2046
wallake01,Keaton Wallace,ATL,27,xfg_pct,0.39950678528678957,0.4217327865470182,0.3939976181296668,0.466108378495526,536
walshjo01,Jordan Walsh,BOS,22,xfg_pct,0.5044449571150987,0.4871608124038553,0.4627282321785465,0.5232497592923414,1212
walteja01,Ja'Kobe Walter,TOR,22,xfg_pct,0.4507017374321991,0.45741197360926605,0.43297939338395725,0.4935009204977522,1474
wareke01,Kel'el Ware,MIA,22,xfg_pct,0.5411900050263827,0.5337970837799472,0.5093645035546384,0.5698860306684334,1704
washipj01,P.J. Washington,DAL,28,xfg_pct,0.48311589036248204,0.47180507209340766,0.44737249186809885,0.5078940189818938,1736
waterli01,Lindy Waters III,SAS,29,xfg_pct,0.38192318823343635,0.4096632146578363,0.38192804624048493,0.4540388066063441,285
watfotr01,Trendon Watford,PHI,26,xfg_pct,0.5175849800066737,0.5012070958981673,0.4734719274808159,0.5455826878466751,864
watkija01,Jamir Watkins,WAS,25,xfg_pct,0.4698666249464393,0.4681870062478004,0.44045183783044906,0.5125625981963082,1032
watsope01,Peyton Watson,DEN,24,xfg_pct,0.48555032229111517,0.49676833323811803,0.4723357530128092,0.5328572801266042,1598
wellsja01,Jaylen Wells,MEM,23,xfg_pct,0.4390355765989098,0.4383705784433522,0.4139379982180434,0.4744595253318383,1821
wembavi01,Victor Wembanyama,SAS,23,xfg_pct,0.5039931584673024,0.4839508182342696,0.46060174479157245,0.5064676075365767,1866
weslebl01,Blake Wesley,POR,23,xfg_pct,0.5259495537384972,0.5200162138854261,0.4922810454680747,0.5643918058339339,361
westbru01,Russell Westbrook,SAC,38,xfg_pct,0.44195337599166884,0.47194115392599456,0.4485920804832974,0.49445794322830167,1853
whiteco01,Coby White,2TM,26,xfg_pct,0.45606987673636096,0.4562592563262299,0.43182667610092107,0.49234820321471606,1249
whitede01,Derrick White,BOS,32,xfg_pct,0.4081484826182099,0.41231361321694937,0.3889645397742522,0.4348304025192565,2625
whitmca01,Cam Whitmore,WAS,22,xfg_pct,0.5039617027437139,0.4746236862972874,0.44688851787993605,0.5189992782457952,354
wiggiaa01,Aaron Wiggins,OKC,28,xfg_pct,0.4655544712234569,0.48345751394556125,0.45902493372025244,0.5195464608340474,1414
wiggian01,Andrew Wiggins,MIA,31,xfg_pct,0.47170780120402334,0.46386942530999153,0.4405203518672944,0.48638621461229864,2063
willibr03,Brandon Williams,DAL,27,xfg_pct,0.5048774161562327,0.5006675905992156,0.4762350103739068,0.5367565374877018,1463
willico04,Cody Williams,UTA,22,xfg_pct,0.495933138552095,0.47608389546030233,0.4516513152349935,0.5121728423487885,1631
willigr01,Grant Williams,CHO,28,xfg_pct,0.40234851233181906,0.4377597138722247,0.4100245454548733,0.4821353058207325,711
willija06,Jalen Williams,OKC,25,xfg_pct,0.5069736677045326,0.48134026458036966,0.4536050961630183,0.5257158565288774,936
willija07,Jaylin Williams,OKC,24,xfg_pct,0.4146251268361658,0.42862149507551456,0.40418891485020575,0.4647104419640007,1277
willike04,Kenrich Williams,OKC,32,xfg_pct,0.473760101000554,0.472377723440404,0.44464255502305267,0.5167533153889118,855
willima07,Mark Williams,PHO,25,xfg_pct,0.6199852827436273,0.5983985043611931,0.5739659241358843,0.6344874512496793,1416
willipa01,Patrick Williams,CHI,25,xfg_pct,0.44284275375007776,0.4538415495725976,0.4294089693472888,0.4899304964610838,1474
williro04,Robert Williams,POR,29,xfg_pct,0.6254131323364914,0.5944014945732414,0.5666663261558901,0.6387770865217492,1008
willivi01,Vince Williams Jr.,2TM,26,xfg_pct,0.4238070736146741,0.44605936915281574,0.4183242007354644,0.49043496110132356,820
willizi01,Zion Williamson,NOP,26,xfg_pct,0.5968254883741456,0.5734469906310504,0.5500979171883533,0.5959637799333575,1841
willizi02,Ziaire Williams,BRK,25,xfg_pct,0.4588353136770725,0.4595830521937241,0.4351504719684153,0.49567199908221027,1281
wilsoja03,Jalen Wilson,BRK,26,xfg_pct,0.44438795747829346,0.4452008817509525,0.41746571333360116,0.48957647369946033,859
wolfda01,Danny Wolf,BRK,22,xfg_pct,0.4773265823437073,0.4755234061656094,0.4510908259403006,0.5116123530540956,1187
yabusgu01,Guerschon Yabusele,2TM,31,xfg_pct,0.4487343079588932,0.47087510367752405,0.4431399352601727,0.5152506956260319,1007
yangha01,Yang Hansen,POR,21,xfg_pct,0.4797355891597002,0.4749723268436181,0.44723715842626677,0.5193479187921259,300
youngtr01,Trae Young,2TM,28,xfg_pct,0.4359180568698754,0.4266248472406691,0.3988896788233178,0.47100043918917694,384
zubaciv01,Ivica Zubac,2TM,29,xfg_pct,0.5774073026560477,0.5636268191599674,0.5391942389346586,0.5997157660484536,1446
