player,team,season,age,kind,bpm,low,high,minutes_2025_26
Precious Achiuwa,SAC,2025-26,26,Actual,-1.6,,,1745
Steven Adams,HOU,2025-26,32,Actual,-0.5,,,730
Bam Adebayo,MIA,2025-26,28,Actual,2.0,,,2365
Ochai Agbaji,2TM,2025-26,25,Actual,-4.0,,,973
Santi Aldama,MEM,2025-26,25,Actual,1.7,,,1198
Nickeil Alexander-Walker,ATL,2025-26,27,Actual,1.2,,,2603
Grayson Allen,PHO,2025-26,30,Actual,2.1,,,1467
Jarrett Allen,CLE,2025-26,27,Actual,2.6,,,1519
Jose Alvarado,2TM,2025-26,27,Actual,-1.0,,,1370
Kyle Anderson,3TM,2025-26,32,Actual,0.4,,,853
Giannis Antetokounmpo,MIL,2025-26,31,Actual,9.5,,,1039
Cole Anthony,MIL,2025-26,25,Actual,-4.7,,,527
OG Anunoby,NYK,2025-26,28,Actual,2.0,,,2224
Deni Avdija,POR,2025-26,25,Actual,4.3,,,2199
Deandre Ayton,LAL,2025-26,27,Actual,-0.9,,,1958
Marvin Bagley III,2TM,2025-26,26,Actual,0.8,,,1201
Ace Bailey,UTA,2025-26,19,Actual,-4.4,,,1988
LaMelo Ball,CHO,2025-26,24,Actual,4.7,,,2017
Lonzo Ball,CLE,2025-26,28,Actual,-1.1,,,728
Paolo Banchero,ORL,2025-26,23,Actual,1.4,,,2502
Desmond Bane,ORL,2025-26,27,Actual,1.4,,,2756
Dominick Barlow,PHI,2025-26,22,Actual,-1.1,,,1689
Harrison Barnes,SAS,2025-26,33,Actual,-0.1,,,1986
Scottie Barnes,TOR,2025-26,24,Actual,4.2,,,2681
Brooks Barnhizer,OKC,2025-26,23,Actual,-3.1,,,348
RJ Barrett,TOR,2025-26,25,Actual,0.2,,,1726
Jamison Battle,TOR,2025-26,24,Actual,-2.6,,,517
Nicolas Batum,LAC,2025-26,37,Actual,-1.0,,,1295
Joan Beringer,MIN,2025-26,19,Actual,0.4,,,314
Saddiq Bey,NOP,2025-26,26,Actual,0.5,,,2246
Goga Bitadze,ORL,2025-26,26,Actual,2.8,,,972
Anthony Black,ORL,2025-26,22,Actual,-0.6,,,1910
Leaky Black,WAS,2025-26,26,Actual,-5.3,,,433
Bogdan Bogdanović,LAC,2025-26,33,Actual,-3.1,,,452
Adem Bona,PHI,2025-26,22,Actual,-2.9,,,1234
Devin Booker,PHO,2025-26,29,Actual,2.2,,,2146
Jamaree Bouyea,PHO,2025-26,26,Actual,-0.4,,,644
Tony Bradley,2TM,2025-26,28,Actual,-4.2,,,450
Malaki Branham,WAS,2025-26,22,Actual,-2.2,,,275
Christian Braun,DEN,2025-26,24,Actual,-1.2,,,1399
Mikal Bridges,NYK,2025-26,29,Actual,2.7,,,2692
Miles Bridges,CHO,2025-26,27,Actual,1.1,,,2387
Dillon Brooks,PHO,2025-26,30,Actual,-2.3,,,1702
Bruce Brown,DEN,2025-26,29,Actual,-2.4,,,1998
Jaylen Brown,BOS,2025-26,29,Actual,3.3,,,2443
Kobe Brown,2TM,2025-26,26,Actual,-2.7,,,963
Jalen Brunson,NYK,2025-26,29,Actual,3.1,,,2590
Carter Bryant,SAS,2025-26,20,Actual,-3.0,,,818
Thomas Bryant,CLE,2025-26,28,Actual,0.1,,,732
Tyler Burton,MEM,2025-26,25,Actual,-5.3,,,307
Jimmy Butler,GSW,2025-26,36,Actual,5.5,,,1182
Matas Buzelis,CHI,2025-26,21,Actual,-1.0,,,2248
Jamal Cain,ORL,2025-26,26,Actual,-1.4,,,486
Kentavious Caldwell-Pope,MEM,2025-26,32,Actual,-2.5,,,1088
Toumani Camara,POR,2025-26,25,Actual,-1.0,,,2731
Clint Capela,HOU,2025-26,31,Actual,0.4,,,926
Dylan Cardwell,SAC,2025-26,24,Actual,-1.9,,,907
Branden Carlson,OKC,2025-26,26,Actual,0.8,,,488
Bub Carrington,WAS,2025-26,20,Actual,-4.7,,,2271
Devin Carter,SAC,2025-26,23,Actual,-2.6,,,700
Jevon Carter,2TM,2025-26,30,Actual,-1.1,,,867
Wendell Carter Jr.,ORL,2025-26,26,Actual,-0.6,,,2288
Alex Caruso,OKC,2025-26,31,Actual,1.9,,,1020
Stephon Castle,SAS,2025-26,21,Actual,1.9,,,2038
Justin Champagnie,WAS,2025-26,24,Actual,-0.4,,,1377
Julian Champagnie,SAS,2025-26,24,Actual,1.4,,,2266
Kennedy Chandler,UTA,2025-26,23,Actual,-5.7,,,355
Cam Christie,LAC,2025-26,20,Actual,-4.6,,,480
Max Christie,DAL,2025-26,22,Actual,-1.5,,,2244
Moussa Cisse,DAL,2025-26,23,Actual,-2.9,,,530
Sidy Cissoko,POR,2025-26,21,Actual,-4.0,,,1435
Jaylen Clark,MIN,2025-26,24,Actual,-2.4,,,888
Jordan Clarkson,NYK,2025-26,33,Actual,-3.3,,,1279
Nic Claxton,BRK,2025-26,26,Actual,0.9,,,1920
Walter Clayton,2TM,2025-26,22,Actual,-4.3,,,1410
Nique Clifford,SAC,2025-26,23,Actual,-4.9,,,1882
Donovan Clingan,POR,2025-26,21,Actual,3.0,,,2094
Noah Clowney,BRK,2025-26,21,Actual,-3.4,,,1780
Amir Coffey,2TM,2025-26,28,Actual,-3.1,,,490
Isaiah Collier,UTA,2025-26,21,Actual,-2.4,,,1517
John Collins,LAC,2025-26,28,Actual,-0.5,,,1872
Mike Conley,MIN,2025-26,38,Actual,-1.3,,,991
Pat Connaughton,CHO,2025-26,33,Actual,0.1,,,297
Sharife Cooper,WAS,2025-26,24,Actual,-3.9,,,700
Bilal Coulibaly,WAS,2025-26,21,Actual,-2.1,,,1468
Cedric Coward,MEM,2025-26,22,Actual,-0.2,,,1598
LJ Cryer,GSW,2025-26,24,Actual,-4.7,,,292
Cade Cunningham,DET,2025-26,24,Actual,6.3,,,2172
Stephen Curry,GSW,2025-26,37,Actual,5.4,,,1329
Dyson Daniels,ATL,2025-26,22,Actual,1.3,,,2520
Tristan Da Silva,ORL,2025-26,24,Actual,-0.6,,,1899
Anthony Davis,DAL,2025-26,32,Actual,2.4,,,626
Egor Dëmin,BRK,2025-26,19,Actual,-1.6,,,1308
DeMar DeRozan,SAC,2025-26,36,Actual,-0.1,,,2406
Moussa Diabaté,CHO,2025-26,24,Actual,1.7,,,1899
Mohamed Diawara,NYK,2025-26,20,Actual,-1.7,,,634
Gradey Dick,TOR,2025-26,22,Actual,-3.6,,,1067
Ousmane Dieng,2TM,2025-26,22,Actual,-3.8,,,1099
Rob Dillingham,2TM,2025-26,21,Actual,-7.3,,,970
Donte DiVincenzo,MIN,2025-26,29,Actual,0.8,,,2494
Luka Dončić,LAL,2025-26,26,Actual,9.3,,,2289
Luguentz Dort,OKC,2025-26,26,Actual,-2.0,,,1849
Ayo Dosunmu,2TM,2025-26,26,Actual,1.0,,,1881
Andre Drummond,PHI,2025-26,32,Actual,-0.6,,,1231
Kris Dunn,LAC,2025-26,31,Actual,-0.8,,,2230
Ryan Dunn,PHO,2025-26,23,Actual,-0.9,,,1355
Kevin Durant,HOU,2025-26,37,Actual,4.5,,,2840
Jalen Duren,DET,2025-26,22,Actual,5.0,,,1976
Tari Eason,HOU,2025-26,24,Actual,-1.6,,,1549
Zach Edey,MEM,2025-26,23,Actual,0.5,,,284
VJ Edgecombe,PHI,2025-26,20,Actual,-0.5,,,2623
Anthony Edwards,MIN,2025-26,24,Actual,4.5,,,2137
Justin Edwards,PHI,2025-26,22,Actual,-1.3,,,977
Keon Ellis,2TM,2025-26,26,Actual,-0.5,,,1478
Joel Embiid,PHI,2025-26,31,Actual,4.9,,,1201
Tyson Etienne,BRK,2025-26,26,Actual,-2.8,,,380
Drew Eubanks,SAC,2025-26,28,Actual,-3.7,,,552
Jeremiah Fears,NOP,2025-26,19,Actual,-2.7,,,2112
Kyle Filipowski,UTA,2025-26,22,Actual,-1.1,,,1801
Dorian Finney-Smith,HOU,2025-26,32,Actual,-4.3,,,620
Cooper Flagg,DAL,2025-26,19,Actual,1.4,,,2344
Rasheer Fleming,PHO,2025-26,21,Actual,-3.8,,,673
Simone Fontecchio,MIA,2025-26,30,Actual,0.5,,,1173
De'Aaron Fox,SAS,2025-26,28,Actual,2.2,,,2231
Johnny Furphy,IND,2025-26,21,Actual,-3.7,,,643
Daniel Gafford,DAL,2025-26,27,Actual,0.7,,,1195
Myron Gardner,MIA,2025-26,24,Actual,0.9,,,411
Darius Garland,2TM,2025-26,26,Actual,-0.2,,,1344
Luka Garza,BOS,2025-26,27,Actual,2.4,,,1118
Keyonte George,UTA,2025-26,22,Actual,0.9,,,1786
Kyshawn George,WAS,2025-26,22,Actual,-1.2,,,1391
Paul George,PHI,2025-26,35,Actual,1.7,,,1135
Josh Giddey,CHI,2025-26,23,Actual,2.7,,,1731
Shai Gilgeous-Alexander,OKC,2025-26,27,Actual,11.7,,,2259
Anthony Gill,WAS,2025-26,33,Actual,-2.6,,,951
Collin Gillespie,PHO,2025-26,26,Actual,2.5,,,2282
Rudy Gobert,MIN,2025-26,33,Actual,1.0,,,2380
Hugo González,BOS,2025-26,19,Actual,-1.5,,,1084
Jordan Goodwin,PHO,2025-26,27,Actual,1.8,,,1572
Aaron Gordon,DEN,2025-26,30,Actual,1.7,,,1005
Jerami Grant,POR,2025-26,31,Actual,0.0,,,1695
A.J. Green,MIL,2025-26,26,Actual,-3.3,,,2270
Draymond Green,GSW,2025-26,35,Actual,-1.4,,,1869
Javonte Green,DET,2025-26,32,Actual,2.1,,,1446
Jalen Green,PHO,2025-26,23,Actual,-1.1,,,828
Josh Green,CHO,2025-26,25,Actual,-0.7,,,908
Quentin Grimes,PHI,2025-26,25,Actual,-1.6,,,2206
Mouhamed Gueye,ATL,2025-26,23,Actual,-1.3,,,1179
Rui Hachimura,LAL,2025-26,27,Actual,-2.2,,,1927
Tim Hardaway Jr.,DEN,2025-26,33,Actual,-0.7,,,2127
James Harden,2TM,2025-26,36,Actual,3.9,,,2438
Jaden Hardy,2TM,2025-26,23,Actual,-4.8,,,898
Elijah Harkless,UTA,2025-26,25,Actual,-5.6,,,545
Dylan Harper,SAS,2025-26,19,Actual,1.4,,,1558
Ron Harper Jr.,BOS,2025-26,25,Actual,1.1,,,318
Gary Harris,MIL,2025-26,31,Actual,-2.5,,,661
Tobias Harris,DET,2025-26,33,Actual,1.4,,,1746
Isaiah Hartenstein,OKC,2025-26,27,Actual,4.2,,,1137
Josh Hart,NYK,2025-26,30,Actual,3.0,,,1994
Sam Hauser,BOS,2025-26,28,Actual,0.6,,,1934
Jordan Hawkins,NOP,2025-26,23,Actual,-6.2,,,692
Jaxson Hayes,LAL,2025-26,25,Actual,1.2,,,1207
Killian Hayes,SAC,2025-26,24,Actual,-6.0,,,406
Scoot Henderson,POR,2025-26,21,Actual,-2.2,,,748
Taylor Hendricks,2TM,2025-26,22,Actual,-2.4,,,1118
Tyler Herro,MIA,2025-26,26,Actual,2.0,,,1033
Buddy Hield,2TM,2025-26,33,Actual,-1.0,,,819
Blake Hinson,UTA,2025-26,26,Actual,-0.6,,,285
Aaron Holiday,HOU,2025-26,29,Actual,-2.4,,,781
Jrue Holiday,POR,2025-26,35,Actual,1.9,,,1560
Ron Holland,DET,2025-26,20,Actual,-2.0,,,1551
Chet Holmgren,OKC,2025-26,23,Actual,4.2,,,1997
Al Horford,GSW,2025-26,39,Actual,1.6,,,969
Jett Howard,ORL,2025-26,22,Actual,-1.8,,,695
Kevin Huerter,2TM,2025-26,27,Actual,-0.6,,,1549
Jay Huff,IND,2025-26,27,Actual,0.4,,,1719
Ariel Hukporti,NYK,2025-26,23,Actual,-2.3,,,498
De'Andre Hunter,2TM,2025-26,28,Actual,-3.9,,,1176
Bones Hyland,MIN,2025-26,25,Actual,1.7,,,1177
Oso Ighodaro,PHO,2025-26,23,Actual,0.1,,,1808
Brandon Ingram,TOR,2025-26,28,Actual,0.5,,,2604
Jonathan Isaac,ORL,2025-26,28,Actual,-1.6,,,521
Jaden Ivey,2TM,2025-26,23,Actual,0.0,,,670
Andre Jackson Jr.,MIL,2025-26,24,Actual,-7.1,,,408
GG Jackson II,MEM,2025-26,21,Actual,-1.2,,,1178
Isaiah Jackson,2TM,2025-26,24,Actual,-1.2,,,908
Jaren Jackson Jr.,2TM,2025-26,26,Actual,-0.6,,,1454
Quenton Jackson,IND,2025-26,27,Actual,-1.8,,,897
Trayce Jackson-Davis,2TM,2025-26,25,Actual,-0.4,,,496
Kasparas Jakučionis,MIA,2025-26,19,Actual,-0.4,,,945
Bronny James,LAL,2025-26,21,Actual,-4.3,,,375
LeBron James,LAL,2025-26,41,Actual,3.5,,,1989
Sion James,CHO,2025-26,23,Actual,-2.0,,,1843
Jaime Jaquez Jr.,MIA,2025-26,24,Actual,0.1,,,2121
Daniss Jenkins,DET,2025-26,24,Actual,-0.7,,,1455
Ty Jerome,MEM,2025-26,28,Actual,7.7,,,339
Isaiah Joe,OKC,2025-26,26,Actual,2.5,,,1507
AJ Johnson,2TM,2025-26,21,Actual,-8.9,,,454
Cameron Johnson,DEN,2025-26,29,Actual,-0.6,,,1647
Chaney Johnson,BRK,2025-26,23,Actual,0.1,,,348
Jalen Johnson,ATL,2025-26,24,Actual,4.2,,,2532
Keldon Johnson,SAS,2025-26,26,Actual,0.9,,,1911
Keshad Johnson,MIA,2025-26,24,Actual,-1.3,,,280
Tre Johnson,WAS,2025-26,19,Actual,-5.0,,,1443
Nikola Jokić,DEN,2025-26,30,Actual,14.2,,,2265
Derrick Jones Jr.,LAC,2025-26,28,Actual,-0.7,,,1350
Herbert Jones,NOP,2025-26,27,Actual,-3.1,,,1588
Kam Jones,IND,2025-26,23,Actual,-6.2,,,616
Spencer Jones,DEN,2025-26,24,Actual,-2.4,,,1417
Tre Jones,CHI,2025-26,26,Actual,1.3,,,1752
Tyus Jones,3TM,2025-26,29,Actual,-2.4,,,979
Nikola Jović,MIA,2025-26,22,Actual,-3.5,,,808
Ryan Kalkbrenner,CHO,2025-26,24,Actual,1.8,,,1479
Luke Kennard,2TM,2025-26,29,Actual,0.1,,,1681
Corey Kispert,2TM,2025-26,26,Actual,-1.9,,,1080
Maxi Kleber,LAL,2025-26,34,Actual,-3.9,,,461
Dalton Knecht,LAL,2025-26,24,Actual,-3.6,,,553
Kon Knueppel,CHO,2025-26,20,Actual,2.8,,,2551
Tyler Kolek,NYK,2025-26,24,Actual,-0.6,,,727
Christian Koloko,3TM,2025-26,25,Actual,-4.7,,,357
Yanic Konan Niederhäuser,LAC,2025-26,22,Actual,-2.2,,,424
John Konchar,2TM,2025-26,29,Actual,0.9,,,1115
Luke Kornet,SAS,2025-26,30,Actual,3.6,,,1430
Vít Krejčí,2TM,2025-26,25,Actual,-1.6,,,1392
Jonathan Kuminga,2TM,2025-26,23,Actual,-2.0,,,830
Kyle Kuzma,MIL,2025-26,30,Actual,-2.3,,,1806
Jock Landale,2TM,2025-26,30,Actual,-0.1,,,1506
Chaz Lanier,DET,2025-26,24,Actual,-5.1,,,262
Jake LaRavia,LAL,2025-26,24,Actual,-1.2,,,2061
Pelle Larsson,MIA,2025-26,24,Actual,-1.2,,,1849
Zach LaVine,SAC,2025-26,30,Actual,-1.5,,,1224
Kawhi Leonard,LAC,2025-26,34,Actual,8.0,,,2085
Malevy Leons,GSW,2025-26,26,Actual,-2.8,,,276
Caris LeVert,DET,2025-26,31,Actual,-0.4,,,1154
E.J. Liddell,BRK,2025-26,25,Actual,-3.3,,,349
Isaiah Livers,PHO,2025-26,27,Actual,-2.5,,,347
Kevon Looney,NOP,2025-26,29,Actual,-1.8,,,308
Brook Lopez,LAC,2025-26,37,Actual,-0.9,,,1635
Caleb Love,POR,2025-26,24,Actual,-3.1,,,1013
Kevin Love,UTA,2025-26,37,Actual,0.2,,,613
Khaman Maluach,PHO,2025-26,19,Actual,-3.7,,,411
Sandro Mamukelashvili,TOR,2025-26,26,Actual,2.8,,,1751
Terance Mann,BRK,2025-26,29,Actual,-3.4,,,1529
Tre Mann,CHO,2025-26,24,Actual,-5.3,,,669
Lauri Markkanen,UTA,2025-26,28,Actual,2.6,,,1443
Naji Marshall,DAL,2025-26,28,Actual,-0.6,,,2184
Caleb Martin,DAL,2025-26,30,Actual,-2.2,,,856
Tyrese Martin,2TM,2025-26,26,Actual,-3.4,,,777
Jahmai Mashack,MEM,2025-26,23,Actual,-7.0,,,673
Bennedict Mathurin,2TM,2025-26,23,Actual,-2.5,,,1620
Karlo Matković,NOP,2025-26,24,Actual,0.7,,,912
Tyrese Maxey,PHI,2025-26,25,Actual,5.4,,,2661
Bez Mbeng,UTA,2025-26,22,Actual,-4.9,,,492
Miles McBride,NYK,2025-26,25,Actual,1.2,,,1080
Jared McCain,2TM,2025-26,21,Actual,-2.4,,,1160
CJ McCollum,2TM,2025-26,34,Actual,-0.3,,,2264
T.J. McConnell,IND,2025-26,33,Actual,2.5,,,963
Jaden McDaniels,MIN,2025-26,25,Actual,-0.3,,,2316
Doug McDermott,SAC,2025-26,34,Actual,-4.4,,,439
Bryce McGowens,NOP,2025-26,23,Actual,-2.9,,,880
Jordan McLaughlin,SAS,2025-26,29,Actual,0.6,,,282
Liam McNeeley,CHO,2025-26,20,Actual,-1.3,,,368
De'Anthony Melton,GSW,2025-26,27,Actual,-2.5,,,1125
Sam Merrill,CLE,2025-26,29,Actual,0.1,,,1377
Khris Middleton,2TM,2025-26,34,Actual,-4.4,,,1439
Brandon Miller,CHO,2025-26,23,Actual,1.6,,,1968
Jordan Miller,LAC,2025-26,26,Actual,0.2,,,1325
Leonard Miller,2TM,2025-26,22,Actual,-1.3,,,719
Josh Minott,2TM,2025-26,23,Actual,2.5,,,834
Yves Missi,NOP,2025-26,21,Actual,-1.7,,,1297
Ajay Mitchell,OKC,2025-26,23,Actual,1.9,,,1473
Davion Mitchell,MIA,2025-26,27,Actual,-0.9,,,2000
Donovan Mitchell,CLE,2025-26,29,Actual,5.1,,,2342
Evan Mobley,CLE,2025-26,24,Actual,3.0,,,2074
Malik Monk,SAC,2025-26,27,Actual,-1.3,,,1364
Moses Moody,GSW,2025-26,23,Actual,-0.1,,,1540
Ja Morant,MEM,2025-26,26,Actual,-1.5,,,569
Trey Murphy III,NOP,2025-26,25,Actual,2.4,,,2341
Collin Murray-Boyles,TOR,2025-26,20,Actual,1.0,,,1246
Dejounte Murray,NOP,2025-26,29,Actual,1.4,,,389
Jamal Murray,DEN,2025-26,28,Actual,4.1,,,2652
Keegan Murray,SAC,2025-26,25,Actual,-3.1,,,793
Kris Murray,POR,2025-26,25,Actual,-1.5,,,1333
Svi Mykhailiuk,UTA,2025-26,28,Actual,-1.7,,,1156
Larry Nance Jr.,CLE,2025-26,33,Actual,-3.4,,,449
Pete Nance,MIL,2025-26,25,Actual,-2.3,,,737
Andrew Nembhard,IND,2025-26,26,Actual,-0.8,,,1786
Ryan Nembhard,DAL,2025-26,22,Actual,-4.1,,,1171
Aaron Nesmith,IND,2025-26,26,Actual,-3.4,,,1335
Asa Newell,ATL,2025-26,20,Actual,-1.5,,,500
Zeke Nnaji,DEN,2025-26,25,Actual,-3.5,,,626
Jusuf Nurkić,UTA,2025-26,31,Actual,1.1,,,1083
Josh Okogie,HOU,2025-26,27,Actual,-1.2,,,1354
Onyeka Okongwu,ATL,2025-26,25,Actual,0.7,,,2297
Isaac Okoro,CHI,2025-26,25,Actual,-3.8,,,1695
Lachlan Olbrich,CHI,2025-26,22,Actual,-3.4,,,344
Kelly Olynyk,SAS,2025-26,34,Actual,-0.1,,,360
Royce O'Neale,PHO,2025-26,32,Actual,0.7,,,2213
Kelly Oubre Jr.,PHI,2025-26,30,Actual,-1.4,,,1574
Cameron Payne,PHI,2025-26,31,Actual,0.3,,,374
Gary Payton II,GSW,2025-26,33,Actual,1.9,,,1142
Micah Peavy,NOP,2025-26,24,Actual,-5.2,,,913
Noah Penda,ORL,2025-26,21,Actual,-1.5,,,757
Taelon Peter,IND,2025-26,23,Actual,-4.6,,,492
Julian Phillips,2TM,2025-26,22,Actual,-3.6,,,428
Jalen Pickett,DEN,2025-26,26,Actual,-2.3,,,807
Daeqwon Plowden,SAC,2025-26,27,Actual,-4.4,,,844
Brandin Podziemski,GSW,2025-26,22,Actual,0.2,,,2333
Jakob Poeltl,TOR,2025-26,30,Actual,1.6,,,1149
Jordan Poole,NOP,2025-26,26,Actual,-3.5,,,933
Craig Porter Jr.,CLE,2025-26,25,Actual,2.0,,,1148
Kevin Porter Jr.,MIL,2025-26,25,Actual,2.1,,,1261
Michael Porter Jr.,BRK,2025-26,27,Actual,3.0,,,1689
Bobby Portis,MIL,2025-26,30,Actual,0.0,,,1619
Kristaps Porziņģis,2TM,2025-26,30,Actual,1.9,,,769
Quinten Post,GSW,2025-26,25,Actual,-1.1,,,1159
Micah Potter,IND,2025-26,27,Actual,0.7,,,908
John Poulakidas,DAL,2025-26,22,Actual,-2.2,,,253
Drake Powell,BRK,2025-26,20,Actual,-6.0,,,1320
Dwight Powell,DAL,2025-26,34,Actual,-1.4,,,904
Norman Powell,MIA,2025-26,32,Actual,1.6,,,1717
Taurean Prince,MIL,2025-26,31,Actual,-3.1,,,611
Payton Pritchard,BOS,2025-26,28,Actual,2.3,,,2556
Tyrese Proctor,CLE,2025-26,21,Actual,-2.8,,,545
Olivier-Maxence Prosper,MEM,2025-26,23,Actual,-0.1,,,984
Derik Queen,NOP,2025-26,21,Actual,-0.8,,,2023
Neemias Queta,BOS,2025-26,26,Actual,2.8,,,1926
Immanuel Quickley,TOR,2025-26,26,Actual,2.4,,,2231
Julius Randle,MIN,2025-26,31,Actual,1.5,,,2610
Maxime Raynaud,SAC,2025-26,22,Actual,-2.4,,,1964
Duop Reath,POR,2025-26,29,Actual,-0.9,,,258
Austin Reaves,LAL,2025-26,27,Actual,2.8,,,1762
Paul Reed,DET,2025-26,26,Actual,5.3,,,901
Julian Reese,WAS,2025-26,22,Actual,-5.1,,,402
Naz Reid,MIN,2025-26,26,Actual,0.9,,,2007
Jase Richardson,ORL,2025-26,20,Actual,-2.5,,,587
Nick Richards,2TM,2025-26,28,Actual,-6.1,,,701
Will Richard,GSW,2025-26,23,Actual,-1.7,,,1377
Will Riley,WAS,2025-26,19,Actual,-4.5,,,1633
Zaccharie Risacher,ATL,2025-26,20,Actual,-2.5,,,1503
Duncan Robinson,DET,2025-26,31,Actual,0.8,,,2113
Jeremiah Robinson-Earl,2TM,2025-26,25,Actual,-5.2,,,361
Mitchell Robinson,NYK,2025-26,27,Actual,3.5,,,1175
Ryan Rollins,MIL,2025-26,23,Actual,0.2,,,2376
Rayan Rupert,2TM,2025-26,21,Actual,-5.1,,,1072
D'Angelo Russell,DAL,2025-26,29,Actual,-2.3,,,495
Cormac Ryan,MIL,2025-26,27,Actual,-0.8,,,271
Domantas Sabonis,SAC,2025-26,29,Actual,0.6,,,564
Tidjane Salaün,CHO,2025-26,20,Actual,-0.8,,,575
Kobe Sanders,LAC,2025-26,23,Actual,-2.9,,,1351
Gui Santos,GSW,2025-26,23,Actual,-0.6,,,1395
Ben Saraf,BRK,2025-26,19,Actual,-7.3,,,916
Alex Sarr,WAS,2025-26,20,Actual,0.7,,,1305
Marcus Sasser,DET,2025-26,25,Actual,-1.7,,,457
Baylor Scheierman,BOS,2025-26,25,Actual,0.6,,,1429
Dennis Schröder,2TM,2025-26,32,Actual,-2.2,,,1697
Alperen Şengün,HOU,2025-26,23,Actual,4.2,,,2398
Brice Sensabaugh,UTA,2025-26,22,Actual,-2.6,,,1762
Collin Sexton,2TM,2025-26,27,Actual,0.6,,,1614
Landry Shamet,NYK,2025-26,28,Actual,-0.3,,,1171
Terrence Shannon Jr.,MIN,2025-26,25,Actual,-3.6,,,538
Day'Ron Sharpe,BRK,2025-26,24,Actual,1.4,,,1160
Shaedon Sharpe,POR,2025-26,22,Actual,-1.4,,,1471
Jamal Shead,TOR,2025-26,23,Actual,-2.3,,,1852
Ben Sheppard,IND,2025-26,24,Actual,-3.0,,,1390
Reed Sheppard,HOU,2025-26,21,Actual,2.7,,,2147
Pascal Siakam,IND,2025-26,31,Actual,0.7,,,2057
Anfernee Simons,2TM,2025-26,26,Actual,-0.1,,,1372
KJ Simpson,2TM,2025-26,23,Actual,-5.1,,,257
Jericho Sims,MIL,2025-26,27,Actual,-3.1,,,1318
Jalen Slawson,IND,2025-26,26,Actual,-0.4,,,311
Javon Small,MEM,2025-26,23,Actual,1.0,,,830
Marcus Smart,LAL,2025-26,31,Actual,-2.2,,,1769
Dru Smith,MIA,2025-26,28,Actual,2.2,,,1141
Jalen Smith,CHI,2025-26,25,Actual,-0.7,,,1095
Jabari Smith Jr.,HOU,2025-26,22,Actual,-0.7,,,2705
Malachi Smith,BRK,2025-26,26,Actual,-0.8,,,359
Nick Smith Jr.,LAL,2025-26,21,Actual,-4.7,,,375
Jeremy Sochan,2TM,2025-26,22,Actual,-1.2,,,469
Cam Spencer,MEM,2025-26,25,Actual,2.2,,,1714
Pat Spencer,GSW,2025-26,29,Actual,-2.3,,,1229
Isaiah Stewart,DET,2025-26,24,Actual,0.0,,,1317
Julian Strawther,DEN,2025-26,23,Actual,-2.3,,,861
Max Strus,CLE,2025-26,29,Actual,-1.2,,,288
Jalen Suggs,ORL,2025-26,24,Actual,2.5,,,1574
Jae'Sean Tate,HOU,2025-26,30,Actual,-3.9,,,405
Jayson Tatum,BOS,2025-26,27,Actual,4.8,,,522
Dalen Terry,2TM,2025-26,23,Actual,-1.7,,,551
Cam Thomas,2TM,2025-26,24,Actual,-5.2,,,881
Amen Thompson,HOU,2025-26,23,Actual,2.6,,,2953
Ausar Thompson,DET,2025-26,23,Actual,3.1,,,1896
Ethan Thompson,IND,2025-26,26,Actual,-4.9,,,653
Klay Thompson,DAL,2025-26,35,Actual,-1.4,,,1497
Matisse Thybulle,POR,2025-26,28,Actual,4.4,,,480
Nae'Qwan Tomlin,CLE,2025-26,25,Actual,-2.1,,,1004
Obi Toppin,IND,2025-26,27,Actual,3.0,,,424
Karl-Anthony Towns,NYK,2025-26,30,Actual,3.3,,,2322
Nolan Traoré,BRK,2025-26,19,Actual,-6.8,,,1243
Gary Trent Jr.,MIL,2025-26,27,Actual,-5.4,,,1377
Oscar Tshiebwe,UTA,2025-26,26,Actual,-1.8,,,448
Myles Turner,MIL,2025-26,29,Actual,-0.9,,,1912
Jaylon Tyson,CLE,2025-26,23,Actual,0.1,,,1777
Jonas Valančiūnas,DEN,2025-26,33,Actual,0.0,,,871
Jarred Vanderbilt,LAL,2025-26,26,Actual,-1.5,,,1128
Devin Vassell,SAS,2025-26,25,Actual,0.5,,,2044
Gabe Vincent,2TM,2025-26,29,Actual,-4.3,,,879
Nikola Vučević,2TM,2025-26,35,Actual,1.5,,,1818
Tristan Vukcevic,WAS,2025-26,22,Actual,0.0,,,671
Dean Wade,CLE,2025-26,29,Actual,0.2,,,1318
Franz Wagner,ORL,2025-26,24,Actual,2.5,,,1019
Moritz Wagner,ORL,2025-26,28,Actual,-2.2,,,427
Jabari Walker,PHI,2025-26,23,Actual,-2.7,,,762
Jarace Walker,IND,2025-26,22,Actual,-2.4,,,1953
Cason Wallace,OKC,2025-26,22,Actual,1.2,,,2046
Keaton Wallace,ATL,2025-26,26,Actual,-2.7,,,536
Jordan Walsh,BOS,2025-26,21,Actual,0.2,,,1212
Ja'Kobe Walter,TOR,2025-26,21,Actual,-0.3,,,1474
Kel'el Ware,MIA,2025-26,21,Actual,2.1,,,1704
P.J. Washington,DAL,2025-26,27,Actual,-1.6,,,1736
Lindy Waters III,SAS,2025-26,28,Actual,-3.2,,,285
Trendon Watford,PHI,2025-26,25,Actual,-1.9,,,864
Jamir Watkins,WAS,2025-26,24,Actual,-3.3,,,1032
Peyton Watson,DEN,2025-26,23,Actual,-1.2,,,1598
Jaylen Wells,MEM,2025-26,22,Actual,-3.1,,,1821
Victor Wembanyama,SAS,2025-26,22,Actual,10.7,,,1866
Blake Wesley,POR,2025-26,22,Actual,-3.6,,,361
Russell Westbrook,SAC,2025-26,37,Actual,-0.4,,,1853
Coby White,2TM,2025-26,25,Actual,-1.3,,,1249
Derrick White,BOS,2025-26,31,Actual,3.2,,,2625
Cam Whitmore,WAS,2025-26,21,Actual,-3.3,,,354
Aaron Wiggins,OKC,2025-26,27,Actual,-0.9,,,1414
Andrew Wiggins,MIA,2025-26,30,Actual,1.2,,,2063
Brandon Williams,DAL,2025-26,26,Actual,0.4,,,1463
Cody Williams,UTA,2025-26,21,Actual,-5.5,,,1631
Grant Williams,CHO,2025-26,27,Actual,1.6,,,711
Jalen Williams,OKC,2025-26,24,Actual,2.1,,,936
Jaylin Williams,OKC,2025-26,23,Actual,2.7,,,1277
Kenrich Williams,OKC,2025-26,31,Actual,0.2,,,855
Mark Williams,PHO,2025-26,24,Actual,2.0,,,1416
Patrick Williams,CHI,2025-26,24,Actual,-4.5,,,1474
Robert Williams,POR,2025-26,28,Actual,4.5,,,1008
Vince Williams Jr.,2TM,2025-26,25,Actual,-1.0,,,820
Zion Williamson,NOP,2025-26,25,Actual,2.9,,,1841
Ziaire Williams,BRK,2025-26,24,Actual,-1.7,,,1281
Jalen Wilson,BRK,2025-26,25,Actual,-5.6,,,859
Danny Wolf,BRK,2025-26,21,Actual,-2.5,,,1187
Guerschon Yabusele,2TM,2025-26,30,Actual,-2.2,,,1007
Yang Hansen,POR,2025-26,20,Actual,-9.5,,,300
Trae Young,2TM,2025-26,27,Actual,2.8,,,384
Ivica Zubac,2TM,2025-26,28,Actual,-0.3,,,1446
Precious Achiuwa,SAC,2026-27,27,Projected,-1.5495739634302643,-3.992264634816696,0.4509878646194203,1745
Steven Adams,HOU,2026-27,33,Projected,-0.4725101382690392,-3.4419281132818833,1.2052322661900412,730
Bam Adebayo,MIA,2026-27,29,Projected,1.6956163240319777,-0.2858502478566456,3.8213241858364966,2365
Ochai Agbaji,2TM,2026-27,26,Projected,-2.4975662808715775,-5.466984255884421,-0.8198238764124972,973
Santi Aldama,MEM,2026-27,26,Projected,1.648643499495951,-0.7940471718904807,3.6492053275456353,1198
Nickeil Alexander-Walker,ATL,2026-27,28,Projected,0.4338144828295819,-1.547652089059041,2.559522344634101,2603
Grayson Allen,PHO,2026-27,31,Projected,0.6178786268058475,-1.824812044580584,2.618440454855532,1467
Jarrett Allen,CLE,2026-27,28,Projected,3.1093082165910615,0.6666175452046299,5.109870044640746,1519
Jose Alvarado,2TM,2026-27,28,Projected,-0.917599078197267,-3.3602897495836985,1.0829627498524177,1370
Kyle Anderson,3TM,2026-27,33,Projected,0.5334045583937701,-2.4360134166190743,2.21114696285285,853
Giannis Antetokounmpo,MIL,2026-27,32,Projected,8.646937202190319,5.677519227177475,10.3246796066494,1039
Cole Anthony,MIL,2026-27,26,Projected,-0.7487131536707866,-3.718131128683631,0.9290292507882936,527
OG Anunoby,NYK,2026-27,29,Projected,0.6332642168064335,-1.3482023550821896,2.7589720786109524,2224
Deni Avdija,POR,2026-27,26,Projected,2.1677579925654697,0.1862914206768466,4.293465854369989,2199
Deandre Ayton,LAL,2026-27,28,Projected,-0.5327052225375357,-2.514171794426159,1.5930026392669834,1958
Marvin Bagley III,2TM,2026-27,27,Projected,0.1562761426893581,-2.2864145286970734,2.156837970739043,1201
Ace Bailey,UTA,2026-27,20,Projected,-2.5081285592632327,-4.489595131151856,-0.3824206974587136,1988
LaMelo Ball,CHO,2026-27,25,Projected,4.007415651076204,2.0259490791875807,6.133123512880722,2017
Lonzo Ball,CLE,2026-27,29,Projected,-0.7135817544007821,-3.682999729413626,0.9641606500582982,728
Paolo Banchero,ORL,2026-27,24,Projected,2.075231141898601,0.0937645700099778,4.20093900370312,2502
Desmond Bane,ORL,2026-27,28,Projected,2.0660882444526165,0.0846216725639934,4.191796106257136,2756
Dominick Barlow,PHI,2026-27,23,Projected,-0.5806972822766815,-3.023387953663113,1.4198645457730033,1689
Harrison Barnes,SAS,2026-27,34,Projected,-1.0123224718039414,-2.9937890436925647,1.1133853900005777,1986
Scottie Barnes,TOR,2026-27,25,Projected,3.630029148984096,1.6485625770954726,5.755737010788614,2681
Brooks Barnhizer,OKC,2026-27,24,Projected,-1.3789725823864771,-4.348390557399322,0.2987698220726031,348
RJ Barrett,TOR,2026-27,26,Projected,0.1134459599661212,-2.3292447114203103,2.114007788015806,1726
Jamison Battle,TOR,2026-27,25,Projected,-1.7365315487952522,-4.705949523808096,-0.0587891443361718,517
Nicolas Batum,LAC,2026-27,38,Projected,-0.8206919513474819,-3.2633826227339133,1.179869876702203,1295
Joan Beringer,MIN,2026-27,20,Projected,1.5806737064795833,-1.388744268533261,3.2584161109386636,314
Saddiq Bey,NOP,2026-27,27,Projected,-0.3350868250322579,-2.316553396920881,1.7906210367722613,2246
Goga Bitadze,ORL,2026-27,27,Projected,2.2437435544557394,-0.7256744205571048,3.92148595891482,972
Anthony Black,ORL,2026-27,23,Projected,-0.8044553405748333,-2.7859219124634564,1.321252521229686,1910
Leaky Black,WAS,2026-27,27,Projected,-3.0823448575159142,-6.051762832528759,-1.404602453056834,433
Bogdan Bogdanović,LAC,2026-27,34,Projected,-1.509928699308231,-4.479346674321075,0.1678137051508492,452
Adem Bona,PHI,2026-27,23,Projected,-1.8827697470391795,-4.325460418425611,0.117792081010505,1234
Devin Booker,PHO,2026-27,30,Projected,1.5331546145469477,-0.4483119573416756,3.658862476351467,2146
Jamaree Bouyea,PHO,2026-27,27,Projected,-0.3051023613989977,-3.274520336411842,1.3726400430600825,644
Tony Bradley,2TM,2026-27,29,Projected,-2.8695409258235807,-5.838958900836425,-1.1917985213645004,450
Malaki Branham,WAS,2026-27,23,Projected,-3.214210850648156,-6.183628825661,-1.5364684461890756,275
Christian Braun,DEN,2026-27,25,Projected,-0.3527494353837602,-2.795440106770192,1.6478123926659245,1399
Mikal Bridges,NYK,2026-27,30,Projected,0.6531646965795468,-1.3283018753090765,2.778872558384066,2692
Miles Bridges,CHO,2026-27,28,Projected,0.6194917455891732,-1.3619748262994498,2.745199607393692,2387
Dillon Brooks,PHO,2026-27,31,Projected,-2.6022954501142386,-5.044986121500671,-0.6017336220645539,1702
Bruce Brown,DEN,2026-27,30,Projected,-2.829720956306725,-4.811187528195348,-0.7040130945022058,1998
Jaylen Brown,BOS,2026-27,30,Projected,1.4436816158660912,-0.5377849560225318,3.5693894776706103,2443
Kobe Brown,2TM,2026-27,27,Projected,-2.3649781843325828,-5.334396159345427,-0.6872357798735025,963
Jalen Brunson,NYK,2026-27,30,Projected,3.6151921368405,1.6337255649518767,5.740899998645019,2590
Carter Bryant,SAS,2026-27,21,Projected,-1.1096664463744594,-4.079084421387304,0.5680759580846209,818
Thomas Bryant,CLE,2026-27,29,Projected,-0.0913437701455592,-3.0607617451584033,1.586398634313521,732
Tyler Burton,MEM,2026-27,26,Projected,-2.7034245301009654,-5.67284250511381,-1.025682125641885,307
Jimmy Butler,GSW,2026-27,37,Projected,3.968305748156623,1.5256150767701913,5.968867576206307,1182
Matas Buzelis,CHI,2026-27,22,Projected,-0.4846958799485703,-2.466162451837193,1.6410119818559488,2248
Jamal Cain,ORL,2026-27,27,Projected,-1.8476044592555567,-4.8170224342684005,-0.1698620547964764,486
Kentavious Caldwell-Pope,MEM,2026-27,33,Projected,-1.9471589569918435,-4.916576932004688,-0.2694165525327634,1088
Toumani Camara,POR,2026-27,26,Projected,-0.9780991978711558,-2.959565769759779,1.1476086639333634,2731
Clint Capela,HOU,2026-27,32,Projected,-0.2573603642287908,-3.226778339241635,1.4203820402302894,926
Dylan Cardwell,SAC,2026-27,25,Projected,-1.1839245752254688,-4.153342550238313,0.4938178292336115,907
Branden Carlson,OKC,2026-27,27,Projected,0.4849373483966115,-2.4844806266162327,2.162679752855692,488
Bub Carrington,WAS,2026-27,21,Projected,-3.2539192195532327,-5.235385791441856,-1.1282113577487136,2271
Devin Carter,SAC,2026-27,24,Projected,-1.862804880316852,-4.832222855329697,-0.1850624758577717,700
Jevon Carter,2TM,2026-27,31,Projected,-2.3609725933421184,-5.330390568354963,-0.6832301888830381,867
Wendell Carter Jr.,ORL,2026-27,27,Projected,-0.5204189440973225,-2.5018855159859457,1.6052889177071967,2288
Alex Caruso,OKC,2026-27,32,Projected,2.3624601663140297,-0.6069578086988145,4.0402025707731095,1020
Stephon Castle,SAS,2026-27,22,Projected,0.5141469395259654,-1.4673196323626576,2.6398548013304843,2038
Justin Champagnie,WAS,2026-27,25,Projected,-0.1404779780259423,-2.583168649412374,1.8600838500237424,1377
Julian Champagnie,SAS,2026-27,25,Projected,0.1518963905277309,-1.829570181360892,2.27760425233225,2266
Kennedy Chandler,UTA,2026-27,24,Projected,-2.8453429297309523,-5.814760904743796,-1.167600525271872,355
Cam Christie,LAC,2026-27,21,Projected,-1.7703106481582327,-4.739728623171077,-0.0925682436991524,480
Max Christie,DAL,2026-27,23,Projected,-1.4311957461698492,-3.412662318058472,0.6945121156346699,2244
Moussa Cisse,DAL,2026-27,24,Projected,-1.5657639895541768,-4.5351819645670215,0.1119784149049034,530
Sidy Cissoko,POR,2026-27,22,Projected,-2.413593471669818,-4.85628414305625,-0.4130316436201333,1435
Jaylen Clark,MIN,2026-27,25,Projected,-1.133222448859132,-4.102640423871977,0.5445199555999483,888
Jordan Clarkson,NYK,2026-27,34,Projected,-3.4745420737351784,-5.91723274512161,-1.4739802456854938,1279
Nic Claxton,BRK,2026-27,27,Projected,0.7313814001715132,-1.2500851717171098,2.857089261976032,1920
Walter Clayton,2TM,2026-27,23,Projected,-2.993958844587446,-5.436649515973878,-0.9933970165377612,1410
Nique Clifford,SAC,2026-27,24,Projected,-3.948392633380497,-6.391083304766928,-1.9478308053308124,1882
Donovan Clingan,POR,2026-27,22,Projected,2.662206136292074,0.6807395644034508,4.7879139980965935,2094
Noah Clowney,BRK,2026-27,22,Projected,-2.162014817775128,-4.60470548916156,-0.1614529897254435,1780
Amir Coffey,2TM,2026-27,29,Projected,-2.2161560454652394,-5.185574020478084,-0.5384136410061591,490
Isaiah Collier,UTA,2026-27,22,Projected,-2.5726887558854012,-5.015379427271833,-0.5721269278357166,1517
John Collins,LAC,2026-27,29,Projected,-0.5368597826547921,-2.979550454041224,1.4637020453948926,1872
Mike Conley,MIN,2026-27,39,Projected,1.006289225160858,-1.9631287498519865,2.6840316296199385,991
Pat Connaughton,CHO,2026-27,34,Projected,-1.8025292665412824,-4.771947241554127,-0.1247868620822021,297
Sharife Cooper,WAS,2026-27,25,Projected,-2.512587752446556,-5.4820057274594,-0.8348453479874758,700
Bilal Coulibaly,WAS,2026-27,22,Projected,-2.112635391242272,-4.555326062628703,-0.1120735631925873,1468
Cedric Coward,MEM,2026-27,23,Projected,0.4198979895049215,-2.0227926818815103,2.4204598175546064,1598
LJ Cryer,GSW,2026-27,25,Projected,-2.1110786010685083,-5.0804965760813525,-0.433336196609428,292
Cade Cunningham,DET,2026-27,25,Projected,4.0897950571621,2.1083284852734767,6.215502918966619,2172
Stephen Curry,GSW,2026-27,38,Projected,4.758803794133512,2.3161131227470806,6.759365622183196,1329
Dyson Daniels,ATL,2026-27,23,Projected,1.7908886385808191,-0.1905779333078039,3.9165965003853382,2520
Tristan Da Silva,ORL,2026-27,25,Projected,-1.0436825506779703,-3.025149122566593,1.0820253111265488,1899
Anthony Davis,DAL,2026-27,33,Projected,4.029376472738873,1.0599584977260288,5.707118877197953,626
Egor Dëmin,BRK,2026-27,20,Projected,0.0332367805212341,-2.4094538908651977,2.033798608570919,1308
DeMar DeRozan,SAC,2026-27,37,Projected,-0.2666541117506978,-2.248120683639321,1.8590537500538211,2406
Moussa Diabaté,CHO,2026-27,25,Projected,0.6795756059140434,-1.3018909659745797,2.8052834677185627,1899
Mohamed Diawara,NYK,2026-27,21,Projected,-0.0514011576323107,-3.020819132645155,1.6263412468267695,634
Gradey Dick,TOR,2026-27,23,Projected,-2.969807635891302,-5.939225610904146,-1.292065231432222,1067
Ousmane Dieng,2TM,2026-27,23,Projected,-2.0749813178552943,-5.044399292868139,-0.397238913396214,1099
Rob Dillingham,2TM,2026-27,22,Projected,-4.365987024411277,-7.335404999424121,-2.6882446199521968,970
Donte DiVincenzo,MIN,2026-27,30,Projected,1.588594595041249,-0.392871976847374,3.714302456845768,2494
Luka Dončić,LAL,2026-27,27,Projected,8.29431036925954,6.312843797370917,10.42001823106406,2289
Luguentz Dort,OKC,2026-27,27,Projected,-1.118349324441876,-3.561039995828308,0.8822125036078086,1849
Ayo Dosunmu,2TM,2026-27,27,Projected,-0.2523147165526725,-2.695005387939104,1.7482471114970122,1881
Andre Drummond,PHI,2026-27,33,Projected,-1.2539960375176873,-3.696686708904119,0.7465657905319973,1231
Kris Dunn,LAC,2026-27,32,Projected,-0.3335313467088902,-2.314997918597513,1.7921765150956288,2230
Ryan Dunn,PHO,2026-27,24,Projected,-1.8015066135960016,-4.244197284982433,0.1990552144536832,1355
Kevin Durant,HOU,2026-27,38,Projected,3.2216510213287224,1.240184449440099,5.347358883133241,2840
Jalen Duren,DET,2026-27,23,Projected,3.576947749051767,1.595481177163144,5.7026556108562865,1976
Tari Eason,HOU,2026-27,25,Projected,0.8932078283320266,-1.549482843054405,2.8937696563817115,1549
Zach Edey,MEM,2026-27,24,Projected,0.3339109569692766,-2.6355070180435676,2.011653361428357,284
VJ Edgecombe,PHI,2026-27,21,Projected,0.6607726028743979,-1.3206939690142252,2.7864804646789167,2623
Anthony Edwards,MIN,2026-27,25,Projected,4.170481366627946,2.1890147947393235,6.296189228432466,2137
Justin Edwards,PHI,2026-27,23,Projected,-1.560105726785308,-4.529523701798152,0.1176366776737722,977
Keon Ellis,2TM,2026-27,27,Projected,0.7074410403367289,-1.7352496310497028,2.7080028683864135,1478
Joel Embiid,PHI,2026-27,32,Projected,5.972062762707527,3.529372091321095,7.972624590757212,1201
Tyson Etienne,BRK,2026-27,27,Projected,-1.627852607449859,-4.597270582462703,0.0498897970092213,380
Drew Eubanks,SAC,2026-27,29,Projected,-1.850584452439827,-4.820002427452671,-0.1728420479807466,552
Jeremiah Fears,NOP,2026-27,20,Projected,-1.036553389757353,-3.018019961645976,1.0891544720471664,2112
Kyle Filipowski,UTA,2026-27,23,Projected,-0.3836482742485756,-2.826338945635007,1.616913553801109,1801
Dorian Finney-Smith,HOU,2026-27,33,Projected,-2.2045271594826623,-5.173945134495506,-0.526784755023582,620
Cooper Flagg,DAL,2026-27,20,Projected,2.5955496724889535,0.6140831006003304,4.721257534293473,2344
Rasheer Fleming,PHO,2026-27,22,Projected,-1.7404996497701326,-4.709917624782976,-0.0627572453110523,673
Simone Fontecchio,MIA,2026-27,31,Projected,-1.3739365810473032,-3.816627252433735,0.6266252470023814,1173
De'Aaron Fox,SAS,2026-27,29,Projected,1.3764164527389378,-0.6050501191496853,3.502124314543457,2231
Johnny Furphy,IND,2026-27,22,Projected,-1.6205736771123609,-4.589991652125205,0.0571687273467196,643
Daniel Gafford,DAL,2026-27,28,Projected,2.0487623911454365,-0.3939282802409951,4.049324219195121,1195
Myron Gardner,MIA,2026-27,25,Projected,0.8120092916813603,-2.157408683331484,2.4897516961404405,411
Darius Garland,2TM,2026-27,27,Projected,0.8900833883476245,-1.5526072830388071,2.890645216397309,1344
Luka Garza,BOS,2026-27,28,Projected,1.8890380598736531,-1.080379915139191,3.5667804643327337,1118
Keyonte George,UTA,2026-27,23,Projected,-1.0845402806841724,-3.527230952070604,0.9160215473655122,1786
Kyshawn George,WAS,2026-27,23,Projected,-1.848197671757155,-4.290888343143587,0.1523641562925295,1391
Paul George,PHI,2026-27,36,Projected,1.2662608914197353,-1.1764297799666965,3.26682271946942,1135
Josh Giddey,CHI,2026-27,24,Projected,2.663960649995876,0.2212699786094445,4.66452247804556,1731
Shai Gilgeous-Alexander,OKC,2026-27,28,Projected,10.38614125694014,8.404674685051516,12.511849118744658,2259
Anthony Gill,WAS,2026-27,34,Projected,-3.2595108908918338,-6.2289288659046775,-1.5817684864327537,951
Collin Gillespie,PHO,2026-27,27,Projected,2.2198096623048844,0.2383430904162613,4.345517524109404,2282
Rudy Gobert,MIN,2026-27,34,Projected,0.9307231881952605,-1.0507433836933626,3.0564310499997793,2380
Hugo González,BOS,2026-27,20,Projected,0.1610099524166643,-2.80840802259618,1.838752356875745,1084
Jordan Goodwin,PHO,2026-27,28,Projected,0.5975694844599114,-1.8451211869265205,2.598131312509596,1572
Aaron Gordon,DEN,2026-27,31,Projected,0.8579759677166231,-2.1114420072962212,2.5357183721757033,1005
Jerami Grant,POR,2026-27,32,Projected,-0.5990777386690511,-3.0417684100554827,1.4014840893806335,1695
A.J. Green,MIL,2026-27,27,Projected,-2.6760096362640517,-4.657476208152675,-0.5503017744595327,2270
Draymond Green,GSW,2026-27,36,Projected,-0.2475174814414015,-2.690208152827833,1.753044346608283,1869
Javonte Green,DET,2026-27,33,Projected,-0.1069697431856117,-2.549660414572043,1.893592084864073,1446
Jalen Green,PHO,2026-27,24,Projected,0.1830645316066429,-2.786353443406201,1.8608069360657231,828
Josh Green,CHO,2026-27,26,Projected,-2.6192309506321254,-5.58864892564497,-0.9414885461730452,908
Quentin Grimes,PHI,2026-27,26,Projected,-0.8642204952815417,-2.845687067170165,1.2614873665229775,2206
Mouhamed Gueye,ATL,2026-27,24,Projected,-0.6321199189821853,-3.074810590368617,1.3684419090674993,1179
Rui Hachimura,LAL,2026-27,28,Projected,-1.3449928643060014,-3.3264594361946243,0.7807149974985177,1927
Tim Hardaway Jr.,DEN,2026-27,34,Projected,-2.13463828321521,-4.116104855103833,-0.0089304214106911,2127
James Harden,2TM,2026-27,37,Projected,3.234636792265493,1.2531702203768698,5.360344654070012,2438
Jaden Hardy,2TM,2026-27,24,Projected,-3.750898609048981,-6.720316584061825,-2.073156204589901,898
Elijah Harkless,UTA,2026-27,26,Projected,-3.640309438495928,-6.6097274135087725,-1.962567034036848,545
Dylan Harper,SAS,2026-27,20,Projected,2.534486878661947,0.0917962072755158,4.535048706711632,1558
Ron Harper Jr.,BOS,2026-27,26,Projected,0.646009887887199,-2.323408087125645,2.323752292346279,318
Gary Harris,MIL,2026-27,32,Projected,-1.9160340532206177,-4.885452028233462,-0.2382916487615372,661
Tobias Harris,DET,2026-27,34,Projected,0.2315908052644878,-2.211099866121944,2.2321526333141724,1746
Isaiah Hartenstein,OKC,2026-27,28,Projected,3.3140606703111573,0.8713699989247257,5.314622498360842,1137
Josh Hart,NYK,2026-27,31,Projected,1.5828530737416715,-0.3986134981469516,3.7085609355461906,1994
Sam Hauser,BOS,2026-27,29,Projected,0.4508107194072663,-1.5306558524813567,2.5765185812117855,1934
Jordan Hawkins,NOP,2026-27,24,Projected,-4.145941246636995,-7.11535922164984,-2.468198842177914,692
Jaxson Hayes,LAL,2026-27,26,Projected,0.1021438769294273,-2.3405467944570044,2.102705704979112,1207
Killian Hayes,SAC,2026-27,25,Projected,-2.8841857464426486,-5.853603721455492,-1.2064433419835685,406
Scoot Henderson,POR,2026-27,22,Projected,-2.1882097575153936,-5.157627732528238,-0.5104673530563133,748
Taylor Hendricks,2TM,2026-27,23,Projected,-1.2425747218410064,-4.211992696853851,0.4351676826180739,1118
Tyler Herro,MIA,2026-27,27,Projected,2.1471231532872506,-0.8222948217255936,3.824865557746331,1033
Buddy Hield,2TM,2026-27,34,Projected,-0.9662390549619366,-3.935657029974781,0.7115033494971437,819
Blake Hinson,UTA,2026-27,27,Projected,-0.3159554443208275,-3.2853734193336717,1.3617869601382528,285
Aaron Holiday,HOU,2026-27,30,Projected,-1.3757449985876675,-4.345162973600512,0.3019974058714125,781
Jrue Holiday,POR,2026-27,36,Projected,1.141148247920937,-1.3015424234654946,3.1417100759706216,1560
Ron Holland,DET,2026-27,21,Projected,-1.0458197359021333,-3.488510407288565,0.9547420921475512,1551
Chet Holmgren,OKC,2026-27,24,Projected,3.696681134488795,1.7152145626001725,5.822388996293315,1997
Al Horford,GSW,2026-27,40,Projected,1.026498845503773,-1.9429191295090713,2.704241249962853,969
Jett Howard,ORL,2026-27,23,Projected,-2.1555445095225476,-5.124962484535391,-0.4778021050634673,695
Kevin Huerter,2TM,2026-27,28,Projected,-1.0994138277967815,-3.542104499183213,0.9011480002529032,1549
Jay Huff,IND,2026-27,28,Projected,1.03581782124458,-1.4068728501418517,3.0363796492942647,1719
Ariel Hukporti,NYK,2026-27,24,Projected,-1.1400686235795132,-4.109486598592357,0.5376737808795671,498
De'Andre Hunter,2TM,2026-27,29,Projected,-1.9773439743457628,-4.420034645732194,0.0232178537039218,1176
Bones Hyland,MIN,2026-27,26,Projected,0.5098888053403425,-1.932801866046089,2.510450633390027,1177
Oso Ighodaro,PHO,2026-27,24,Projected,-0.3688465443795511,-2.811537215765983,1.6317152836701334,1808
Brandon Ingram,TOR,2026-27,29,Projected,0.2721322190683132,-1.70933435282031,2.3978400808728324,2604
Jonathan Isaac,ORL,2026-27,29,Projected,0.5353809135549386,-2.4340370614579054,2.213123318014019,521
Jaden Ivey,2TM,2026-27,24,Projected,-1.062383590401507,-4.0318015654143515,0.6153588140575732,670
Andre Jackson Jr.,MIL,2026-27,25,Projected,-3.481511660947937,-6.450929635960781,-1.8037692564888568,408
GG Jackson II,MEM,2026-27,22,Projected,-0.958388980111877,-3.401079651498309,1.0421728479378076,1178
Isaiah Jackson,2TM,2026-27,25,Projected,0.0784861746906053,-2.890931800322239,1.7562285791496857,908
Jaren Jackson Jr.,2TM,2026-27,27,Projected,0.7315996086850673,-1.7110910627013642,2.732161436734752,1454
Quenton Jackson,IND,2026-27,28,Projected,-1.1797774345189167,-4.149195409531761,0.4979649699401636,897
Trayce Jackson-Davis,2TM,2026-27,26,Projected,1.2188115694678257,-1.7506064055450186,2.896553973926906,496
Kasparas Jakučionis,MIA,2026-27,20,Projected,1.04531767263787,-1.924100302374974,2.7230600770969504,945
Bronny James,LAL,2026-27,22,Projected,-1.508835439165643,-4.4782534141784875,0.1689069652934369,375
LeBron James,LAL,2026-27,42,Projected,2.521191834436785,0.5397252625481619,4.646899696241304,1989
Sion James,CHO,2026-27,24,Projected,-1.4204401867235843,-3.863130858110016,0.5801216413261003,1843
Jaime Jaquez Jr.,MIA,2026-27,25,Projected,-0.4131205934437745,-2.3945871653323976,1.7125872683607446,2121
Daniss Jenkins,DET,2026-27,25,Projected,-0.3251414100361431,-2.7678320814225748,1.6754204180135417,1455
Ty Jerome,MEM,2026-27,29,Projected,3.9679442910282914,0.9985263160154472,5.645686695487372,339
Isaiah Joe,OKC,2026-27,27,Projected,1.5362540544639862,-0.9064366169224454,3.536815882513671,1507
AJ Johnson,2TM,2026-27,22,Projected,-5.6288741567276475,-8.598292131740491,-3.951131752268567,454
Cameron Johnson,DEN,2026-27,30,Projected,0.7920220499524852,-1.6506686214339463,2.7925838780021697,1647
Chaney Johnson,BRK,2026-27,24,Projected,0.3908939147527474,-2.5785240602600967,2.068636319211828,348
Jalen Johnson,ATL,2026-27,25,Projected,3.037790430732137,1.0563238588435138,5.163498292536656,2532
Keldon Johnson,SAS,2026-27,27,Projected,-0.597977333998011,-2.579443905886634,1.527730527806508,1911
Keshad Johnson,MIA,2026-27,25,Projected,-0.3647178206330892,-3.3341357956459334,1.313024583825991,280
Tre Johnson,WAS,2026-27,20,Projected,-2.8353390474162357,-5.278029718802667,-0.834777219366551,1443
Nikola Jokić,DEN,2026-27,31,Projected,12.578104885634298,10.596638313745675,14.703812747438818,2265
Derrick Jones Jr.,LAC,2026-27,29,Projected,-1.0199382217355843,-3.462628893122016,0.9806236063141004,1350
Herbert Jones,NOP,2026-27,28,Projected,-1.61190510806538,-4.0545957794518115,0.3886567199843045,1588
Kam Jones,IND,2026-27,24,Projected,-3.9300346826967782,-6.899452657709623,-2.2522922782376984,616
Spencer Jones,DEN,2026-27,25,Projected,-1.7408669420521834,-4.183557613438615,0.2596948859975012,1417
Tre Jones,CHI,2026-27,27,Projected,0.6634040055969197,-1.779286665789512,2.6639658336466043,1752
Tyus Jones,3TM,2026-27,30,Projected,-0.4275561848530602,-3.396974159865904,1.25018621960602,979
Nikola Jović,MIA,2026-27,23,Projected,-0.349020325069165,-3.3184383000820095,1.3287220793899153,808
Ryan Kalkbrenner,CHO,2026-27,25,Projected,1.773780398539308,-0.6689102728471235,3.7743422265889928,1479
Luke Kennard,2TM,2026-27,30,Projected,0.244142711838484,-2.1985479595479474,2.2447045398881684,1681
Corey Kispert,2TM,2026-27,27,Projected,-2.4623555355487308,-5.431773510561575,-0.7846131310896505,1080
Maxi Kleber,LAL,2026-27,35,Projected,-2.867915060643773,-5.837333035656617,-1.1901726561846928,461
Dalton Knecht,LAL,2026-27,25,Projected,-1.7811378560780344,-4.750555831090878,-0.1033954516189541,553
Kon Knueppel,CHO,2026-27,21,Projected,3.634519645361993,1.6530530734733695,5.760227507166512,2551
Tyler Kolek,NYK,2026-27,25,Projected,-0.6172166661825572,-3.5866346411954013,1.0605257382765232,727
Christian Koloko,3TM,2026-27,26,Projected,-2.6287904382493656,-5.59820841326221,-0.9510480337902854,357
Yanic Konan Niederhäuser,LAC,2026-27,23,Projected,-0.7163137970802355,-3.68573177209308,0.9614286073788448,424
John Konchar,2TM,2026-27,30,Projected,0.484728222826269,-2.484689752186575,2.1624706272853493,1115
Luke Kornet,SAS,2026-27,31,Projected,2.7495540976069974,0.3068634262205658,4.750115925656682,1430
Vít Krejčí,2TM,2026-27,26,Projected,-0.9152751256753492,-3.3579657970617807,1.0852867023743356,1392
Jonathan Kuminga,2TM,2026-27,24,Projected,-0.5257562238218096,-3.495174198834654,1.1519861806372709,830
Kyle Kuzma,MIL,2026-27,31,Projected,-3.069659868195897,-5.512350539582329,-1.0690980401462125,1806
Jock Landale,2TM,2026-27,31,Projected,-0.4328613484503517,-2.875552019836783,1.567700479599333,1506
Chaz Lanier,DET,2026-27,25,Projected,-2.174877984443153,-5.144295959455997,-0.4971355799840729,262
Jake LaRavia,LAL,2026-27,25,Projected,-0.6321316279689296,-2.613598199857553,1.4935762338355896,2061
Pelle Larsson,MIA,2026-27,25,Projected,-1.2513509508739906,-3.694041622260422,0.749210877175694,1849
Zach LaVine,SAC,2026-27,31,Projected,-0.5010661609243083,-2.94375683231074,1.4994956671253763,1224
Kawhi Leonard,LAC,2026-27,35,Projected,5.410443077473102,3.4289765055844788,7.53615093927762,2085
Malevy Leons,GSW,2026-27,27,Projected,-1.4003466175110597,-4.369764592523904,0.2773957869480208,276
Caris LeVert,DET,2026-27,32,Projected,0.1186389609754227,-2.324051710411009,2.1192007890251072,1154
E.J. Liddell,BRK,2026-27,26,Projected,-1.7668089770503703,-4.736226952063214,-0.0890665725912902,349
Isaiah Livers,PHO,2026-27,28,Projected,-2.9860809313090364,-5.95549890632188,-1.308338526849956,347
Kevon Looney,NOP,2026-27,30,Projected,-0.0282289779416727,-2.997646952954517,1.6495134265174076,308
Brook Lopez,LAC,2026-27,38,Projected,-0.3058580921259948,-2.7485487635124266,1.6947037359236898,1635
Caleb Love,POR,2026-27,25,Projected,-2.161301393516704,-5.130719368529548,-0.4835589890576237,1013
Kevin Love,UTA,2026-27,38,Projected,0.7378737120317971,-2.231544262981047,2.415616116490878,613
Khaman Maluach,PHO,2026-27,20,Projected,-0.8316309739361993,-3.801048948949043,0.846111430522881,411
Sandro Mamukelashvili,TOR,2026-27,27,Projected,2.0740161709975093,-0.3686745003889222,4.074577999047194,1751
Terance Mann,BRK,2026-27,30,Projected,-2.154763472514273,-4.597454143900705,-0.1542016444645884,1529
Tre Mann,CHO,2026-27,25,Projected,-2.4803362744454747,-5.449754249458319,-0.8025938699863944,669
Lauri Markkanen,UTA,2026-27,29,Projected,1.5280530422966638,-0.9146376290897678,3.5286148703463485,1443
Naji Marshall,DAL,2026-27,29,Projected,-0.9512072379708336,-2.9326738098594567,1.1745006238336857,2184
Caleb Martin,DAL,2026-27,31,Projected,-2.6660849964015125,-5.635502971414357,-0.9883425919424322,856
Tyrese Martin,2TM,2026-27,27,Projected,-2.586053904326383,-5.555471879339227,-0.9083114998673024,777
Jahmai Mashack,MEM,2026-27,24,Projected,-4.6115930076762455,-7.58101098268909,-2.933850603217165,673
Bennedict Mathurin,2TM,2026-27,24,Projected,-2.369289219932494,-4.811979891318926,-0.36872739188281,1620
Karlo Matković,NOP,2026-27,25,Projected,-0.0825247927165257,-3.05194276772937,1.5952176117425545,912
Tyrese Maxey,PHI,2026-27,26,Projected,3.7132911817942857,1.7318246099056622,5.838999043598804,2661
Bez Mbeng,UTA,2026-27,23,Projected,-2.5138371486994973,-5.4832551237123415,-0.836094744240417,492
Miles McBride,NYK,2026-27,26,Projected,0.3909990348535404,-2.578418940159304,2.0687414393126207,1080
Jared McCain,2TM,2026-27,22,Projected,-0.4745883443184941,-2.917279015704926,1.5259734837311905,1160
CJ McCollum,2TM,2026-27,35,Projected,-0.1453059696483633,-2.1267725415369862,1.9804018921561557,2264
T.J. McConnell,IND,2026-27,34,Projected,1.42843873236026,-1.540979242652584,3.10618113681934,963
Jaden McDaniels,MIN,2026-27,26,Projected,-0.6341715660003897,-2.615638137889013,1.4915362958041294,2316
Doug McDermott,SAC,2026-27,35,Projected,-3.4066079618508853,-6.37602593686373,-1.728865557391805,439
Bryce McGowens,NOP,2026-27,24,Projected,-2.7266594914329656,-5.69607746644581,-1.0489170869738853,880
Jordan McLaughlin,SAS,2026-27,30,Projected,1.0415793151072996,-1.9278386599055448,2.7193217195663797,282
Liam McNeeley,CHO,2026-27,21,Projected,0.3976768433229484,-2.5717411316898957,2.075419247782029,368
De'Anthony Melton,GSW,2026-27,28,Projected,-1.2731065157114236,-3.7157971870978552,0.727455312338261,1125
Sam Merrill,CLE,2026-27,30,Projected,0.1336369037576185,-2.309053767628813,2.1341987318073032,1377
Khris Middleton,2TM,2026-27,35,Projected,-1.8694161765703532,-4.312106847956785,0.1311456514793314,1439
Brandon Miller,CHO,2026-27,24,Projected,0.1815464408316383,-1.7999201310569848,2.3072543026361574,1968
Jordan Miller,LAC,2026-27,27,Projected,-0.3851484498816395,-2.827839121268071,1.615413378168045,1325
Leonard Miller,2TM,2026-27,23,Projected,-0.3358529975378492,-3.3052709725506935,1.341889406921231,719
Josh Minott,2TM,2026-27,24,Projected,2.244183616474035,-0.7252343585388092,3.9219260209331153,834
Yves Missi,NOP,2026-27,22,Projected,-1.2690420362613448,-3.711732707647776,0.7315197917883398,1297
Ajay Mitchell,OKC,2026-27,24,Projected,1.2259935251860183,-1.2166971462004132,3.226555353235703,1473
Davion Mitchell,MIA,2026-27,28,Projected,-1.8483733519855097,-3.829839923874133,0.2773345098190096,2000
Donovan Mitchell,CLE,2026-27,30,Projected,4.439774006030052,2.458307434141429,6.5654818678345706,2342
Evan Mobley,CLE,2026-27,25,Projected,3.621553274116402,1.640086702227779,5.747261135920921,2074
Malik Monk,SAC,2026-27,28,Projected,-0.5848547333991331,-3.027545404785565,1.4157070946505517,1364
Moses Moody,GSW,2026-27,24,Projected,-0.0570287359628854,-2.499719407349317,1.9435330920867993,1540
Ja Morant,MEM,2026-27,27,Projected,1.1379940319716468,-1.8314239430411976,2.8157364364307274,569
Trey Murphy III,NOP,2026-27,26,Projected,1.8592755569999944,-0.1221910148886284,3.9849834188045135,2341
Collin Murray-Boyles,TOR,2026-27,21,Projected,1.9340009931642368,-0.508689678222195,3.9345628212139214,1246
Dejounte Murray,NOP,2026-27,30,Projected,0.5646898577648298,-2.4047281172480144,2.24243226222391,389
Jamal Murray,DEN,2026-27,29,Projected,2.5335543847542494,0.5520878128656264,4.659262246558768,2652
Keegan Murray,SAC,2026-27,26,Projected,-1.4911623701238983,-4.4605803451367425,0.186580034335182,793
Kris Murray,POR,2026-27,26,Projected,-2.238701553706915,-4.681392225093346,-0.2381397256572301,1333
Svi Mykhailiuk,UTA,2026-27,29,Projected,-2.281664942501444,-4.724355613887876,-0.2811031144517595,1156
Larry Nance Jr.,CLE,2026-27,34,Projected,-0.1725917323147305,-3.142009707327575,1.5051506721443495,449
Pete Nance,MIL,2026-27,26,Projected,-1.6153301745395987,-4.584748149552443,0.0624122299194815,737
Andrew Nembhard,IND,2026-27,27,Projected,-1.5959947288054488,-4.038685400191881,0.4045670992442358,1786
Ryan Nembhard,DAL,2026-27,23,Projected,-2.71320954589941,-5.155900217285842,-0.7126477178497255,1171
Aaron Nesmith,IND,2026-27,27,Projected,-1.547168945846602,-3.9898596172330336,0.4533928822030826,1335
Asa Newell,ATL,2026-27,21,Projected,0.169686087754104,-2.79973188725874,1.8474284922131845,500
Zeke Nnaji,DEN,2026-27,26,Projected,-2.3166735761334856,-5.286091551146329,-0.6389311716744053,626
Jusuf Nurkić,UTA,2026-27,32,Projected,0.3028929283750856,-2.6665250466377586,1.980635332834166,1083
Josh Okogie,HOU,2026-27,28,Projected,-0.463943192197862,-2.9066338635842937,1.5366186358518226,1354
Onyeka Okongwu,ATL,2026-27,26,Projected,0.7085813203087624,-1.2728852515798603,2.8342891821132814,2297
Isaac Okoro,CHI,2026-27,26,Projected,-2.0162219884509702,-4.458912659837402,-0.0156601604012855,1695
Lachlan Olbrich,CHI,2026-27,23,Projected,-1.2609582299732138,-4.230376204986058,0.4167841744858664,344
Kelly Olynyk,SAS,2026-27,35,Projected,0.1832227166885676,-2.7861952583242764,1.860965121147648,360
Royce O'Neale,PHO,2026-27,33,Projected,-0.0440091985836198,-2.025475770472243,2.0816986632208994,2213
Kelly Oubre Jr.,PHI,2026-27,31,Projected,-2.287884099005966,-4.730574770392398,-0.2873222709562815,1574
Cameron Payne,PHI,2026-27,32,Projected,-0.5150000484714569,-3.484418023484301,1.1627423559876235,374
Gary Payton II,GSW,2026-27,34,Projected,0.8866463552394934,-1.5560443161469382,2.887208183289178,1142
Micah Peavy,NOP,2026-27,25,Projected,-3.709206570825231,-6.678624545838076,-2.0314641663661512,913
Noah Penda,ORL,2026-27,22,Projected,-0.1556442037150993,-3.1250621787279433,1.522098200743981,757
Taelon Peter,IND,2026-27,24,Projected,-2.5969707638216932,-5.566388738834537,-0.9192283593626128,492
Julian Phillips,2TM,2026-27,23,Projected,-2.3312968315862497,-5.300714806599094,-0.6535544271271694,428
Jalen Pickett,DEN,2026-27,27,Projected,-1.673359718579172,-4.642777693592016,0.0043826858799083,807
Daeqwon Plowden,SAC,2026-27,28,Projected,-3.325786378418033,-6.2952043534308775,-1.6480439739589523,844
Brandin Podziemski,GSW,2026-27,23,Projected,0.8370702104807042,-1.144396361407919,2.9627780722852233,2333
Jakob Poeltl,TOR,2026-27,31,Projected,1.0046770689553766,-1.438013602431055,3.005238897005061,1149
Jordan Poole,NOP,2026-27,27,Projected,-1.9641183485420028,-4.933536323554847,-0.2863759440829225,933
Craig Porter Jr.,CLE,2026-27,26,Projected,1.3594946030839052,-1.0831960683025263,3.36005643113359,1148
Kevin Porter Jr.,MIL,2026-27,26,Projected,0.7480338056842364,-1.6946568657021952,2.7485956337339212,1261
Michael Porter Jr.,BRK,2026-27,28,Projected,0.8593089237069661,-1.5833817476794656,2.8598707517566506,1689
Bobby Portis,MIL,2026-27,31,Projected,-0.6081278537537204,-3.050818525140152,1.3924339742959644,1619
Kristaps Porziņģis,2TM,2026-27,31,Projected,3.267780275157609,0.2983623001447646,4.945522679616689,769
Quinten Post,GSW,2026-27,26,Projected,-0.5728203231208506,-3.015510994507282,1.427741504928834,1159
Micah Potter,IND,2026-27,28,Projected,-0.7947146898014044,-3.764132664814249,0.8830277146576759,908
John Poulakidas,DAL,2026-27,23,Projected,-0.4270658703917761,-3.3964838454046204,1.250676534067304,253
Drake Powell,BRK,2026-27,21,Projected,-3.8287237733280257,-6.271414444714457,-1.8281619452783409,1320
Dwight Powell,DAL,2026-27,35,Projected,-1.0477635397989895,-4.017181514811834,0.6299788646600906,904
Norman Powell,MIA,2026-27,33,Projected,0.4964009960286613,-1.9462896753577703,2.496962824078346,1717
Taurean Prince,MIL,2026-27,32,Projected,-2.2733879688879357,-5.24280594390078,-0.5956455644288554,611
Payton Pritchard,BOS,2026-27,29,Projected,2.01218751211841,0.0307209402297867,4.1378953739229285,2556
Tyrese Proctor,CLE,2026-27,22,Projected,-0.9043422320469215,-3.8737602070597656,0.7734001724121586,545
Olivier-Maxence Prosper,MEM,2026-27,24,Projected,-0.544814108950856,-3.5142320839637,1.1329282955082245,984
Derik Queen,NOP,2026-27,22,Projected,0.2258725625014196,-1.7555940093872031,2.3515804243059386,2023
Neemias Queta,BOS,2026-27,27,Projected,1.6410434156220464,-0.3404231562665767,3.7667512774265655,1926
Immanuel Quickley,TOR,2026-27,27,Projected,1.8770192279636015,-0.1044473439250215,4.00272708976812,2231
Julius Randle,MIN,2026-27,32,Projected,1.311357340746057,-0.670109231142566,3.437065202550576,2610
Maxime Raynaud,SAC,2026-27,23,Projected,-1.511053591169722,-3.4925201630583453,0.614654270634797,1964
Duop Reath,POR,2026-27,30,Projected,-0.7017201367723984,-3.6711381117852424,0.976022267686682,258
Austin Reaves,LAL,2026-27,28,Projected,1.6291400734949435,-0.8135505978914881,3.629701901544628,1762
Paul Reed,DET,2026-27,27,Projected,2.4432432639442636,-0.5261747110685806,4.120985668403344,901
Julian Reese,WAS,2026-27,23,Projected,-2.3935982194269707,-5.363016194439815,-0.7158558149678904,402
Naz Reid,MIN,2026-27,27,Projected,1.1793684465902992,-0.8020981252983239,3.3050763083948183,2007
Jase Richardson,ORL,2026-27,21,Projected,-0.5629147048194423,-3.5323326798322867,1.114827699639638,587
Nick Richards,2TM,2026-27,29,Projected,-3.597295666906114,-6.566713641918957,-1.919553262447033,701
Will Richard,GSW,2026-27,24,Projected,-1.0944518985978084,-3.53714256998424,0.9061099294518762,1377
Will Riley,WAS,2026-27,20,Projected,-2.4907999269019614,-4.933490598288393,-0.4902380988522767,1633
Zaccharie Risacher,ATL,2026-27,21,Projected,-1.625063316995354,-4.067753988381785,0.3754985110543307,1503
Duncan Robinson,DET,2026-27,32,Projected,-0.4756085114144316,-2.457075083303055,1.6500993503900874,2113
Jeremiah Robinson-Earl,2TM,2026-27,26,Projected,-2.5740239699725933,-5.543441944985437,-0.896281565513513,361
Mitchell Robinson,NYK,2026-27,28,Projected,2.2366768519493436,-0.2060138194370879,4.237238679999028,1175
Ryan Rollins,MIL,2026-27,24,Projected,0.3560904810390225,-1.6253760908496004,2.4817983428435415,2376
Rayan Rupert,2TM,2026-27,22,Projected,-3.70756050202085,-6.676978477033694,-2.02981809756177,1072
D'Angelo Russell,DAL,2026-27,30,Projected,-0.1771960637829543,-3.1466140387957986,1.500546340676126,495
Cormac Ryan,MIL,2026-27,28,Projected,-0.4008708373644474,-3.3702888123772916,1.276871567094633,271
Domantas Sabonis,SAC,2026-27,30,Projected,4.7099309734466,1.7405129984337555,6.38767337790568,564
Tidjane Salaün,CHO,2026-27,21,Projected,-1.9276660091482705,-4.897083984161115,-0.2499236046891901,575
Kobe Sanders,LAC,2026-27,24,Projected,-2.082941758563851,-4.525632429950283,-0.0823799305141665,1351
Gui Santos,GSW,2026-27,24,Projected,-0.5053638737622954,-2.948054545148727,1.4951979542873892,1395
Ben Saraf,BRK,2026-27,20,Projected,-4.2314116616978,-7.200829636710644,-2.55366925723872,916
Alex Sarr,WAS,2026-27,21,Projected,-0.1638342290893633,-2.6065249004757947,1.8367275989603211,1305
Marcus Sasser,DET,2026-27,26,Projected,-1.4500122297302018,-4.419430204743046,0.2277301747288784,457
Baylor Scheierman,BOS,2026-27,26,Projected,0.2065664022899409,-2.23612426909649,2.2071282303396256,1429
Dennis Schröder,2TM,2026-27,33,Projected,-2.3384357361465753,-4.781126407533007,-0.3378739080968906,1697
Alperen Şengün,HOU,2026-27,24,Projected,4.519803483055479,2.538336911166856,6.645511344859997,2398
Brice Sensabaugh,UTA,2026-27,23,Projected,-1.6420408108607094,-4.084731482247141,0.3585210171889752,1762
Collin Sexton,2TM,2026-27,28,Projected,0.5098528834007022,-1.9328377879857292,2.510414711450387,1614
Landry Shamet,NYK,2026-27,29,Projected,-1.7268978191291338,-4.169588490515565,0.2736640089205508,1171
Terrence Shannon Jr.,MIN,2026-27,26,Projected,-2.2502705535433476,-5.219688528556192,-0.5725281490842673,538
Day'Ron Sharpe,BRK,2026-27,25,Projected,1.0949633122765072,-1.3477273591099244,3.095525140326192,1160
Shaedon Sharpe,POR,2026-27,23,Projected,-0.8908472376377995,-3.333537909024231,1.109714590411885,1471
Jamal Shead,TOR,2026-27,24,Projected,-2.4315712358941797,-4.874261907280611,-0.431009407844495,1852
Ben Sheppard,IND,2026-27,25,Projected,-2.224201420993564,-4.666892092379996,-0.2236395929438792,1390
Reed Sheppard,HOU,2026-27,22,Projected,2.589230457334839,0.607763885446216,4.714938319139359,2147
Pascal Siakam,IND,2026-27,32,Projected,1.2084606981680497,-0.7730058737205736,3.334168559972569,2057
Anfernee Simons,2TM,2026-27,27,Projected,-0.0720389221075751,-2.514729593494007,1.9285229059421096,1372
KJ Simpson,2TM,2026-27,24,Projected,-3.761910031714693,-6.731328006727537,-2.0841676272556127,257
Jericho Sims,MIL,2026-27,28,Projected,-2.572986065514792,-5.015676736901224,-0.5724242374651074,1318
Jalen Slawson,IND,2026-27,27,Projected,-0.2254470191938932,-3.1948649942067373,1.4522953852651872,311
Javon Small,MEM,2026-27,24,Projected,1.0697159884471574,-1.8997019865656868,2.7474583929062377,830
Marcus Smart,LAL,2026-27,32,Projected,-2.003776768204947,-4.446467439591379,-0.0032149401552623,1769
Dru Smith,MIA,2026-27,29,Projected,1.5100891735011552,-0.9326014978852764,3.5106510015508396,1141
Jalen Smith,CHI,2026-27,26,Projected,0.5547977777723607,-2.4146201972404837,2.232540182231441,1095
Jabari Smith Jr.,HOU,2026-27,23,Projected,-0.0078073655957214,-1.989273937484345,2.1179004962087977,2705
Malachi Smith,BRK,2026-27,27,Projected,-0.4663451895535303,-3.4357631645663744,1.21139721490555,359
Nick Smith Jr.,LAL,2026-27,22,Projected,-3.9076813709629423,-6.877099345975787,-2.2299389665038625,375
Jeremy Sochan,2TM,2026-27,23,Projected,-1.4240283580900694,-4.393446333102913,0.2537140463690108,469
Cam Spencer,MEM,2026-27,26,Projected,1.802061246799149,-0.6406294245872826,3.8026230748488334,1714
Pat Spencer,GSW,2026-27,30,Projected,-1.9332145260765945,-4.375905197463026,0.0673473019730901,1229
Isaiah Stewart,DET,2026-27,25,Projected,-0.0984172078089076,-2.541107879195339,1.902144620240777,1317
Julian Strawther,DEN,2026-27,24,Projected,-3.1507535685985393,-6.1201715436113835,-1.473011164139459,861
Max Strus,CLE,2026-27,30,Projected,-0.0390011401584323,-3.0084191151712765,1.638741264300648,288
Jalen Suggs,ORL,2026-27,25,Projected,1.668526272693784,-0.7741643986926476,3.6690881007434686,1574
Jae'Sean Tate,HOU,2026-27,31,Projected,-2.2923887392563778,-5.2618067142692215,-0.6146463347972975,405
Jayson Tatum,BOS,2026-27,28,Projected,4.754660828710425,1.7852428536975808,6.432403233169506,522
Dalen Terry,2TM,2026-27,24,Projected,-2.0867646255274552,-5.0561826005403,-0.4090222210683749,551
Cam Thomas,2TM,2026-27,25,Projected,-1.6849626970365712,-4.654380672049415,-0.0072202925774909,881
Amen Thompson,HOU,2026-27,24,Projected,3.1268886992099096,1.1454221273212866,5.252596561014428,2953
Ausar Thompson,DET,2026-27,24,Projected,1.6457925631927397,-0.3356740086958834,3.771500424997259,1896
Ethan Thompson,IND,2026-27,27,Projected,-3.451939137297841,-6.421357112310686,-1.774196732838761,653
Klay Thompson,DAL,2026-27,36,Projected,-1.2102729365861022,-3.652963607972534,0.7902888914635824,1497
Matisse Thybulle,POR,2026-27,29,Projected,1.746539706495187,-1.2228782685176571,3.4242821109542674,480
Nae'Qwan Tomlin,CLE,2026-27,26,Projected,-1.5948436957646015,-4.564261670777446,0.0828987086944785,1004
Obi Toppin,IND,2026-27,28,Projected,1.6192016510228615,-1.3502163239899825,3.296944055481942,424
Karl-Anthony Towns,NYK,2026-27,31,Projected,2.654784993961368,0.6733184220727451,4.780492855765887,2322
Nolan Traoré,BRK,2026-27,20,Projected,-4.194842071945702,-6.637532743332134,-2.1942802438960176,1243
Gary Trent Jr.,MIL,2026-27,28,Projected,-3.0061798606222365,-5.448870532008668,-1.005618032572552,1377
Oscar Tshiebwe,UTA,2026-27,27,Projected,-1.1970154118773508,-4.166433386890195,0.4807269925817294,448
Myles Turner,MIL,2026-27,30,Projected,-0.0820062653133368,-2.06347283720196,2.043701596491182,1912
Jaylon Tyson,CLE,2026-27,24,Projected,-0.0170886077029143,-2.459779279089346,1.9834732203467704,1777
Jonas Valančiūnas,DEN,2026-27,34,Projected,0.0955397681376674,-2.873878206875177,1.7732821725967476,871
Jarred Vanderbilt,LAL,2026-27,27,Projected,-1.259743876161112,-3.702434547547543,0.7408179518885727,1128
Devin Vassell,SAS,2026-27,26,Projected,-0.1026960918141979,-2.0841626637028208,2.023011769990321,2044
Gabe Vincent,2TM,2026-27,30,Projected,-3.734784622640873,-6.704202597653717,-2.057042218181792,879
Nikola Vučević,2TM,2026-27,36,Projected,1.0711957080250412,-1.3714949633613904,3.071757536074726,1818
Tristan Vukcevic,WAS,2026-27,23,Projected,0.4431246956445119,-2.5262932793683324,2.120867100103592,671
Dean Wade,CLE,2026-27,30,Projected,0.094662339391928,-2.3480283319945037,2.095224167441613,1318
Franz Wagner,ORL,2026-27,25,Projected,2.3952372814380833,-0.5741806935747609,4.072979685897163,1019
Moritz Wagner,ORL,2026-27,29,Projected,0.9754302410963576,-1.9939877339164864,2.653172645555438,427
Jabari Walker,PHI,2026-27,24,Projected,-1.9040493025565195,-4.873467277569364,-0.2263068980974392,762
Jarace Walker,IND,2026-27,23,Projected,-1.0382122085481291,-3.0196787804367524,1.08749565325639,1953
Cason Wallace,OKC,2026-27,23,Projected,1.4216957118759497,-0.5597708600126736,3.5474035736804685,2046
Keaton Wallace,ATL,2026-27,27,Projected,-1.9765286903433388,-4.945946665356183,-0.2987862858842585,536
Jordan Walsh,BOS,2026-27,22,Projected,0.3713904929011923,-2.0713001784852394,2.371952320950877,1212
Ja'Kobe Walter,TOR,2026-27,22,Projected,-0.2440692638294286,-2.68675993521586,1.756492564220256,1474
Kel'el Ware,MIA,2026-27,22,Projected,2.035594109154156,-0.4070965622322755,4.036155937203841,1704
P.J. Washington,DAL,2026-27,28,Projected,-1.4696725991681814,-3.912363270554613,0.5308892288815033,1736
Lindy Waters III,SAS,2026-27,29,Projected,-2.018062059334235,-4.9874800343470795,-0.3403196548751546,285
Trendon Watford,PHI,2026-27,26,Projected,-1.7032751088959668,-4.672693083908811,-0.0255327044368864,864
Jamir Watkins,WAS,2026-27,25,Projected,-2.328427810725849,-5.297845785738693,-0.6506854062667689,1032
Peyton Watson,DEN,2026-27,24,Projected,-1.2189946353676742,-3.661685306754106,0.7815671926820105,1598
Jaylen Wells,MEM,2026-27,23,Projected,-1.8879897668902448,-4.330680438276676,0.1125720611594398,1821
Victor Wembanyama,SAS,2026-27,23,Projected,8.026741061252343,5.5840503898659115,10.027302889302028,1866
Blake Wesley,POR,2026-27,23,Projected,-2.7324240471991517,-5.701842022211996,-1.0546816427400714,361
Russell Westbrook,SAC,2026-27,38,Projected,-1.0519164936729242,-3.494607165059356,0.9486453343767604,1853
Coby White,2TM,2026-27,26,Projected,-0.8462101104007399,-3.2889007817871714,1.1543517176489448,1249
Derrick White,BOS,2026-27,32,Projected,3.169368332831283,1.18790176094266,5.2950761946358025,2625
Cam Whitmore,WAS,2026-27,22,Projected,0.4278837224228325,-2.5415342525900115,2.105626126881913,354
Aaron Wiggins,OKC,2026-27,28,Projected,0.1661963261186623,-2.2764943452677695,2.166758154168347,1414
Andrew Wiggins,MIA,2026-27,31,Projected,-0.2369049813366239,-2.2183715532252473,1.8888028804678951,2063
Brandon Williams,DAL,2026-27,27,Projected,0.4187859790878118,-2.0239046922986197,2.4193478071374965,1463
Cody Williams,UTA,2026-27,22,Projected,-4.565771779315739,-7.00846245070217,-2.5652099512660542,1631
Grant Williams,CHO,2026-27,28,Projected,-1.0895230392852933,-4.058941014298138,0.588219365173787,711
Jalen Williams,OKC,2026-27,25,Projected,3.0638314366375443,0.0944134616247001,4.741573841096624,936
Jaylin Williams,OKC,2026-27,24,Projected,2.786396545906169,0.3437058745197374,4.786958373955853,1277
Kenrich Williams,OKC,2026-27,32,Projected,-0.0335936091978519,-3.003011584210696,1.6441487952612284,855
Mark Williams,PHO,2026-27,25,Projected,2.419429766702557,-0.0232609046838745,4.419991594752242,1416
Patrick Williams,CHI,2026-27,25,Projected,-3.2164521039664904,-5.659142775352922,-1.2158902759168058,1474
Robert Williams,POR,2026-27,29,Projected,3.127406790652804,0.15798881563996,4.805149195111884,1008
Vince Williams Jr.,2TM,2026-27,26,Projected,-1.0366444146386686,-4.006062389651513,0.6410979898204117,820
Zion Williamson,NOP,2026-27,26,Projected,3.7070782800614137,1.264387608674982,5.707640108111098,1841
Ziaire Williams,BRK,2026-27,25,Projected,-2.0305562383918296,-4.473246909778261,-0.029994410342145,1281
Jalen Wilson,BRK,2026-27,26,Projected,-3.8519104195263343,-6.821328394539179,-2.1741680150672544,859
Danny Wolf,BRK,2026-27,22,Projected,-1.08834849785356,-3.5310391692399916,0.9122133301961246,1187
Guerschon Yabusele,2TM,2026-27,31,Projected,-1.7501528103943105,-4.7195707854071545,-0.0724104059352299,1007
Yang Hansen,POR,2026-27,21,Projected,-3.765715071510704,-6.735133046523548,-2.087972667051623,300
Trae Young,2TM,2026-27,28,Projected,1.2558084931194604,-1.7136094818933838,2.9335508975785407,384
Ivica Zubac,2TM,2026-27,29,Projected,1.1080941935199755,-1.334596477866456,3.10865602156966,1446
Precious Achiuwa,SAC,2027-28,28,Projected,-1.5914831372580531,-4.146232995385468,0.3437120075048148,1745
Steven Adams,HOU,2027-28,34,Projected,-0.9827159943926744,-4.306725867513444,0.8580663553381166,730
Bam Adebayo,MIA,2027-28,30,Projected,1.5914970093955318,-0.8557746519138996,3.8557472420924057,2365
Ochai Agbaji,2TM,2027-28,27,Projected,-2.544325980570464,-5.868335853691234,-0.7035436308396732,973
Santi Aldama,MEM,2027-28,27,Projected,1.6018837997970643,-1.7221260733237056,3.442666149527855,1198
Nickeil Alexander-Walker,ATL,2027-28,29,Projected,0.1236535222753433,-2.323618139034088,2.3879037549722173,2603
Grayson Allen,PHO,2027-28,32,Projected,0.4944003269510095,-2.060349531176405,2.4295954717138777,1467
Jarrett Allen,CLE,2027-28,29,Projected,2.799147256036823,0.2443973979094083,4.734342400799691,1519
Jose Alvarado,2TM,2027-28,29,Projected,-1.2277600387515055,-3.78250989687892,0.7074351060113624,1370
Kyle Anderson,3TM,2027-28,34,Projected,0.0231987022701349,-3.3008111708506354,1.863981052000926,853
Giannis Antetokounmpo,MIL,2027-28,33,Projected,8.269093384745467,4.945083511624697,10.109875734476258,1039
Cole Anthony,MIL,2027-28,27,Projected,-0.7954728533696731,-4.1194827264904434,1.0453094963611178,527
OG Anunoby,NYK,2027-28,30,Projected,0.5291449021699879,-1.9181267591394435,2.793395134866862,2224
Deni Avdija,POR,2027-28,27,Projected,2.120998292866583,-0.3262733684428482,4.385248525563457,2199
Deandre Ayton,LAL,2027-28,29,Projected,-0.8428661830917743,-3.2901378444012055,1.4213840496050996,1958
Marvin Bagley III,2TM,2027-28,28,Projected,0.1143669688615694,-2.440382889265845,2.0495621136244373,1201
Ace Bailey,UTA,2027-28,21,Projected,-1.402166702685597,-3.849438363995029,0.8620835300112768,1988
LaMelo Ball,CHO,2027-28,26,Projected,4.038636871748688,1.5913652104392564,6.302887104445562,2017
Lonzo Ball,CLE,2027-28,30,Projected,-0.8177010690372277,-4.141710942157998,1.0230812806935632,728
Paolo Banchero,ORL,2027-28,25,Projected,2.3260133758003354,-0.121258285509096,4.590263608497209,2502
Desmond Bane,ORL,2027-28,29,Projected,1.755927283898378,-0.6913443774110535,4.020177516595252,2756
Dominick Barlow,PHI,2027-28,24,Projected,-0.2746434333139167,-2.829393291441331,1.6605517114489512,1689
Harrison Barnes,SAS,2027-28,35,Projected,-1.4032432636216647,-3.850514924931096,0.8610069690752091,1986
Scottie Barnes,TOR,2027-28,26,Projected,3.66125036965658,1.2139787083471485,5.925500602353454,2681
Brooks Barnhizer,OKC,2027-28,25,Projected,-1.1281903484847429,-4.452200221605513,0.712592001246048,348
RJ Barrett,TOR,2027-28,27,Projected,0.0666862602672347,-2.48806359786018,2.001881405030103,1726
Jamison Battle,TOR,2027-28,26,Projected,-1.705310328122768,-5.029320201243538,0.1354720216080229,517
Nicolas Batum,LAC,2027-28,39,Projected,-1.0390474290004528,-3.5937972871278676,0.8961477157624151,1295
Joan Beringer,MIN,2027-28,21,Projected,2.686635563057219,-0.6373743100635512,4.52741791278801,314
Saddiq Bey,NOP,2027-28,28,Projected,-0.3769959988600465,-2.824267660169478,1.8872542338368272,2246
Goga Bitadze,ORL,2027-28,28,Projected,2.201834380627951,-1.1221754924928191,4.042616730358741,972
Anthony Black,ORL,2027-28,24,Projected,-0.4984014916120685,-2.9456731529214997,1.7658487410848054,1910
Leaky Black,WAS,2027-28,28,Projected,-3.124254031343703,-6.448263904464473,-1.283471681612912,433
Bogdan Bogdanović,LAC,2027-28,35,Projected,-1.900849491125954,-5.224859364246724,-0.0600671413951632,452
Adem Bona,PHI,2027-28,24,Projected,-1.5767158980764149,-4.13146575620383,0.358479246686453,1234
Devin Booker,PHO,2027-28,31,Projected,1.107022427005837,-1.3402492343035943,3.371272659702711,2146
Jamaree Bouyea,PHO,2027-28,28,Projected,-0.3470115352267864,-3.671021408347556,1.4937708145040045,644
Tony Bradley,2TM,2027-28,30,Projected,-2.9736602404600263,-6.297670113580796,-1.1328778907292354,450
Malaki Branham,WAS,2027-28,24,Projected,-2.9081570016853915,-6.232166874806161,-1.0673746519546006,275
Christian Braun,DEN,2027-28,26,Projected,-0.3215282147112759,-2.8762780728386907,1.613666930051592,1399
Mikal Bridges,NYK,2027-28,31,Projected,0.2270325090384363,-2.220239152270995,2.49128274173531,2692
Miles Bridges,CHO,2027-28,29,Projected,0.3093307850349346,-2.137940876274497,2.5735810177318084,2387
Dillon Brooks,PHO,2027-28,32,Projected,-2.7257737499690764,-5.280523608096491,-0.7905786052062085,1702
Bruce Brown,DEN,2027-28,31,Projected,-3.2558531438478355,-5.703124805157267,-0.9916029111509616,1998
Jaylen Brown,BOS,2027-28,31,Projected,1.0175494283249806,-1.4297222329844508,3.2817996610218545,2443
Kobe Brown,2TM,2027-28,28,Projected,-2.4068873581603714,-5.7308972312811415,-0.5661050084295804,963
Jalen Brunson,NYK,2027-28,31,Projected,3.189059949299389,0.7417882879899578,5.4533101819962635,2590
Carter Bryant,SAS,2027-28,22,Projected,-0.1894884283548803,-3.5134983014756505,1.6512939213759106,818
Thomas Bryant,CLE,2027-28,30,Projected,-0.1954630847820049,-3.519472957902775,1.645319264948786,732
Tyler Burton,MEM,2027-28,27,Projected,-2.750184229799852,-6.074194102920622,-0.9094018800690612,307
Jimmy Butler,GSW,2027-28,38,Projected,3.361847357972428,0.037837484851658,5.202629707703219,1182
Matas Buzelis,CHI,2027-28,23,Projected,0.0953865660298203,-2.351885095279611,2.359636798726694,2248
Jamal Cain,ORL,2027-28,28,Projected,-1.8895136330833455,-5.213523506204115,-0.0487312833525546,486
Kentavious Caldwell-Pope,MEM,2027-28,34,Projected,-2.457364813115479,-5.78137468623625,-0.6165824633846881,1088
Toumani Camara,POR,2027-28,27,Projected,-1.0248588975700423,-3.4721305588794737,1.2393913351268315,2731
Clint Capela,HOU,2027-28,33,Projected,-0.635204181673642,-3.959214054794412,1.205578168057149,926
Dylan Cardwell,SAC,2027-28,26,Projected,-1.1527033545529846,-4.476713227673755,0.6880789951778064,907
Branden Carlson,OKC,2027-28,28,Projected,0.4430281745688229,-2.880981698551947,2.283810524299614,488
Bub Carrington,WAS,2027-28,22,Projected,-2.3337412015336536,-4.781012862843085,-0.0694909688367797,2271
Devin Carter,SAC,2027-28,25,Projected,-1.6120226464151175,-4.936032519535888,0.2287597033156732,700
Jevon Carter,2TM,2027-28,32,Projected,-2.484450893196956,-5.808460766317726,-0.6436685434661653,867
Wendell Carter Jr.,ORL,2027-28,28,Projected,-0.5623281179251112,-3.0095997792345424,1.7019221147717627,2288
Alex Caruso,OKC,2027-28,33,Projected,1.9846163488691784,-1.3393935242515915,3.8253986985999697,1020
Stephon Castle,SAS,2027-28,23,Projected,1.094229385504356,-1.3530422758050755,3.3584796182012298,2038
Justin Champagnie,WAS,2027-28,26,Projected,-0.109256757353458,-2.6640066154808726,1.8259383874094095,1377
Julian Champagnie,SAS,2027-28,26,Projected,0.1831176112002152,-2.2641540501092163,2.447367843897089,2266
Kennedy Chandler,UTA,2027-28,25,Projected,-2.5945606958292178,-5.918570568949988,-0.7537783460984269,355
Cam Christie,LAC,2027-28,22,Projected,-0.8501326301386536,-4.174142503259423,0.9906497195921372,480
Max Christie,DAL,2027-28,24,Projected,-1.1251418972070846,-3.572413558516516,1.1391083354897893,2244
Moussa Cisse,DAL,2027-28,25,Projected,-1.3149817556524426,-4.638991628773213,0.5258005940783483,530
Sidy Cissoko,POR,2027-28,23,Projected,-1.833511025691427,-4.388260883818842,0.1016841190714405,1435
Jaylen Clark,MIN,2027-28,26,Projected,-1.1020012281866478,-4.426011101307418,0.7387811215441431,888
Jordan Clarkson,NYK,2027-28,35,Projected,-3.8654628655529018,-6.420212723680316,-1.9302677207900336,1279
Nic Claxton,BRK,2027-28,28,Projected,0.6894722263437245,-1.757799434965707,2.9537224590405984,1920
Walter Clayton,2TM,2027-28,24,Projected,-2.687904995624681,-5.242654853752096,-0.7527098508618131,1410
Nique Clifford,SAC,2027-28,25,Projected,-3.697610399478763,-6.252360257606178,-1.762415254715895,1882
Donovan Clingan,POR,2027-28,23,Projected,3.242288582270465,0.7950169209610336,5.506538814967339,2094
Noah Clowney,BRK,2027-28,23,Projected,-1.5819323717967375,-4.136682229924152,0.3532627729661304,1780
Amir Coffey,2TM,2027-28,30,Projected,-2.320275360101685,-5.644285233222455,-0.4794930103708941,490
Isaiah Collier,UTA,2027-28,23,Projected,-1.9926063099070104,-4.547356168034425,-0.0574111651441426,1517
John Collins,LAC,2027-28,30,Projected,-0.6409790972912377,-3.1957289554186525,1.2942160474716302,1872
Mike Conley,MIN,2027-28,40,Projected,0.121918967722383,-3.202090905398387,1.962701317453174,991
Pat Connaughton,CHO,2027-28,35,Projected,-2.1934500583590055,-5.517459931479776,-0.3526677086282146,297
Sharife Cooper,WAS,2027-28,26,Projected,-2.481366531774072,-5.805376404894842,-0.6405841820432809,700
Bilal Coulibaly,WAS,2027-28,23,Projected,-1.5325529452638813,-4.087302803391296,0.4026421994989866,1468
Cedric Coward,MEM,2027-28,24,Projected,0.7259518384676863,-1.8287980196597284,2.6611469832305543,1598
LJ Cryer,GSW,2027-28,26,Projected,-2.079857380396024,-5.403867253516794,-0.2390750306652331,292
Cade Cunningham,DET,2027-28,26,Projected,4.121016277834584,1.6737446165251524,6.385266510531458,2172
Stephen Curry,GSW,2027-28,39,Projected,4.540448316480542,1.9856984583531272,6.4756434612434095,1329
Dyson Daniels,ATL,2027-28,24,Projected,2.0969424875435836,-0.3503291737658478,4.3611927202404575,2520
Tristan Da Silva,ORL,2027-28,26,Projected,-1.012461330005486,-3.5672111881329007,0.922733814757382,1899
Anthony Davis,DAL,2027-28,34,Projected,3.5191706166152383,0.1951607434944682,5.359952966346029,626
Egor Dëmin,BRK,2027-28,21,Projected,1.1391986370988698,-1.4155512210285448,3.0743937818617377,1308
DeMar DeRozan,SAC,2027-28,38,Projected,-0.8731125019348926,-3.320384163244324,1.3911377307619812,2406
Moussa Diabaté,CHO,2027-28,26,Projected,0.7107968265865278,-1.8439530315408867,2.6459919713493956,1899
Mohamed Diawara,NYK,2027-28,22,Projected,0.8687768603872683,-2.455233012733502,2.709559210118059,634
Gradey Dick,TOR,2027-28,24,Projected,-2.6637537869285373,-5.987763660049307,-0.8229714371977463,1067
Ousmane Dieng,2TM,2027-28,24,Projected,-1.7689274688925296,-5.0929373420132995,0.0718548808382613,1099
Rob Dillingham,2TM,2027-28,23,Projected,-3.785904578432886,-7.1099144515536565,-1.945122228702095,970
Donte DiVincenzo,MIN,2027-28,31,Projected,1.1624624075001386,-1.2848092538092928,3.4267126401970125,2494
Luka Dončić,LAL,2027-28,28,Projected,8.252401195431752,5.805129534122321,10.516651428128624,2289
Luguentz Dort,OKC,2027-28,28,Projected,-1.1602584982696649,-3.715008356397079,0.774936646493203,1849
Ayo Dosunmu,2TM,2027-28,28,Projected,-0.2942238903804611,-2.8489737485078757,1.6409712543824069,1881
Andre Drummond,PHI,2027-28,34,Projected,-1.7642018936413224,-4.318951751768737,0.1709932511215455,1231
Kris Dunn,LAC,2027-28,33,Projected,-0.7113751641537415,-3.158646825463173,1.5528750685431325,2230
Ryan Dunn,PHO,2027-28,25,Projected,-1.5507243796942671,-4.1054742378216815,0.3844707650686008,1355
Kevin Durant,HOU,2027-28,39,Projected,3.0032955436757516,0.5560238823663202,5.267545776372625,2840
Jalen Duren,DET,2027-28,24,Projected,3.8830015980145314,1.4357299367051,6.147251830711405,1976
Tari Eason,HOU,2027-28,26,Projected,0.9244290490045108,-1.6303208091229038,2.8596241937673788,1549
Zach Edey,MEM,2027-28,25,Projected,0.5846931908710109,-2.739316682249759,2.425475540601802,284
VJ Edgecombe,PHI,2027-28,22,Projected,1.580950620893977,-0.8663210404154544,3.8452008535908506,2623
Anthony Edwards,MIN,2027-28,26,Projected,4.201702587300431,1.7544309259909991,6.465952819997304,2137
Justin Edwards,PHI,2027-28,24,Projected,-1.2540518778225431,-4.578061750943314,0.5867304719082476,977
Keon Ellis,2TM,2027-28,28,Projected,0.6655318665089403,-1.8892179916184744,2.6007270112718084,1478
Joel Embiid,PHI,2027-28,33,Projected,5.594218945262676,3.039469087135261,7.529414090025544,1201
Tyson Etienne,BRK,2027-28,28,Projected,-1.6697617812776475,-4.993771654398418,0.1710205684531431,380
Drew Eubanks,SAC,2027-28,30,Projected,-1.9547037670762728,-5.278713640197043,-0.1139214173454816,552
Jeremiah Fears,NOP,2027-28,21,Projected,0.069408466820283,-2.3778631944891484,2.333658699517157,2112
Kyle Filipowski,UTA,2027-28,24,Projected,-0.0775944252858108,-2.6323442834132256,1.8576007194770572,1801
Dorian Finney-Smith,HOU,2027-28,34,Projected,-2.7147330156062974,-6.038742888727068,-0.8739506658755065,620
Cooper Flagg,DAL,2027-28,21,Projected,3.7015115290665896,1.2542398677571582,5.9657617617634635,2344
Rasheer Fleming,PHO,2027-28,23,Projected,-1.160417203791742,-4.484427076912512,0.680365145939049,673
Simone Fontecchio,MIA,2027-28,32,Projected,-1.4974148809021413,-4.821424754022911,0.3433674688286496,1173
De'Aaron Fox,SAS,2027-28,30,Projected,1.272297138102492,-1.1749745232069393,3.536547370799366,2231
Johnny Furphy,IND,2027-28,23,Projected,-1.04049123113397,-4.364501104254741,0.8002911185968209,643
Daniel Gafford,DAL,2027-28,29,Projected,1.738601430591198,-1.5854084425295722,3.579383780321989,1195
Myron Gardner,MIA,2027-28,26,Projected,0.8432305123538446,-2.4807793607669257,2.6840128620846357,411
Darius Garland,2TM,2027-28,28,Projected,0.8481742145198359,-1.7065756436075787,2.7833693592827036,1344
Luka Garza,BOS,2027-28,29,Projected,1.5788770993194146,-1.7451327738013556,3.4196594490502052,1118
Keyonte George,UTA,2027-28,24,Projected,-0.7784864317214075,-3.333236289848822,1.1567087130414604,1786
Kyshawn George,WAS,2027-28,24,Projected,-1.5421438227943904,-4.096893680921805,0.3930513219684775,1391
Paul George,PHI,2027-28,37,Projected,0.5836752831201117,-2.7403345900006584,2.4244576328509027,1135
Josh Giddey,CHI,2027-28,25,Projected,2.9147428838976106,0.359993025770196,4.849938028660478,1731
Shai Gilgeous-Alexander,OKC,2027-28,29,Projected,10.0759802963859,7.628708635076469,12.340230529082774,2259
Anthony Gill,WAS,2027-28,35,Projected,-3.6504316827095566,-6.974441555830326,-1.8096493329787655,951
Collin Gillespie,PHO,2027-28,28,Projected,2.177900488477096,-0.2693711728323356,4.44215072117397,2282
Rudy Gobert,MIN,2027-28,35,Projected,0.5398023963775374,-1.907469264931894,2.804052629074411,2380
Hugo González,BOS,2027-28,21,Projected,1.2669718089943,-2.05703806412647,3.1077541587250908,1084
Jordan Goodwin,PHO,2027-28,29,Projected,0.2874085239056729,-2.267341334221742,2.222603668668541,1572
Aaron Gordon,DEN,2027-28,32,Projected,0.7344976678617852,-2.589512205258985,2.575280017592576,1005
Jerami Grant,POR,2027-28,33,Projected,-0.9769215561139024,-3.531671414241317,0.9582735886489656,1695
A.J. Green,MIL,2027-28,28,Projected,-2.7179188100918403,-5.165190471401272,-0.4536685773949664,2270
Draymond Green,GSW,2027-28,37,Projected,-0.930103089741025,-3.48485294786844,1.005092055021843,1869
Javonte Green,DET,2027-28,34,Projected,-0.6171755993092468,-3.1719254574366613,1.318019545453621,1446
Jalen Green,PHO,2027-28,25,Projected,0.4338467655083772,-2.890163107612393,2.274629115239168,828
Josh Green,CHO,2027-28,27,Projected,-2.665990650331012,-5.990000523451782,-0.8252083006002211,908
Quentin Grimes,PHI,2027-28,27,Projected,-0.910980194980428,-3.3582518562898596,1.3532700377164455,2206
Mouhamed Gueye,ATL,2027-28,25,Projected,-0.381337685080451,-3.705347558201221,1.4594446646503398,1179
Rui Hachimura,LAL,2027-28,29,Projected,-1.65515382486024,-4.102425486169672,0.6090964078366339,1927
Tim Hardaway Jr.,DEN,2027-28,35,Projected,-2.525559075032933,-4.972830736342365,-0.2613088423360592,2127
James Harden,2TM,2027-28,38,Projected,2.628178402081298,0.1809067407718667,4.892428634778172,2438
Jaden Hardy,2TM,2027-28,25,Projected,-3.500116375147247,-6.824126248268017,-1.659334025416456,898
Elijah Harkless,UTA,2027-28,27,Projected,-3.687069138194815,-7.011079011315585,-1.846286788464024,545
Dylan Harper,SAS,2027-28,21,Projected,3.640448735239583,1.0856988771121685,5.575643880002451,1558
Ron Harper Jr.,BOS,2027-28,27,Projected,0.5992501881883125,-2.7247596849324576,2.4400325379191035,318
Gary Harris,MIL,2027-28,33,Projected,-2.2938778706654688,-5.617887743786239,-0.4530955209346778,661
Tobias Harris,DET,2027-28,35,Projected,-0.1593299865532352,-2.7140798446806498,1.7758651582096323,1746
Isaiah Hartenstein,OKC,2027-28,29,Projected,3.0038997097569187,-0.3201101633638514,4.84468205948771,1137
Josh Hart,NYK,2027-28,32,Projected,1.4593747738868337,-0.9878968874225976,3.723625006583707,1994
Sam Hauser,BOS,2027-28,30,Projected,0.3466914047708207,-2.1005802565386107,2.6109416374676946,1934
Jordan Hawkins,NOP,2027-28,25,Projected,-3.895159012735261,-7.21916888585603,-2.0543766630044695,692
Jaxson Hayes,LAL,2027-28,27,Projected,0.0553841772305408,-2.4993656808968736,1.9905793219934087,1207
Killian Hayes,SAC,2027-28,26,Projected,-2.8529645257701644,-6.176974398890934,-1.0121821760393734,406
Scoot Henderson,POR,2027-28,23,Projected,-1.608127311537003,-4.932137184657773,0.2326550381937879,748
Taylor Hendricks,2TM,2027-28,24,Projected,-0.9365208728782416,-4.260530745999012,0.9042614768525492,1118
Tyler Herro,MIA,2027-28,28,Projected,2.105213979459462,-1.218795893661308,3.945996329190253,1033
Buddy Hield,2TM,2027-28,35,Projected,-1.3571598467796595,-4.68116971990043,0.4836225029511312,819
Blake Hinson,UTA,2027-28,28,Projected,-0.3578646181486161,-3.681874491269386,1.4829177315821749,285
Aaron Holiday,HOU,2027-28,31,Projected,-1.8018771861287783,-5.125887059249548,0.0389051636020125,781
Jrue Holiday,POR,2027-28,37,Projected,0.4585626396213134,-2.0961872185061012,2.3937577843841815,1560
Ron Holland,DET,2027-28,22,Projected,-0.1256417178825541,-2.680391576009969,1.8095534268803135,1551
Chet Holmgren,OKC,2027-28,25,Projected,3.9474633683905296,1.5001917070810982,6.2117136010874034,1997
Al Horford,GSW,2027-28,41,Projected,0.5236724836226567,-2.8003373894981136,2.364454833353448,969
Jett Howard,ORL,2027-28,24,Projected,-1.849490660559783,-5.173500533680553,-0.008708310828992,695
Kevin Huerter,2TM,2027-28,29,Projected,-1.40957478835102,-3.9643246464784343,0.5256203564118478,1549
Jay Huff,IND,2027-28,29,Projected,0.7256568606903415,-1.829092997437073,2.6608520054532097,1719
Ariel Hukporti,NYK,2027-28,25,Projected,-0.889286389677779,-4.213296262798549,0.951495960053012,498
De'Andre Hunter,2TM,2027-28,30,Projected,-2.081463288982208,-5.405473162102979,-0.2406809392514173,1176
Bones Hyland,MIN,2027-28,27,Projected,0.463129105641456,-2.860880767479314,2.303911455372247,1177
Oso Ighodaro,PHO,2027-28,25,Projected,-0.1180643104778168,-2.6728141686052314,1.817130834285051,1808
Brandon Ingram,TOR,2027-28,30,Projected,0.1680129044318675,-2.2792587568775637,2.4322631371287415,2604
Jonathan Isaac,ORL,2027-28,30,Projected,0.4312615989184929,-2.892748274202277,2.2720439486492836,521
Jaden Ivey,2TM,2027-28,25,Projected,-0.8116013564997728,-4.135611229620543,1.029180993231018,670
Andre Jackson Jr.,MIL,2027-28,26,Projected,-3.450290440275453,-6.774300313396223,-1.609508090544662,408
GG Jackson II,MEM,2027-28,23,Projected,-0.3783065341334863,-3.7023164072542567,1.4624758155973046,1178
Isaiah Jackson,2TM,2027-28,26,Projected,0.1097073953630896,-3.2143024777576805,1.9504897450938803,908
Jaren Jackson Jr.,2TM,2027-28,28,Projected,0.6896904348572788,-1.865059423270136,2.6248855796201465,1454
Quenton Jackson,IND,2027-28,29,Projected,-1.4899383950731553,-4.813948268193926,0.3508439546576356,897
Trayce Jackson-Davis,2TM,2027-28,27,Projected,1.1720518697689393,-2.151958003351831,3.01283421949973,496
Kasparas Jakučionis,MIA,2027-28,21,Projected,2.151279529215506,-1.1727303439052643,3.9920618789462967,945
Bronny James,LAL,2027-28,23,Projected,-0.9287529931872528,-4.252762866308023,0.9120293565435382,375
LeBron James,LAL,2027-28,43,Projected,-1.0788081655632151,-3.5260798268726465,1.1854420671336587,1989
Sion James,CHO,2027-28,25,Projected,-1.16965795282185,-3.724407810949264,0.7655371919410179,1843
Jaime Jaquez Jr.,MIA,2027-28,26,Projected,-0.3818993727712902,-2.8291710340807215,1.8823508599255836,2121
Daniss Jenkins,DET,2027-28,26,Projected,-0.2939201893636589,-2.8486700474910736,1.641274955399209,1455
Ty Jerome,MEM,2027-28,30,Projected,3.8638249763918457,0.5398151032710756,5.704607326122637,339
Isaiah Joe,OKC,2027-28,28,Projected,1.4943448806361974,-1.0604049774912172,3.4295400253990653,1507
AJ Johnson,2TM,2027-28,23,Projected,-5.048791710749257,-8.372801583870027,-3.2080093610184663,454
Cameron Johnson,DEN,2027-28,31,Projected,0.3658898624113746,-2.18885999571604,2.3010850071742426,1647
Chaney Johnson,BRK,2027-28,25,Projected,0.6416761486544816,-2.6823337244662886,2.4824584983852724,348
Jalen Johnson,ATL,2027-28,26,Projected,3.069011651404621,0.6217399900951897,5.3332618841014945,2532
Keldon Johnson,SAS,2027-28,28,Projected,-0.6398865078257996,-3.087158169135231,1.6243637248710745,1911
Keshad Johnson,MIA,2027-28,26,Projected,-0.3334965999606049,-3.657506473081375,1.507285749770186,280
Tre Johnson,WAS,2027-28,21,Projected,-1.7293771908386,-4.284127048966015,0.2058179539242679,1443
Nikola Jokić,DEN,2027-28,32,Projected,12.45462658577946,10.007354924470029,14.718876818476334,2265
Derrick Jones Jr.,LAC,2027-28,30,Projected,-1.12405753637203,-3.6788073944994446,0.8111376083908379,1350
Herbert Jones,NOP,2027-28,29,Projected,-1.9220660686196187,-4.476815926747033,0.0131290761432492,1588
Kam Jones,IND,2027-28,25,Projected,-3.6792524487950446,-7.003262321915814,-1.8384700990642535,616
Spencer Jones,DEN,2027-28,26,Projected,-1.709645721379699,-4.264395579507114,0.2255494233831689,1417
Tre Jones,CHI,2027-28,28,Projected,0.6214948317691311,-1.9332550263582835,2.556689976531999,1752
Tyus Jones,3TM,2027-28,31,Projected,-0.8536883723941706,-4.177698245514941,0.9870939773366204,979
Nikola Jović,MIA,2027-28,24,Projected,-0.0429664761064002,-3.3669763492271705,1.7978158736243903,808
Ryan Kalkbrenner,CHO,2027-28,26,Projected,1.8050016192117924,-0.7497482389156223,3.740196763974661,1479
Luke Kennard,2TM,2027-28,31,Projected,-0.1819894757026264,-2.736739333830041,1.7532056690602411,1681
Corey Kispert,2TM,2027-28,28,Projected,-2.5042647093765193,-5.82827458249729,-0.6634823596457284,1080
Maxi Kleber,LAL,2027-28,36,Projected,-3.189025892708216,-6.513035765828986,-1.348243542977425,461
Dalton Knecht,LAL,2027-28,26,Projected,-1.7499166354055502,-5.07392650852632,0.0908657143252407,553
Kon Knueppel,CHO,2027-28,22,Projected,4.554697663381572,2.1074260020721405,6.818947896078446,2551
Tyler Kolek,NYK,2027-28,26,Projected,-0.5859954455100729,-3.910005318630843,1.254786904220718,727
Christian Koloko,3TM,2027-28,27,Projected,-2.675550137948252,-5.999560011069022,-0.8347677882174613,357
Yanic Konan Niederhäuser,LAC,2027-28,24,Projected,-0.4102599481174707,-3.734269821238241,1.4305224016133202,424
John Konchar,2TM,2027-28,31,Projected,0.0585960352851585,-3.2654138378356117,1.8993783850159496,1115
Luke Kornet,SAS,2027-28,32,Projected,2.6260757977521596,0.0713259396247449,4.561270942515027,1430
Vít Krejčí,2TM,2027-28,27,Projected,-0.9620348253742356,-3.5167846835016503,0.9731603193886325,1392
Jonathan Kuminga,2TM,2027-28,25,Projected,-0.2749739899200752,-3.5989838630408455,1.5658083598107155,830
Kyle Kuzma,MIL,2027-28,32,Projected,-3.193138168050735,-5.747888026178149,-1.257943023287867,1806
Jock Landale,2TM,2027-28,32,Projected,-0.5563396483051897,-3.111089506432604,1.3788554964576782,1506
Chaz Lanier,DET,2027-28,26,Projected,-2.143656763770669,-5.467666636891439,-0.302874414039878,262
Jake LaRavia,LAL,2027-28,26,Projected,-0.6009104072964453,-3.0481820686058767,1.6633398254004286,2061
Pelle Larsson,MIA,2027-28,26,Projected,-1.2201297302015064,-3.774879588328921,0.7150654145613615,1849
Zach LaVine,SAC,2027-28,32,Projected,-0.6245444607791463,-3.179294318906561,1.3106506839837215,1224
Kawhi Leonard,LAC,2027-28,36,Projected,5.089332245408658,2.642060584099226,7.3535824781055315,2085
Malevy Leons,GSW,2027-28,28,Projected,-1.4422557913388483,-4.766265664459619,0.3985265583919426,276
Caris LeVert,DET,2027-28,33,Projected,-0.2592048564694285,-3.583214729590199,1.5815774932613624,1154
E.J. Liddell,BRK,2027-28,27,Projected,-1.813568676749257,-5.137578549870027,0.0272136729815339,349
Isaiah Livers,PHO,2027-28,29,Projected,-3.296241891863275,-6.6202517649840456,-1.455459542132484,347
Kevon Looney,NOP,2027-28,31,Projected,-0.4543611654827831,-3.778371038603553,1.386421184248008,308
Brook Lopez,LAC,2027-28,39,Projected,-0.5242135697789658,-3.0789634279063804,1.410981574983902,1635
Caleb Love,POR,2027-28,26,Projected,-2.13008017284422,-5.45409004596499,-0.2892978231134289,1013
Kevin Love,UTA,2027-28,39,Projected,0.5195182343788262,-2.804491638741944,2.360300584109617,613
Khaman Maluach,PHO,2027-28,21,Projected,0.2743308826414363,-3.0496789904793338,2.1151132323722273,411
Sandro Mamukelashvili,TOR,2027-28,28,Projected,2.0321069971697208,-0.5226428609576939,3.967302141932589,1751
Terance Mann,BRK,2027-28,31,Projected,-2.5808956600553836,-5.135645518182798,-0.6457005152925157,1529
Tre Mann,CHO,2027-28,26,Projected,-2.4491150537729904,-5.773124926893761,-0.6083327040421995,669
Lauri Markkanen,UTA,2027-28,30,Projected,1.4239337276602182,-1.1308161304671964,3.359128872423086,1443
Naji Marshall,DAL,2027-28,30,Projected,-1.0553265526072793,-3.502598213916711,1.2089236800895946,2184
Caleb Martin,DAL,2027-28,32,Projected,-2.7895632962563504,-6.113573169377121,-0.9487809465255594,856
Tyrese Martin,2TM,2027-28,28,Projected,-2.6279630781541714,-5.951972951274941,-0.7871807284233805,777
Jahmai Mashack,MEM,2027-28,25,Projected,-4.360810773774511,-7.684820646895281,-2.52002842404372,673
Bennedict Mathurin,2TM,2027-28,25,Projected,-2.11850698603076,-4.673256844158175,-0.1833118412678922,1620
Karlo Matković,NOP,2027-28,26,Projected,-0.0513035720440414,-3.3753134451648115,1.7894787776867496,912
Tyrese Maxey,PHI,2027-28,27,Projected,3.6665314820953983,1.2192598207859673,5.930781714792273,2661
Bez Mbeng,UTA,2027-28,24,Projected,-2.2077832997367324,-5.531793172857503,-0.3670009500059414,492
Miles McBride,NYK,2027-28,27,Projected,0.3442393351546539,-2.9797705379661164,2.1850216848854447,1080
Jared McCain,2TM,2027-28,23,Projected,0.1054941016598964,-3.218515771460874,1.9462764513906872,1160
CJ McCollum,2TM,2027-28,36,Projected,-0.4664168017128066,-2.913688463022238,1.7978334309840671,2264
T.J. McConnell,IND,2027-28,35,Projected,1.037517940542537,-2.286491932578233,2.878300290273328,963
Jaden McDaniels,MIN,2027-28,27,Projected,-0.6809312656992762,-3.1282029270087075,1.5833189669975978,2316
Doug McDermott,SAC,2027-28,36,Projected,-3.727718793915329,-7.051728667036098,-1.8869364441845375,439
Bryce McGowens,NOP,2027-28,25,Projected,-2.4758772575312316,-5.799887130652001,-0.6350949078004406,880
Jordan McLaughlin,SAS,2027-28,31,Projected,0.6154471275661891,-2.708562745554581,2.45622947729698,282
Liam McNeeley,CHO,2027-28,22,Projected,1.3178548613425276,-2.0061550117782425,3.1586372110733185,368
De'Anthony Melton,GSW,2027-28,29,Projected,-1.5832674762656622,-4.907277349386432,0.2575148734651287,1125
Sam Merrill,CLE,2027-28,31,Projected,-0.292495283783492,-2.8472451419109066,1.642699860979376,1377
Khris Middleton,2TM,2027-28,36,Projected,-2.1905270086347963,-4.745276866762211,-0.2553318638719284,1439
Brandon Miller,CHO,2027-28,25,Projected,0.4323286747333726,-2.014942986576058,2.696578907430246,1968
Jordan Miller,LAC,2027-28,28,Projected,-0.4270576237094282,-2.9818074818368427,1.5081375210534398,1325
Leonard Miller,2TM,2027-28,24,Projected,-0.0297991485750844,-3.3538090216958545,1.8109832011557063,719
Josh Minott,2TM,2027-28,25,Projected,2.4949658503757695,-0.8290440227450007,4.33574820010656,834
Yves Missi,NOP,2027-28,23,Projected,-0.6889595902829542,-3.243709448410369,1.2462355544799135,1297
Ajay Mitchell,OKC,2027-28,25,Projected,1.4767757590877526,-1.077974099039662,3.4119709038506203,1473
Davion Mitchell,MIA,2027-28,29,Projected,-2.1585343125397483,-4.605805973849179,0.1057159201571256,2000
Donovan Mitchell,CLE,2027-28,31,Projected,4.013641818488941,1.56637015717951,6.277892051185815,2342
Evan Mobley,CLE,2027-28,26,Projected,3.6527744947888863,1.2055028334794549,5.91702472748576,2074
Malik Monk,SAC,2027-28,29,Projected,-0.8950156939533715,-3.449765552080786,1.0401794508094964,1364
Moses Moody,GSW,2027-28,25,Projected,0.1937534979388488,-2.3609963601885657,2.128948642701717,1540
Ja Morant,MEM,2027-28,28,Projected,1.096084858143858,-2.227925014976912,2.936867207874649,569
Trey Murphy III,NOP,2027-28,27,Projected,1.812515857301108,-0.6347558040083232,4.076766089997982,2341
Collin Murray-Boyles,TOR,2027-28,22,Projected,2.854179011183816,0.2994291530564013,4.789374155946684,1246
Dejounte Murray,NOP,2027-28,31,Projected,0.1385576702237193,-3.185452202897051,1.97934001995451,389
Jamal Murray,DEN,2027-28,30,Projected,2.429435070117804,-0.0178365911916276,4.693685302814678,2652
Keegan Murray,SAC,2027-28,27,Projected,-1.537922069822785,-4.861931942943555,0.3028602799080062,793
Kris Murray,POR,2027-28,27,Projected,-2.2854612534058014,-4.8402111115332165,-0.3502661086429335,1333
Svi Mykhailiuk,UTA,2027-28,30,Projected,-2.3857842571378898,-5.7097941302586595,-0.5450019074070989,1156
Larry Nance Jr.,CLE,2027-28,35,Projected,-0.5635125241324537,-3.887522397253224,1.2772698255983372,449
Pete Nance,MIL,2027-28,27,Projected,-1.662089874238485,-4.986099747359255,0.1786924754923058,737
Andrew Nembhard,IND,2027-28,28,Projected,-1.6379039026332376,-4.192653760760653,0.2972912421296303,1786
Ryan Nembhard,DAL,2027-28,24,Projected,-2.4071556969366457,-5.731165570057415,-0.5663733472058547,1171
Aaron Nesmith,IND,2027-28,28,Projected,-1.5890781196743908,-4.143827977801806,0.3461170250884771,1335
Asa Newell,ATL,2027-28,22,Projected,1.089864105773683,-2.234145767347087,2.930646455504474,500
Zeke Nnaji,DEN,2027-28,27,Projected,-2.363433275832372,-5.687443148953142,-0.5226509261015813,626
Jusuf Nurkić,UTA,2027-28,33,Projected,-0.0749508890697656,-3.398960762190536,1.7658314606610253,1083
Josh Okogie,HOU,2027-28,29,Projected,-0.7741041527521006,-3.3288540108795153,1.1610909920107673,1354
Onyeka Okongwu,ATL,2027-28,27,Projected,0.6618216206098759,-1.7854500406995557,2.92607185330675,2297
Isaac Okoro,CHI,2027-28,27,Projected,-2.062981688149857,-4.6177315462772714,-0.1277865433869889,1695
Lachlan Olbrich,CHI,2027-28,24,Projected,-0.9549043810104492,-4.2789142541312195,0.8858779687203417,344
Kelly Olynyk,SAS,2027-28,36,Projected,-0.1378881153758756,-3.461897988496646,1.7028942343549152,360
Royce O'Neale,PHO,2027-28,34,Projected,-0.554215054707255,-3.0014867160166863,1.710035177989619,2213
Kelly Oubre Jr.,PHI,2027-28,32,Projected,-2.4113623988608044,-4.966112256988219,-0.4761672540979365,1574
Cameron Payne,PHI,2027-28,33,Projected,-0.892843865916308,-4.216853739037078,0.9479384838144828,374
Gary Payton II,GSW,2027-28,35,Projected,0.4957255634217703,-2.828284309699,2.3365079131525612,1142
Micah Peavy,NOP,2027-28,26,Projected,-3.6779853501527473,-7.001995223273518,-1.8372030004219564,913
Noah Penda,ORL,2027-28,23,Projected,0.4244382422632913,-2.899571630857479,2.2652205919940824,757
Taelon Peter,IND,2027-28,25,Projected,-2.346188529919959,-5.670198403040729,-0.5054061801891683,492
Julian Phillips,2TM,2027-28,24,Projected,-2.0252429826234852,-5.349252855744256,-0.1844606328926943,428
Jalen Pickett,DEN,2027-28,28,Projected,-1.7152688924069608,-5.039278765527731,0.1255134573238301,807
Daeqwon Plowden,SAC,2027-28,29,Projected,-3.6359473389722714,-6.959957212093041,-1.7951649892414805,844
Brandin Podziemski,GSW,2027-28,24,Projected,1.143124059443469,-1.3041476018659623,3.407374292140343,2333
Jakob Poeltl,TOR,2027-28,32,Projected,0.8811987691005387,-2.4428111040202314,2.7219811188313296,1149
Jordan Poole,NOP,2027-28,28,Projected,-2.006027522369791,-5.330037395490562,-0.1652451726390005,933
Craig Porter Jr.,CLE,2027-28,27,Projected,1.3127349033850189,-2.0112749697357515,3.15351725311581,1148
Kevin Porter Jr.,MIL,2027-28,27,Projected,0.7012741059853499,-1.8534757521420648,2.6364692507482177,1261
Michael Porter Jr.,BRK,2027-28,29,Projected,0.5491479631527276,-2.0056018949746868,2.4843431079155955,1689
Bobby Portis,MIL,2027-28,32,Projected,-0.7316061536085583,-3.2863560117359727,1.2035889911543096,1619
Kristaps Porziņģis,2TM,2027-28,32,Projected,3.144301975302771,-0.1797078978179991,4.9850843250335615,769
Quinten Post,GSW,2027-28,27,Projected,-0.6195800228197371,-3.9435898959405074,1.2212023269110537,1159
Micah Potter,IND,2027-28,29,Projected,-1.104875650355643,-4.4288855234764135,0.735906699375148,908
John Poulakidas,DAL,2027-28,24,Projected,-0.1210120214290113,-3.4450218945497815,1.7197703283017796,253
Drake Powell,BRK,2027-28,22,Projected,-2.908545755308446,-5.463295613435861,-0.9733506105455784,1320
Dwight Powell,DAL,2027-28,36,Projected,-1.368874371863433,-4.692884244984203,0.4719079778673578,904
Norman Powell,MIA,2027-28,34,Projected,-0.0138048600949738,-2.5685547182223885,1.921390284667894,1717
Taurean Prince,MIL,2027-28,33,Projected,-2.651231786332787,-5.975241659453557,-0.8104494366019961,611
Payton Pritchard,BOS,2027-28,30,Projected,1.908068197481964,-0.5392034638274672,4.172318430178838,2556
Tyrese Proctor,CLE,2027-28,23,Projected,-0.324259786068531,-3.648269659189302,1.51652256366226,545
Olivier-Maxence Prosper,MEM,2027-28,25,Projected,-0.2940318750491217,-3.618041748169892,1.5467504746816692,984
Derik Queen,NOP,2027-28,23,Projected,0.8059550084798103,-1.6413166528296212,3.070205241176684,2023
Neemias Queta,BOS,2027-28,28,Projected,1.5991342417942576,-0.8481374195151739,3.863384474491131,1926
Immanuel Quickley,TOR,2027-28,28,Projected,1.8351100541358127,-0.6121616071736187,4.099360286832686,2231
Julius Randle,MIN,2027-28,33,Projected,0.9335135233012056,-1.5137581380082257,3.1977637559980794,2610
Maxime Raynaud,SAC,2027-28,24,Projected,-1.2049997422069574,-3.652271403516389,1.0592504904899165,1964
Duop Reath,POR,2027-28,31,Projected,-1.1278523243135088,-4.451862197434279,0.7129300254172821,258
Austin Reaves,LAL,2027-28,29,Projected,1.318979112940705,-1.2357707451867097,3.254174257703573,1762
Paul Reed,DET,2027-28,28,Projected,2.401334090116475,-0.9226757830042952,4.2421164398472655,901
Julian Reese,WAS,2027-28,24,Projected,-2.0875443704642063,-5.411554243584977,-0.2467620207334153,402
Naz Reid,MIN,2027-28,28,Projected,1.1374592727625104,-1.309812388546921,3.401709505459384,2007
Jase Richardson,ORL,2027-28,22,Projected,0.3572633132001368,-2.966746559920633,2.1980456629309275,587
Nick Richards,2TM,2027-28,30,Projected,-3.701414981542559,-7.0254248546633296,-1.860632631811768,701
Will Richard,GSW,2027-28,25,Projected,-0.8436696646960742,-3.398419522823489,1.0915254800667935,1377
Will Riley,WAS,2027-28,21,Projected,-1.3848380703243257,-3.93958792845174,0.5503570744385422,1633
Zaccharie Risacher,ATL,2027-28,22,Projected,-0.7048852989757748,-3.2596351571031894,1.2303098457870931,1503
Duncan Robinson,DET,2027-28,33,Projected,-0.8534523288592829,-3.300723990168714,1.410797903837591,2113
Jeremiah Robinson-Earl,2TM,2027-28,27,Projected,-2.62078366967148,-5.94479354279225,-0.780001319940689,361
Mitchell Robinson,NYK,2027-28,29,Projected,1.926515891395105,-1.397493981725665,3.767298241125896,1175
Ryan Rollins,MIL,2027-28,25,Projected,0.6068727149407569,-1.8403989463686743,2.8711229476376308,2376
Rayan Rupert,2TM,2027-28,23,Projected,-3.1274780560424595,-6.45148792916323,-1.2866957063116686,1072
D'Angelo Russell,DAL,2027-28,31,Projected,-0.6033282513240649,-3.927338124444835,1.237454098406726,495
Cormac Ryan,MIL,2027-28,29,Projected,-0.711031797918686,-4.0350416710394565,1.129750551812105,271
Domantas Sabonis,SAC,2027-28,31,Projected,4.283798785905489,0.959788912784719,6.12458113563628,564
Tidjane Salaün,CHO,2027-28,22,Projected,-1.0074879911286914,-4.331497864249462,0.8332943586020995,575
Kobe Sanders,LAC,2027-28,25,Projected,-1.832159524662117,-4.386909382789532,0.1030356201007509,1351
Gui Santos,GSW,2027-28,25,Projected,-0.254581639860561,-2.8093314979879755,1.6806135049023068,1395
Ben Saraf,BRK,2027-28,21,Projected,-3.1254498051201645,-6.449459678240935,-1.2846674553893735,916
Alex Sarr,WAS,2027-28,22,Projected,0.7563437889302158,-1.7984060691971988,2.6915389336930837,1305
Marcus Sasser,DET,2027-28,27,Projected,-1.4967719294290882,-4.820781802549858,0.3440104203017027,457
Baylor Scheierman,BOS,2027-28,27,Projected,0.1598067025910544,-2.3949431555363603,2.0950018473539225,1429
Dennis Schröder,2TM,2027-28,34,Projected,-2.8486415922702104,-5.403391450397625,-0.9134464475073424,1697
Alperen Şengün,HOU,2027-28,25,Projected,4.770585716957213,2.323314055647782,7.034835949654087,2398
Brice Sensabaugh,UTA,2027-28,24,Projected,-1.3359869618979447,-3.890736820025359,0.5992081828649232,1762
Collin Sexton,2TM,2027-28,29,Projected,0.1996919228464637,-2.355057935280951,2.134887067609331,1614
Landry Shamet,NYK,2027-28,30,Projected,-1.8310171337655792,-5.15502700688635,0.0097652159652115,1171
Terrence Shannon Jr.,MIN,2027-28,27,Projected,-2.297030253242234,-5.621040126363004,-0.4562479035114433,538
Day'Ron Sharpe,BRK,2027-28,26,Projected,1.1261845329489917,-2.1978253401717787,2.9669668826797824,1160
Shaedon Sharpe,POR,2027-28,24,Projected,-0.5847933886750347,-3.1395432468024493,1.3504017560878332,1471
Jamal Shead,TOR,2027-28,25,Projected,-2.180789001992445,-4.73553886011986,-0.2455938572295772,1852
Ben Sheppard,IND,2027-28,26,Projected,-2.1929802003210797,-4.747730058448495,-0.2577850555582117,1390
Reed Sheppard,HOU,2027-28,23,Projected,3.1693129033132292,0.7220412420037978,5.433563136010103,2147
Pascal Siakam,IND,2027-28,33,Projected,0.8306168807231982,-1.6166547805862332,3.0948671134200723,2057
Anfernee Simons,2TM,2027-28,28,Projected,-0.1139480959353638,-2.6686979540627784,1.821247048827504,1372
KJ Simpson,2TM,2027-28,25,Projected,-3.511127797812959,-6.8351376709337295,-1.670345448082168,257
Jericho Sims,MIL,2027-28,29,Projected,-2.8831470260690306,-5.437896884196445,-0.9479518813061628,1318
Jalen Slawson,IND,2027-28,28,Projected,-0.2673561930216819,-3.591366066142452,1.573426156709109,311
Javon Small,MEM,2027-28,25,Projected,1.3204982223488917,-2.003511650771878,3.161280572079683,830
Marcus Smart,LAL,2027-28,33,Projected,-2.3816205856497983,-4.9363704437772125,-0.4464254408869303,1769
Dru Smith,MIA,2027-28,30,Projected,1.4059698588647096,-1.9180400142560603,3.2467522085955007,1141
Jalen Smith,CHI,2027-28,27,Projected,0.5080380780734742,-2.815971795047296,2.3488204278042653,1095
Jabari Smith Jr.,HOU,2027-28,24,Projected,0.2982464833670433,-2.149025177942388,2.562496716063917,2705
Malachi Smith,BRK,2027-28,28,Projected,-0.508254363381319,-3.83226423650209,1.332527986349472,359
Nick Smith Jr.,LAL,2027-28,23,Projected,-3.327598924984552,-6.651608798105322,-1.4868165752537612,375
Jeremy Sochan,2TM,2027-28,24,Projected,-1.1179745091273048,-4.441984382248075,0.7228078406034861,469
Cam Spencer,MEM,2027-28,27,Projected,1.7553015471002626,-0.799448311027152,3.690496691863131,1714
Pat Spencer,GSW,2027-28,31,Projected,-2.359346713617705,-4.9140965717451195,-0.4241515688548369,1229
Isaiah Stewart,DET,2027-28,26,Projected,-0.0671959871364233,-2.621945845263838,1.8679991576264443,1317
Julian Strawther,DEN,2027-28,25,Projected,-2.8999713346968052,-6.223981207817575,-1.0591889849660143,861
Max Strus,CLE,2027-28,31,Projected,-0.4651333276995428,-3.789143200820313,1.375649022031248,288
Jalen Suggs,ORL,2027-28,26,Projected,1.6997474933662682,-0.8550023647611464,3.634942638129136,1574
Jae'Sean Tate,HOU,2027-28,32,Projected,-2.415867039111216,-5.739876912231987,-0.5750846893804251,405
Jayson Tatum,BOS,2027-28,29,Projected,4.4444998681561865,1.1204899950354164,6.285282217886977,522
Dalen Terry,2TM,2027-28,25,Projected,-1.835982391625721,-5.159992264746491,0.0047999581050699,551
Cam Thomas,2TM,2027-28,26,Projected,-1.653741476364087,-4.977751349484857,0.1870408733667039,881
Amen Thompson,HOU,2027-28,25,Projected,3.377670933111644,0.9303992718022128,5.641921165808518,2953
Ausar Thompson,DET,2027-28,25,Projected,1.896574797094474,-0.6581750610329407,3.831769941857342,1896
Ethan Thompson,IND,2027-28,28,Projected,-3.4938483111256295,-6.8178581842464,-1.6530659613948386,653
Klay Thompson,DAL,2027-28,37,Projected,-1.8928585448857256,-4.44760840301314,0.0423365998771423,1497
Matisse Thybulle,POR,2027-28,30,Projected,1.6424203918587414,-1.681589481262029,3.4832027415895324,480
Nae'Qwan Tomlin,CLE,2027-28,27,Projected,-1.641603395463488,-4.965613268584258,0.1991789542673028,1004
Obi Toppin,IND,2027-28,29,Projected,1.3090406904686231,-2.014969182652147,3.149823040199414,424
Karl-Anthony Towns,NYK,2027-28,32,Projected,2.5313066941065303,0.0840350327970989,4.795556926803404,2322
Nolan Traoré,BRK,2027-28,21,Projected,-3.0888802153680666,-5.643630073495482,-1.1536850706051986,1243
Gary Trent Jr.,MIL,2027-28,29,Projected,-3.316340821176475,-5.87109067930389,-1.3811456764136072,1377
Oscar Tshiebwe,UTA,2027-28,28,Projected,-1.2389245857051396,-4.56293445882591,0.6018577640256513,448
Myles Turner,MIL,2027-28,31,Projected,-0.5081384528544474,-2.955410114163879,1.7561117798424264,1912
Jaylon Tyson,CLE,2027-28,25,Projected,0.2336936261988199,-2.3210562319285946,2.168888770961688,1777
Jonas Valančiūnas,DEN,2027-28,35,Projected,-0.2953810236800557,-3.6193908968008257,1.545401326050735,871
Jarred Vanderbilt,LAL,2027-28,28,Projected,-1.3016530499889007,-4.625662923109671,0.5391292997418902,1128
Devin Vassell,SAS,2027-28,27,Projected,-0.1494557915130843,-2.596727452822516,2.1147944411837893,2044
Gabe Vincent,2TM,2027-28,31,Projected,-4.160916810181983,-7.484926683302753,-2.320134460451192,879
Nikola Vučević,2TM,2027-28,37,Projected,0.3886100997254178,-2.166139758401997,2.3238052444882857,1818
Tristan Vukcevic,WAS,2027-28,24,Projected,0.7491785446072767,-2.5748313285134934,2.5899608943380676,671
Dean Wade,CLE,2027-28,31,Projected,-0.3314698481491824,-2.886219706276597,1.6037252966136857,1318
Franz Wagner,ORL,2027-28,26,Projected,2.4264585021105676,-0.8975513710102025,4.2672408518413585,1019
Moritz Wagner,ORL,2027-28,30,Projected,0.8713109264599119,-2.452698946660858,2.7120932761907026,427
Jabari Walker,PHI,2027-28,25,Projected,-1.6532670686547852,-4.977276941775555,0.1875152810760056,762
Jarace Walker,IND,2027-28,24,Projected,-0.7321583595853642,-3.1794300208947956,1.5320918731115096,1953
Cason Wallace,OKC,2027-28,24,Projected,1.727749560838714,-0.7195221004707173,3.991999793535588,2046
Keaton Wallace,ATL,2027-28,28,Projected,-2.0184378641711276,-5.342447737291898,-0.1776555144403366,536
Jordan Walsh,BOS,2027-28,23,Projected,0.951472938879583,-1.6032769192478318,2.886668083642451,1212
Ja'Kobe Walter,TOR,2027-28,23,Projected,0.336013182148962,-2.2187366759784526,2.2712083269118297,1474
Kel'el Ware,MIA,2027-28,23,Projected,2.6156765551325467,0.060926697005132,4.550871699895414,1704
P.J. Washington,DAL,2027-28,29,Projected,-1.77983355972242,-4.334583417849835,0.1553615850404479,1736
Lindy Waters III,SAS,2027-28,30,Projected,-2.1221813739706805,-5.44619124709145,-0.2813990242398896,285
Trendon Watford,PHI,2027-28,27,Projected,-1.7500348085948532,-5.074044681715623,0.0907475411359377,864
Jamir Watkins,WAS,2027-28,26,Projected,-2.297206590053365,-5.621216463174135,-0.456424240322574,1032
Peyton Watson,DEN,2027-28,25,Projected,-0.96821240146594,-3.5229622595933545,0.966982743296928,1598
Jaylen Wells,MEM,2027-28,24,Projected,-1.58193591792748,-4.136685776054895,0.3532592268353878,1821
Victor Wembanyama,SAS,2027-28,24,Projected,8.332794910215108,5.778045052087694,10.267990054977975,1866
Blake Wesley,POR,2027-28,24,Projected,-2.4263701982363868,-5.7503800713571565,-0.5855878485055959,361
Russell Westbrook,SAC,2027-28,39,Projected,-1.270271971325895,-3.8250218294533096,0.6649231734369729,1853
Coby White,2TM,2027-28,27,Projected,-0.8929698100996264,-3.447719668227041,1.0422253346632415,1249
Derrick White,BOS,2027-28,33,Projected,2.7915245153864316,0.3442528540770002,5.055774748083305,2625
Cam Whitmore,WAS,2027-28,23,Projected,1.007966168401223,-2.3160437047195472,2.8487485181320142,354
Aaron Wiggins,OKC,2027-28,29,Projected,-0.1439646344355762,-2.698714492562991,1.7912305103272916,1414
Andrew Wiggins,MIA,2027-28,32,Projected,-0.3603832811914619,-2.807654942500893,1.903866951505412,2063
Brandon Williams,DAL,2027-28,28,Projected,0.3768768052600232,-2.1778730528673913,2.312071950022891,1463
Cody Williams,UTA,2027-28,23,Projected,-3.985689333337348,-6.540439191464762,-2.05049418857448,1631
Grant Williams,CHO,2027-28,29,Projected,-1.3996839998395318,-4.723693872960302,0.441098349891259,711
Jalen Williams,OKC,2027-28,26,Projected,3.0950526573100285,-0.2289572158107415,4.9358350070408195,936
Jaylin Williams,OKC,2027-28,25,Projected,3.0371787798079035,0.4824289216804889,4.972373924570771,1277
Kenrich Williams,OKC,2027-28,33,Projected,-0.4114374266427032,-3.735447299763474,1.4293449230880877,855
Mark Williams,PHO,2027-28,26,Projected,2.4506509873750413,-0.1040988707523733,4.385846132137909,1416
Patrick Williams,CHI,2027-28,26,Projected,-3.185230883294006,-5.739980741421421,-1.2500357385311385,1474
Robert Williams,POR,2027-28,30,Projected,3.0232874760163586,-0.3007223971044115,4.8640698257471495,1008
Vince Williams Jr.,2TM,2027-28,27,Projected,-1.083404114337555,-4.407413987458325,0.7573782353932359,820
Zion Williamson,NOP,2027-28,27,Projected,3.660318580362527,1.1055687222351125,5.595513725125395,1841
Ziaire Williams,BRK,2027-28,26,Projected,-1.9993350177193456,-4.55408487584676,-0.0641398729564775,1281
Jalen Wilson,BRK,2027-28,27,Projected,-3.8986701192252218,-7.222679992345992,-2.0578877694944304,859
Danny Wolf,BRK,2027-28,23,Projected,-0.5082660518751694,-3.832275924995939,1.3325162978556215,1187
Guerschon Yabusele,2TM,2027-28,32,Projected,-1.8736311102491483,-5.197640983369919,-0.0328487605183573,1007
Yang Hansen,POR,2027-28,22,Projected,-2.8455370534911246,-6.169546926611895,-1.0047547037603335,300
Trae Young,2TM,2027-28,29,Projected,0.9456475325652218,-2.3783623405555483,2.7864298822960127,384
Ivica Zubac,2TM,2027-28,30,Projected,1.00397487888353,-1.5507749792438847,2.9391700236463976,1446
Precious Achiuwa,SAC,2028-29,29,Projected,-1.9016440978122915,-4.67401162044369,0.1911804761266329,1745
Steven Adams,HOU,2028-29,35,Projected,-1.3736367862103975,-4.778147717698161,0.9597558697842444,730
Bam Adebayo,MIA,2028-29,31,Projected,1.1653648218544213,-1.4008639133956584,3.057357708173024,2365
Ochai Agbaji,2TM,2028-29,28,Projected,-2.5862351543982527,-5.990746085886016,-0.2528424984036106,973
Santi Aldama,MEM,2028-29,28,Projected,1.559974625969276,-1.8445363055184871,3.893367281963918,1198
Nickeil Alexander-Walker,ATL,2028-29,30,Projected,0.0195342076388977,-2.546694527611182,1.9115270939575004,2603
Grayson Allen,PHO,2028-29,33,Projected,0.1165565095061582,-2.6558110131252404,2.209381083445083,1467
Jarrett Allen,CLE,2028-29,30,Projected,2.6950279414003773,-0.0773395812310213,4.787852515339302,1519
Jose Alvarado,2TM,2028-29,30,Projected,-1.3318793533879512,-4.104246876019349,0.7609452205509735,1370
Kyle Anderson,3TM,2028-29,35,Projected,-0.3677220895475881,-3.772233021035351,1.965670566447054,853
Giannis Antetokounmpo,MIL,2028-29,34,Projected,7.758887528621833,4.35437659713407,10.092280184616476,1039
Cole Anthony,MIL,2028-29,28,Projected,-0.8373820271974618,-4.2418929586852245,1.4960106287971802,527
OG Anunoby,NYK,2028-29,31,Projected,0.1030127146288774,-2.463216020621202,1.99500560094748,2224
Deni Avdija,POR,2028-29,28,Projected,2.0790891190387946,-0.4871396162112851,3.971082005357397,2199
Deandre Ayton,LAL,2028-29,30,Projected,-0.94698549772822,-3.5132142329782994,0.9450073885903828,1958
Marvin Bagley III,2TM,2028-29,29,Projected,-0.1957939916926691,-3.600304923180432,2.137598664301973,1201
Ace Bailey,UTA,2028-29,22,Projected,-0.4819886846660179,-3.0482174199160976,1.4100042016525849,1988
LaMelo Ball,CHO,2028-29,27,Projected,3.9918771720498016,1.425648436799722,5.883870058368404,2017
Lonzo Ball,CLE,2028-29,31,Projected,-1.243833256578338,-4.648344188066101,1.089559399416304,728
Paolo Banchero,ORL,2028-29,26,Projected,2.3572345964728196,-0.20899413877726,4.249227482791422,2502
Desmond Bane,ORL,2028-29,30,Projected,1.6518079692619323,-0.9144207659881474,3.543800855580535,2756
Dominick Barlow,PHI,2028-29,25,Projected,-0.0238611994121824,-2.796228722043581,2.068963374526742,1689
Harrison Barnes,SAS,2028-29,36,Projected,-1.724354095686108,-4.290582830936188,0.1676387906324947,1986
Scottie Barnes,TOR,2028-29,27,Projected,3.6144906699576937,1.0482619347076136,5.5064835562762955,2681
Brooks Barnhizer,OKC,2028-29,26,Projected,-1.0969691278122586,-4.501480059300022,1.2364235281823834,348
RJ Barrett,TOR,2028-29,28,Projected,0.0247770864394461,-2.7475904361919525,2.1176016603783707,1726
Jamison Battle,TOR,2028-29,27,Projected,-1.7520700278216546,-5.156580959309418,0.5813226281729875,517
Nicolas Batum,LAC,2028-29,40,Projected,-1.9234176864389276,-4.695785209070326,0.169406887499997,1295
Joan Beringer,MIN,2028-29,22,Projected,3.606813581076798,0.202302649589035,5.94020623707144,314
Saddiq Bey,NOP,2028-29,29,Projected,-0.6871569594142851,-3.253385694664365,1.2048359269043174,2246
Goga Bitadze,ORL,2028-29,29,Projected,1.891673420073712,-1.5128375114140509,4.225066076068354,972
Anthony Black,ORL,2028-29,25,Projected,-0.2476192577103342,-2.813847992960414,1.6443736286082684,1910
Leaky Black,WAS,2028-29,29,Projected,-3.4344149918979414,-6.8389259233857045,-1.1010223359032991,433
Bogdan Bogdanović,LAC,2028-29,36,Projected,-2.2219603231903973,-5.62647125467816,0.1114323328042448,452
Adem Bona,PHI,2028-29,25,Projected,-1.3259336641746806,-4.098301186806079,0.766890909764244,1234
Devin Booker,PHO,2028-29,32,Projected,0.983544127150999,-1.5826846080990806,2.875537013469602,2146
Jamaree Bouyea,PHO,2028-29,29,Projected,-0.657172495781025,-4.061683427268788,1.676220160213617,644
Tony Bradley,2TM,2028-29,31,Projected,-3.399792428001137,-6.8043033594889,-1.0663997720064948,450
Malaki Branham,WAS,2028-29,25,Projected,-2.657374767783657,-6.06188569927142,-0.3239821117890149,275
Christian Braun,DEN,2028-29,27,Projected,-0.3682879144101624,-3.140655437041561,1.7245366595287623,1399
Mikal Bridges,NYK,2028-29,32,Projected,0.1035542091835983,-2.4626745260664813,1.995547095502201,2692
Miles Bridges,CHO,2028-29,30,Projected,0.205211470398489,-2.361017264851591,2.0972043567170915,2387
Dillon Brooks,PHO,2028-29,33,Projected,-3.1036175674139277,-5.875985090045326,-1.010792993475003,1702
Bruce Brown,DEN,2028-29,32,Projected,-3.379331443702674,-5.9455601789527535,-1.4873385573840707,1998
Jaylen Brown,BOS,2028-29,32,Projected,0.8940711284701428,-1.6721576067799369,2.7860640147887454,2443
Kobe Brown,2TM,2028-29,29,Projected,-2.71704831871461,-6.121559250202373,-0.3836556627199678,963
Jalen Brunson,NYK,2028-29,32,Projected,3.0655816494445514,0.4993529141944717,4.957574535763154,2590
Carter Bryant,SAS,2028-29,23,Projected,0.3905940176235103,-3.0139169138642528,2.7239866736181524,818
Thomas Bryant,CLE,2028-29,31,Projected,-0.6215952723231154,-4.026106203810879,1.7117973836715268,732
Tyler Burton,MEM,2028-29,28,Projected,-2.7920934036276406,-6.196604335115404,-0.4587007476329985,307
Jimmy Butler,GSW,2028-29,39,Projected,3.143491880319458,-0.2610190511683057,5.476884536314099,1182
Matas Buzelis,CHI,2028-29,24,Projected,0.4014404149925852,-2.1647883202574945,2.293433301311188,2248
Jamal Cain,ORL,2028-29,29,Projected,-2.199674593637584,-5.604185525125347,0.1337180623570582,486
Kentavious Caldwell-Pope,MEM,2028-29,35,Projected,-2.848285604933202,-6.252796536420965,-0.5148929489385599,1088
Toumani Camara,POR,2028-29,28,Projected,-1.066768071397831,-3.6329968066479106,0.8252248149207717,2731
Clint Capela,HOU,2028-29,34,Projected,-1.1454100377972771,-4.54992096928504,1.187982618197365,926
Dylan Cardwell,SAC,2028-29,27,Projected,-1.1994630542518712,-4.603973985739634,1.133929601742771,907
Branden Carlson,OKC,2028-29,29,Projected,0.1328672140145843,-3.2716437174731787,2.4662598700092264,488
Bub Carrington,WAS,2028-29,23,Projected,-1.753658755555263,-4.319887490805343,0.1383341307633396,2271
Devin Carter,SAC,2028-29,26,Projected,-1.5808014257426333,-4.985312357230397,0.7525912302520088,700
Jevon Carter,2TM,2028-29,33,Projected,-2.8622947106418075,-6.266805642129571,-0.5289020546471654,867
Wendell Carter Jr.,ORL,2028-29,29,Projected,-0.8724890784793498,-3.438717813729429,1.0195038078392529,2288
Alex Caruso,OKC,2028-29,34,Projected,1.4744104927455433,-1.93010043874222,3.8078031487401858,1020
Stephon Castle,SAS,2028-29,24,Projected,1.4002832344671208,-1.1659455007829589,3.2922761207857234,2038
Justin Champagnie,WAS,2028-29,27,Projected,-0.1560164570523445,-2.928383979683743,1.93680811688658,1377
Julian Champagnie,SAS,2028-29,27,Projected,0.1363579115013288,-2.4298708237487507,2.0283507978199316,2266
Kennedy Chandler,UTA,2028-29,26,Projected,-2.5633394751567335,-5.967850406644496,-0.2299468191620914,355
Cam Christie,LAC,2028-29,23,Projected,-0.2700501841602629,-3.674561115648026,2.063342471834379,480
Max Christie,DAL,2028-29,25,Projected,-0.8743596633053503,-3.44058839855543,1.0176332230132523,2244
Moussa Cisse,DAL,2028-29,26,Projected,-1.283760534979958,-4.688271466467722,1.049632121014684,530
Sidy Cissoko,POR,2028-29,24,Projected,-1.5274571767286624,-4.299824699360061,0.5653673972102622,1435
Jaylen Clark,MIN,2028-29,27,Projected,-1.1487609278855344,-4.5532718593732975,1.1846317281091077,888
Jordan Clarkson,NYK,2028-29,36,Projected,-4.186573697617344,-6.958941220248743,-2.09374912367842,1279
Nic Claxton,BRK,2028-29,29,Projected,0.379311265789486,-2.1869174694605937,2.271304152108089,1920
Walter Clayton,2TM,2028-29,25,Projected,-2.437122761722947,-5.209490284354345,-0.3442981877840223,1410
Nique Clifford,SAC,2028-29,26,Projected,-3.6663891788062783,-6.438756701437677,-1.5735646048673535,1882
Donovan Clingan,POR,2028-29,24,Projected,3.5483424312332295,0.9821136959831498,5.440335317551832,2094
Noah Clowney,BRK,2028-29,24,Projected,-1.2758785228339726,-4.048246045465371,0.816946051104952,1780
Amir Coffey,2TM,2028-29,31,Projected,-2.746407547642795,-6.150918479130558,-0.4130148916481531,490
Isaiah Collier,UTA,2028-29,24,Projected,-1.6865524609442455,-4.458919983575644,0.4062721129946789,1517
John Collins,LAC,2028-29,31,Projected,-1.067111284832348,-3.8394788074637463,1.0257132891065766,1872
Mike Conley,MIN,2028-29,41,Projected,-0.3809073941587328,-3.785418325646496,1.9524852618359092,991
Pat Connaughton,CHO,2028-29,36,Projected,-2.514560890423449,-5.919071821911212,-0.181168234428807,297
Sharife Cooper,WAS,2028-29,27,Projected,-2.5281262314729585,-5.932637162960722,-0.1947335754783163,700
Bilal Coulibaly,WAS,2028-29,24,Projected,-1.2264990963011164,-3.998866618932515,0.8663254776378082,1468
Cedric Coward,MEM,2028-29,25,Projected,0.9767340723694206,-1.795633450261978,3.0695586463083453,1598
LJ Cryer,GSW,2028-29,27,Projected,-2.1266170800949107,-5.531128011582673,0.2067755758997314,292
Cade Cunningham,DET,2028-29,27,Projected,4.074256578135698,1.508027842885618,5.9662494644543,2172
Stephen Curry,GSW,2028-29,40,Projected,3.6560780590420663,0.8837105364106677,5.748902632980991,1329
Dyson Daniels,ATL,2028-29,25,Projected,2.347724721445318,-0.2185040138047616,4.239717607763921,2520
Tristan Da Silva,ORL,2028-29,27,Projected,-1.0592210297043725,-3.625449764954453,0.8327718566142301,1899
Anthony Davis,DAL,2028-29,35,Projected,3.128249824797515,-0.276261106690248,5.4616424807921575,626
Egor Dëmin,BRK,2028-29,22,Projected,2.0593766551184487,-0.7129908675129499,4.152201229057374,1308
DeMar DeRozan,SAC,2028-29,39,Projected,-1.0914679795878637,-3.657696714837943,0.800524906730739,2406
Moussa Diabaté,CHO,2028-29,27,Projected,0.6640371268876413,-1.9021916083624384,2.556030013206244,1899
Mohamed Diawara,NYK,2028-29,23,Projected,1.448859306365659,-1.955651625122104,3.7822519623603017,634
Gradey Dick,TOR,2028-29,25,Projected,-2.412971553026803,-5.817482484514566,-0.0795788970321611,1067
Ousmane Dieng,2TM,2028-29,25,Projected,-1.5181452349907951,-4.922656166478559,0.8152474210038467,1099
Rob Dillingham,2TM,2028-29,24,Projected,-3.479850729470121,-6.884361660957884,-1.146458073475479,970
Donte DiVincenzo,MIN,2028-29,32,Projected,1.0389841076453006,-1.527244627604779,2.930976993963903,2494
Luka Dončić,LAL,2028-29,29,Projected,7.942240234877513,5.376011499627433,9.834233121196116,2289
Luguentz Dort,OKC,2028-29,29,Projected,-1.4704194588239037,-4.242786981455302,0.6224051151150212,1849
Ayo Dosunmu,2TM,2028-29,29,Projected,-0.6043848509346997,-3.3767523735660983,1.488439723004225,1881
Andre Drummond,PHI,2028-29,35,Projected,-2.1551226854590455,-4.927490208090444,-0.0622981115201208,1231
Kris Dunn,LAC,2028-29,34,Projected,-1.2215810202773765,-3.787809755527456,0.6704118660412262,2230
Ryan Dunn,PHO,2028-29,26,Projected,-1.519503159021783,-4.291870681653181,0.573321414917142,1355
Kevin Durant,HOU,2028-29,40,Projected,2.1189252862372765,-0.4473034490128031,4.010918172555879,2840
Jalen Duren,DET,2028-29,25,Projected,4.133783831916266,1.5675550966661862,6.0257767182348685,1976
Tari Eason,HOU,2028-29,27,Projected,0.8776693493056245,-1.8946981733257744,2.970493923244549,1549
Zach Edey,MEM,2028-29,26,Projected,0.6159144115434952,-2.7885965199442677,2.9493070675381374,284
VJ Edgecombe,PHI,2028-29,23,Projected,2.161033066872368,-0.4051956683777118,4.0530259531909705,2623
Anthony Edwards,MIN,2028-29,27,Projected,4.154942887601544,1.5887141523514647,6.046935773920147,2137
Justin Edwards,PHI,2028-29,25,Projected,-1.003269643920809,-4.407780575408572,1.330123012073833,977
Keon Ellis,2TM,2028-29,29,Projected,0.3553709059547017,-2.416996616676697,2.4481954798936263,1478
Joel Embiid,PHI,2028-29,34,Projected,5.084013089139041,1.6795021576512776,7.417405745133683,1201
Tyson Etienne,BRK,2028-29,29,Projected,-1.9799227418318863,-5.384433673319649,0.3534699141627557,380
Drew Eubanks,SAC,2028-29,31,Projected,-2.380835954617383,-5.785346886105146,-0.0474432986227411,552
Jeremiah Fears,NOP,2028-29,22,Projected,0.989586484839862,-1.5766422504102175,2.8815793711584647,2112
Kyle Filipowski,UTA,2028-29,25,Projected,0.1731878086159234,-2.599179714015475,2.266012382554848,1801
Dorian Finney-Smith,HOU,2028-29,35,Projected,-3.1056538074240203,-6.510164738911783,-0.7722611514293782,620
Cooper Flagg,DAL,2028-29,22,Projected,4.621689547086168,2.0554608118360886,6.513682433404771,2344
Rasheer Fleming,PHO,2028-29,24,Projected,-0.8543633548289771,-4.25887428631674,1.479029301165665,673
Simone Fontecchio,MIA,2028-29,33,Projected,-1.8752586983469923,-5.279769629834756,0.4581339576476495,1173
De'Aaron Fox,SAS,2028-29,31,Projected,0.8461649505613816,-1.720063784688698,2.738157836879984,2231
Johnny Furphy,IND,2028-29,24,Projected,-0.7344373821712051,-4.138948313658968,1.598955273823437,643
Daniel Gafford,DAL,2028-29,30,Projected,1.6344821159547522,-1.7700288155330108,3.9678747719493943,1195
Myron Gardner,MIA,2028-29,27,Projected,0.7964708126549581,-2.608040118832805,3.1298634686496003,411
Darius Garland,2TM,2028-29,29,Projected,0.5380132539655973,-2.2343542686658013,2.630837827904522,1344
Luka Garza,BOS,2028-29,30,Projected,1.474757784682969,-1.9297531468047944,3.808150440677611,1118
Keyonte George,UTA,2028-29,25,Projected,-0.5277041978196733,-3.300071720451072,1.5651203761192514,1786
Kyshawn George,WAS,2028-29,25,Projected,-1.2913615888926562,-4.063729111524054,0.8014629850462685,1391
Paul George,PHI,2028-29,38,Projected,-0.0227831070640831,-3.427294038551846,2.310609548930559,1135
Josh Giddey,CHI,2028-29,26,Projected,2.945964104570095,0.1735965819386962,5.03878867850902,1731
Shai Gilgeous-Alexander,OKC,2028-29,30,Projected,9.971860981749456,7.4056322464993745,11.863853868068055,2259
Anthony Gill,WAS,2028-29,36,Projected,-3.971542514774,-7.376053446261763,-1.638149858779358,951
Collin Gillespie,PHO,2028-29,29,Projected,1.8677395279228572,-0.6984892073272224,3.75973241424146,2282
Rudy Gobert,MIN,2028-29,36,Projected,0.218691564313094,-2.3475371709369854,2.1106844506316964,2380
Hugo González,BOS,2028-29,22,Projected,2.1871498270138794,-1.2173611044738837,4.520542483008521,1084
Jordan Goodwin,PHO,2028-29,30,Projected,0.1832892092692272,-2.5890783133621715,2.2761137832081517,1572
Aaron Gordon,DEN,2028-29,33,Projected,0.3566538504169338,-3.047857081070829,2.690046506411576,1005
Jerami Grant,POR,2028-29,34,Projected,-1.4871274122375375,-4.259494934868936,0.6056971617013871,1695
A.J. Green,MIL,2028-29,29,Projected,-3.028079770646079,-5.594308505896159,-1.1360868843274765,2270
Draymond Green,GSW,2028-29,38,Projected,-1.53656147992522,-4.308929002556619,0.5562630940137048,1869
Javonte Green,DET,2028-29,35,Projected,-1.00809639112697,-3.7804639137583687,1.0847281828119546,1446
Jalen Green,PHO,2028-29,26,Projected,0.4650679861808615,-2.9394429453069018,2.7984606421755034,828
Josh Green,CHO,2028-29,28,Projected,-2.7078998241588006,-6.112410755646564,-0.3745071681641585,908
Quentin Grimes,PHI,2028-29,28,Projected,-0.9528893688082168,-3.5191181040582964,0.9391035175103858,2206
Mouhamed Gueye,ATL,2028-29,26,Projected,-0.3501164644079667,-3.7546273958957297,1.9832761915866757,1179
Rui Hachimura,LAL,2028-29,30,Projected,-1.7592731394966856,-4.325501874746765,0.132719746821917,1927
Tim Hardaway Jr.,DEN,2028-29,36,Projected,-2.8466699070973767,-5.412898642347456,-0.954677020778774,2127
James Harden,2TM,2028-29,39,Projected,2.409822924428327,-0.1564058108217527,4.3018158107469295,2438
Jaden Hardy,2TM,2028-29,26,Projected,-3.468895154474762,-6.873406085962525,-1.13550249848012,898
Elijah Harkless,UTA,2028-29,28,Projected,-3.728978312022603,-7.1334892435103665,-1.3955856560279614,545
Dylan Harper,SAS,2028-29,22,Projected,4.560626753259163,1.788259230627764,6.653451327198088,1558
Ron Harper Jr.,BOS,2028-29,28,Projected,0.5573410143605239,-2.847169917127239,2.890733670355166,318
Gary Harris,MIL,2028-29,34,Projected,-2.804083726789104,-6.208594658276867,-0.4706910707944618,661
Tobias Harris,DET,2028-29,36,Projected,-0.4804408186176786,-3.252808341249078,1.612383755321246,1746
Isaiah Hartenstein,OKC,2028-29,30,Projected,2.899780395120473,-0.50473053636729,5.233173051115115,1137
Josh Hart,NYK,2028-29,33,Projected,1.0815309564419824,-1.4846977788080973,2.973523842760585,1994
Sam Hauser,BOS,2028-29,31,Projected,-0.0794407827702897,-2.6456695180203695,1.8125521035483128,1934
Jordan Hawkins,NOP,2028-29,26,Projected,-3.863937792062776,-7.268448723550539,-1.5305451360681337,692
Jaxson Hayes,LAL,2028-29,28,Projected,0.0134750034027522,-3.391035928085011,2.346867659397394,1207
Killian Hayes,SAC,2028-29,27,Projected,-2.899724225469051,-6.304235156956814,-0.5663315694744089,406
Scoot Henderson,POR,2028-29,24,Projected,-1.302073462574238,-4.706584394062001,1.031319193420404,748
Taylor Hendricks,2TM,2028-29,25,Projected,-0.6857386389765074,-4.0902495704642705,1.6476540170181346,1118
Tyler Herro,MIA,2028-29,29,Projected,1.7950530189052234,-1.6094579125825397,4.128445674899865,1033
Buddy Hield,2TM,2028-29,36,Projected,-1.678270678844103,-5.082781610331866,0.655121977150539,819
Blake Hinson,UTA,2028-29,29,Projected,-0.6680255787028547,-4.072536510190618,1.6653670772917877,285
Aaron Holiday,HOU,2028-29,32,Projected,-1.925355485983616,-5.329866417471379,0.4080371700110259,781
Jrue Holiday,POR,2028-29,38,Projected,-0.1478957505628815,-2.92026327319428,1.9449288233760431,1560
Ron Holland,DET,2028-29,23,Projected,0.4544407280958364,-2.317926794535562,2.547265302034761,1551
Chet Holmgren,OKC,2028-29,26,Projected,3.9786845890630143,1.4124558538129346,5.870677475381617,1997
Al Horford,GSW,2028-29,42,Projected,-1.7902907797783072,-5.19480171126607,0.5431018762163349,969
Jett Howard,ORL,2028-29,25,Projected,-1.598708426658049,-5.003219358145811,0.7346842293365934,695
Kevin Huerter,2TM,2028-29,30,Projected,-1.5136941029874658,-4.286061625618864,0.5791304709514589,1549
Jay Huff,IND,2028-29,30,Projected,0.6215375460538959,-2.1508299765775027,2.7143621199928205,1719
Ariel Hukporti,NYK,2028-29,26,Projected,-0.8580651690052946,-4.262576100493058,1.4753274869893476,498
De'Andre Hunter,2TM,2028-29,31,Projected,-2.507595476523319,-5.912106408011082,-0.1742028205286767,1176
Bones Hyland,MIN,2028-29,28,Projected,0.4212199318136674,-2.9832909996740957,2.7546125878083094,1177
Oso Ighodaro,PHO,2028-29,26,Projected,-0.0868430898053325,-2.859210612436731,2.005981484133592,1808
Brandon Ingram,TOR,2028-29,31,Projected,-0.2581192831092429,-2.8243480183593226,1.6338736032093597,2604
Jonathan Isaac,ORL,2028-29,31,Projected,0.0051294113773824,-3.3993815201103805,2.3385220673720246,521
Jaden Ivey,2TM,2028-29,26,Projected,-0.7803801358272885,-4.184891067315052,1.5530125201673537,670
Andre Jackson Jr.,MIL,2028-29,27,Projected,-3.497050139974339,-6.901561071462103,-1.1636574839796974,408
GG Jackson II,MEM,2028-29,24,Projected,-0.0722526851707214,-3.4767636166584843,2.261139970823921,1178
Isaiah Jackson,2TM,2028-29,27,Projected,0.0629476956642031,-3.34156323582356,2.396340351658845,908
Jaren Jackson Jr.,2TM,2028-29,29,Projected,0.3795294743030401,-2.3928380483283584,2.472354048241965,1454
Quenton Jackson,IND,2028-29,30,Projected,-1.594057709709601,-4.998568641197364,0.7393349462850412,897
Trayce Jackson-Davis,2TM,2028-29,28,Projected,1.130142695941151,-2.2743682355466124,3.4635353519357928,496
Kasparas Jakučionis,MIA,2028-29,22,Projected,3.071457547235085,-0.3330533842526781,5.404850203229727,945
Bronny James,LAL,2028-29,24,Projected,-0.6226991442244878,-4.027210075712251,1.7106935117701545,375
LeBron James,LAL,2028-29,44,Projected,-1.0788081655632151,-3.645036900813295,0.8131847207553875,1989
Sion James,CHO,2028-29,26,Projected,-1.1384367321493656,-3.910804254780764,0.954387841789559,1843
Jaime Jaquez Jr.,MIA,2028-29,27,Projected,-0.4286590724701766,-2.9948878077202563,1.463333813848426,2121
Daniss Jenkins,DET,2028-29,27,Projected,-0.3406798890625453,-3.1130474116939437,1.7521446848763793,1455
Ty Jerome,MEM,2028-29,31,Projected,3.437692788850735,0.033181857362972,5.771085444845378,339
Isaiah Joe,OKC,2028-29,29,Projected,1.1841839200819588,-1.5881836025494398,3.2770084940208832,1507
AJ Johnson,2TM,2028-29,24,Projected,-4.742737861786493,-8.147248793274256,-2.4093452057918507,454
Cameron Johnson,DEN,2028-29,32,Projected,0.2424115625565367,-2.529955960074862,2.3352361364954612,1647
Chaney Johnson,BRK,2028-29,26,Projected,0.672897369326966,-2.7316135621607973,3.006290025321608,348
Jalen Johnson,ATL,2028-29,27,Projected,3.0222519517057345,0.4560232164556548,4.914244838024337,2532
Keldon Johnson,SAS,2028-29,29,Projected,-0.9500474683800382,-3.5162762036301176,0.9419454179385645,1911
Keshad Johnson,MIA,2028-29,27,Projected,-0.3802562996594913,-3.784767231147254,1.9531363563351507,280
Tre Johnson,WAS,2028-29,22,Projected,-0.8091991728190209,-3.5815666954504195,1.2836254011199038,1443
Nikola Jokić,DEN,2028-29,33,Projected,12.07678276833461,9.51055403308453,13.968775654653212,2265
Derrick Jones Jr.,LAC,2028-29,31,Projected,-1.5501897239131404,-4.322557246544539,0.5426348500257843,1350
Herbert Jones,NOP,2028-29,30,Projected,-2.026185383256065,-4.798552905887464,0.06663919068286,1588
Kam Jones,IND,2028-29,26,Projected,-3.64803122812256,-7.052542159610323,-1.314638572127918,616
Spencer Jones,DEN,2028-29,27,Projected,-1.7564054210785855,-4.528772943709984,0.3364191528603391,1417
Tre Jones,CHI,2028-29,29,Projected,0.3113338712148925,-2.461033651416506,2.404158445153817,1752
Tyus Jones,3TM,2028-29,32,Projected,-0.9771666722490088,-4.3816776037367715,1.3562259837456334,979
Nikola Jović,MIA,2028-29,25,Projected,0.207815757795334,-3.196695173692429,2.541208413789976,808
Ryan Kalkbrenner,CHO,2028-29,27,Projected,1.7582419195129058,-1.0141256031184929,3.8510664934518304,1479
Luke Kennard,2TM,2028-29,32,Projected,-0.3054677755574644,-3.0778352981888633,1.7873567983814602,1681
Corey Kispert,2TM,2028-29,29,Projected,-2.814425669930758,-6.2189366014185214,-0.4810330139361158,1080
Maxi Kleber,LAL,2028-29,37,Projected,-3.87161150100784,-7.276122432495603,-1.5382188450131975,461
Dalton Knecht,LAL,2028-29,27,Projected,-1.7966763351044368,-5.2011872665922,0.5367163208902053,553
Kon Knueppel,CHO,2028-29,23,Projected,5.134780109359962,2.5685513741098824,7.026772995678565,2551
Tyler Kolek,NYK,2028-29,27,Projected,-0.6327551452089594,-4.0372660766967225,1.7006375107856826,727
Christian Koloko,3TM,2028-29,28,Projected,-2.717459311776041,-6.121970243263804,-0.3840666557813987,357
Yanic Konan Niederhäuser,LAC,2028-29,25,Projected,-0.1594777142157364,-3.5639886457034997,2.1739149417789054,424
John Konchar,2TM,2028-29,32,Projected,-0.0648822645696793,-3.4693931960574425,2.2685103914249627,1115
Luke Kornet,SAS,2028-29,33,Projected,2.2482319803073083,-0.5241355423240903,4.341056554246233,1430
Vít Krejčí,2TM,2028-29,28,Projected,-1.0039439992020245,-3.776311521833423,1.0888805747369004,1392
Jonathan Kuminga,2TM,2028-29,26,Projected,-0.2437527692475909,-3.648263700735354,2.089639886747051,830
Kyle Kuzma,MIL,2028-29,33,Projected,-3.570981985495586,-6.343349508126985,-1.4781574115566616,1806
Jock Landale,2TM,2028-29,33,Projected,-0.934183465750041,-3.70655098838144,1.1586411081888837,1506
Chaz Lanier,DET,2028-29,27,Projected,-2.1904164634695555,-5.594927394957319,0.1429761925250865,262
Jake LaRavia,LAL,2028-29,27,Projected,-0.6476701069953318,-3.2138988422454116,1.2443227793232707,2061
Pelle Larsson,MIA,2028-29,27,Projected,-1.266889429900393,-4.039256952531792,0.8259351440385316,1849
Zach LaVine,SAC,2028-29,33,Projected,-1.0023882782239977,-4.40689920971176,1.3310043777706446,1224
Kawhi Leonard,LAC,2028-29,37,Projected,4.406746637109034,1.8405179018589544,6.298739523427637,2085
Malevy Leons,GSW,2028-29,29,Projected,-1.7524167518930869,-5.15692768338085,0.5809759041015552,276
Caris LeVert,DET,2028-29,34,Projected,-0.7694107125930636,-4.173921644080827,1.5639819434015785,1154
E.J. Liddell,BRK,2028-29,28,Projected,-1.8554778505770455,-5.259988782064808,0.4779148054175965,349
Isaiah Livers,PHO,2028-29,30,Projected,-3.4003612064997206,-6.804872137987484,-1.0669685505050786,347
Kevon Looney,NOP,2028-29,32,Projected,-0.5778394653376211,-3.982350396825384,1.755553190657021,308
Brook Lopez,LAC,2028-29,40,Projected,-1.408583827217441,-4.180951349848839,0.6842407467214839,1635
Caleb Love,POR,2028-29,27,Projected,-2.1768398725431064,-5.581350804030869,0.1565527834515356,1013
Kevin Love,UTA,2028-29,40,Projected,-0.3648520230596488,-3.769362954547412,1.9685406329349933,613
Khaman Maluach,PHO,2028-29,22,Projected,1.1945089006610154,-2.2100020308267476,3.5279015566556575,411
Sandro Mamukelashvili,TOR,2028-29,29,Projected,1.7219460366154822,-1.0504214860159165,3.814770610554407,1751
Terance Mann,BRK,2028-29,32,Projected,-2.7043739599102214,-5.47674148254162,-0.6115493859712968,1529
Tre Mann,CHO,2028-29,27,Projected,-2.495874753471877,-5.90038568495964,-0.1624820974772349,669
Lauri Markkanen,UTA,2028-29,31,Projected,0.9978015401191076,-1.774565982512291,3.090626114058032,1443
Naji Marshall,DAL,2028-29,31,Projected,-1.4814587401483896,-4.047687475398469,0.410534146170213,2184
Caleb Martin,DAL,2028-29,33,Projected,-3.1674071137012016,-6.571918045188965,-0.8340144577065596,856
Tyrese Martin,2TM,2028-29,29,Projected,-2.93812403870841,-6.342634970196173,-0.6047313827137679,777
Jahmai Mashack,MEM,2028-29,26,Projected,-4.329589553102027,-7.73410048458979,-1.996196897107385,673
Bennedict Mathurin,2TM,2028-29,26,Projected,-2.087285765358276,-4.8596532879896746,0.0055388085806487,1620
Karlo Matković,NOP,2028-29,27,Projected,-0.0980632717429279,-3.502574203230691,2.235329384251714,912
Tyrese Maxey,PHI,2028-29,28,Projected,3.62462230826761,1.0583935730175305,5.516615194586213,2661
Bez Mbeng,UTA,2028-29,25,Projected,-1.9570010658349983,-5.361511997322761,0.3763915901596437,492
Miles McBride,NYK,2028-29,28,Projected,0.3023301613268652,-3.102180770160898,2.6357228173215073,1080
Jared McCain,2TM,2028-29,24,Projected,0.4115479506226613,-2.9929629808651015,2.7449406066173037,1160
CJ McCollum,2TM,2028-29,37,Projected,-1.14900241001243,-3.7152311452625097,0.7429904763061725,2264
T.J. McConnell,IND,2028-29,36,Projected,0.7164071084780936,-2.688103823009669,3.049799764472736,963
Jaden McDaniels,MIN,2028-29,28,Projected,-0.7228404395270649,-3.2890691747771443,1.1691524467915375,2316
Doug McDermott,SAC,2028-29,37,Projected,-4.410304402214952,-7.814815333702715,-2.07691174622031,439
Bryce McGowens,NOP,2028-29,26,Projected,-2.444656036858747,-5.84916696834651,-0.1112633808641048,880
Jordan McLaughlin,SAS,2028-29,32,Projected,0.4919688277113512,-2.9125421037764117,2.8253614837059935,282
Liam McNeeley,CHO,2028-29,23,Projected,1.8979373073209185,-1.5065736241668448,4.23132996331556,368
De'Anthony Melton,GSW,2028-29,30,Projected,-1.687386790902108,-5.091897722389871,0.6460058650925342,1125
Sam Merrill,CLE,2028-29,32,Projected,-0.4159735836383299,-3.1883411062697284,1.6768509903005948,1377
Khris Middleton,2TM,2028-29,37,Projected,-2.87311261693442,-5.6454801395658185,-0.7802880429954953,1439
Brandon Miller,CHO,2028-29,26,Projected,0.4635498954058569,-2.1026788398442227,2.3555427817244596,1968
Jordan Miller,LAC,2028-29,29,Projected,-0.7372185842636667,-3.5095861068950653,1.355605989675258,1325
Leonard Miller,2TM,2028-29,25,Projected,0.2209830853266498,-3.1835278461611134,2.5543757413212917,719
Josh Minott,2TM,2028-29,26,Projected,2.5261870710482537,-0.8783238604395094,4.859579727042895,834
Yves Missi,NOP,2028-29,24,Projected,-0.3829057413201893,-3.155273263951588,1.7099188326187351,1297
Ajay Mitchell,OKC,2028-29,26,Projected,1.507996979760237,-1.2643705428711616,3.600821553699162,1473
Davion Mitchell,MIA,2028-29,30,Projected,-2.262653627176194,-4.828882362426274,-0.3706607408575912,2000
Donovan Mitchell,CLE,2028-29,32,Projected,3.890163518634103,1.3239347833840238,5.7821564049527066,2342
Evan Mobley,CLE,2028-29,27,Projected,3.60601479509,1.03978605983992,5.498007681408602,2074
Malik Monk,SAC,2028-29,30,Projected,-0.9991350085898172,-3.771502531221216,1.0936895653491074,1364
Moses Moody,GSW,2028-29,26,Projected,0.2249747186113332,-2.5473928040200655,2.3177992925502577,1540
Ja Morant,MEM,2028-29,29,Projected,0.7859238975896194,-2.6185870338981436,3.1193165535842615,569
Trey Murphy III,NOP,2028-29,28,Projected,1.7706066834733196,-0.79562205177676,3.6625995697919222,2341
Collin Murray-Boyles,TOR,2028-29,23,Projected,3.434261457162206,0.6618939345308075,5.527086031101131,1246
Dejounte Murray,NOP,2028-29,32,Projected,0.0150793703688814,-3.3894315611188817,2.3484720263635235,389
Jamal Murray,DEN,2028-29,31,Projected,2.003302882576693,-0.5629258526733865,3.895295768895296,2652
Keegan Murray,SAC,2028-29,28,Projected,-1.5798312436505733,-4.9843421751383366,0.7535614123440688,793
Kris Murray,POR,2028-29,28,Projected,-2.32737042723359,-5.099737949864989,-0.2345458532946653,1333
Svi Mykhailiuk,UTA,2028-29,31,Projected,-2.8119164446790004,-6.216427376166763,-0.4785237886843583,1156
Larry Nance Jr.,CLE,2028-29,36,Projected,-0.884623356196897,-4.28913428768466,1.448769299797745,449
Pete Nance,MIL,2028-29,28,Projected,-1.7039990480662737,-5.108509979554037,0.6293936079283684,737
Andrew Nembhard,IND,2028-29,29,Projected,-1.948064863187476,-4.720432385818874,0.1447597107514484,1786
Ryan Nembhard,DAL,2028-29,25,Projected,-2.156373463034911,-5.560884394522674,0.1770191929597309,1171
Aaron Nesmith,IND,2028-29,29,Projected,-1.8992390802286296,-4.671606602860028,0.1935854937102952,1335
Asa Newell,ATL,2028-29,23,Projected,1.6699465517520735,-1.734564379735689,4.003339207746716,500
Zeke Nnaji,DEN,2028-29,28,Projected,-2.4053424496601608,-5.809853381147924,-0.0719497936655186,626
Jusuf Nurkić,UTA,2028-29,34,Projected,-0.5851567451934008,-3.989667676681164,1.7482359108012413,1083
Josh Okogie,HOU,2028-29,30,Projected,-0.8782234673885463,-3.650590990019945,1.2146011065503783,1354
Onyeka Okongwu,ATL,2028-29,28,Projected,0.6199124467820872,-1.9463162884679923,2.5119053331006898,2297
Isaac Okoro,CHI,2028-29,28,Projected,-2.1048908619776454,-4.8772583846090445,-0.0120662880387207,1695
Lachlan Olbrich,CHI,2028-29,25,Projected,-0.7041221471087149,-4.108633078596478,1.6292705088859272,344
Kelly Olynyk,SAS,2028-29,37,Projected,-0.8204737236754992,-4.224984655163262,1.5129189323191428,360
Royce O'Neale,PHO,2028-29,35,Projected,-0.945135846524978,-3.511364581775058,0.9468570397936246,2213
Kelly Oubre Jr.,PHI,2028-29,33,Projected,-2.7892062163056552,-5.561573738937054,-0.6963816423667306,1574
Cameron Payne,PHI,2028-29,34,Projected,-1.4030497220399432,-4.807560653527706,0.9303429339546988,374
Gary Payton II,GSW,2028-29,36,Projected,0.1746147313573269,-3.229896200130436,2.5080073873519693,1142
Micah Peavy,NOP,2028-29,27,Projected,-3.724745049851634,-7.129255981339397,-1.3913523938569918,913
Noah Penda,ORL,2028-29,24,Projected,0.7304920912260562,-2.6740188402617067,3.0638847472206985,757
Taelon Peter,IND,2028-29,26,Projected,-2.3149673092474745,-5.719478240735238,0.0184253467471675,492
Julian Phillips,2TM,2028-29,25,Projected,-1.7744607487217507,-5.178971680209514,0.5589319072728913,428
Jalen Pickett,DEN,2028-29,29,Projected,-2.0254298529611994,-5.429940784448963,0.3079628030334427,807
Daeqwon Plowden,SAC,2028-29,30,Projected,-3.740066653608717,-7.14457758509648,-1.406673997614075,844
Brandin Podziemski,GSW,2028-29,25,Projected,1.393906293345203,-1.1723224419048763,3.285899179663806,2333
Jakob Poeltl,TOR,2028-29,33,Projected,0.5033549516556874,-2.9011559798320756,2.8367476076503295,1149
Jordan Poole,NOP,2028-29,29,Projected,-2.31618848292403,-5.7206994144117935,0.017204173070612,933
Craig Porter Jr.,CLE,2028-29,28,Projected,1.2708257295572305,-2.133685201930533,3.604218385551873,1148
Kevin Porter Jr.,MIL,2028-29,28,Projected,0.6593649321575612,-2.1130025904738376,2.752189506096486,1261
Michael Porter Jr.,BRK,2028-29,30,Projected,0.4450286485162819,-2.327338874115117,2.5378532224552064,1689
Bobby Portis,MIL,2028-29,33,Projected,-1.1094499710534096,-3.881817493684808,0.983374602885515,1619
Kristaps Porziņģis,2TM,2028-29,33,Projected,2.7664581578579197,-0.6380527736298434,5.099850813852562,769
Quinten Post,GSW,2028-29,28,Projected,-0.6614891966475258,-4.066000128135289,1.6719034593471165,1159
Micah Potter,IND,2028-29,30,Projected,-1.2089949649920886,-4.613505896479852,1.1243976910025535,908
John Poulakidas,DAL,2028-29,25,Projected,0.1297702124727229,-3.27474071901504,2.463162868467365,253
Drake Powell,BRK,2028-29,23,Projected,-2.3284633093300555,-5.100830831961455,-0.2356387353911309,1320
Dwight Powell,DAL,2028-29,37,Projected,-2.051459980163057,-5.4559709116508195,0.2819326758315852,904
Norman Powell,MIA,2028-29,35,Projected,-0.4047256519126969,-3.177093174544096,1.6880989220262277,1717
Taurean Prince,MIL,2028-29,34,Projected,-3.161437642456422,-6.565948573944185,-0.82804498646178,611
Payton Pritchard,BOS,2028-29,31,Projected,1.4819360099408536,-1.084292725309226,3.373928896259456,2556
Tyrese Proctor,CLE,2028-29,24,Projected,-0.0182059371057661,-3.422716868593529,2.315186718888876,545
Olivier-Maxence Prosper,MEM,2028-29,26,Projected,-0.2628106543766374,-3.6673215858644,2.0705820016180048,984
Derik Queen,NOP,2028-29,24,Projected,1.112008857442575,-1.4542198778075046,3.0040017437611777,2023
Neemias Queta,BOS,2028-29,29,Projected,1.288973281240019,-1.277255454010061,3.180966167558622,1926
Immanuel Quickley,TOR,2028-29,29,Projected,1.5249490935815742,-1.0412796416685055,3.416941979900177,2231
Julius Randle,MIN,2028-29,34,Projected,0.4233076671775706,-2.142921068072509,2.315300553496173,2610
Maxime Raynaud,SAC,2028-29,25,Projected,-0.9542175083052232,-3.520446243555303,0.9377753780133796,1964
Duop Reath,POR,2028-29,32,Projected,-1.2513306241683468,-4.65584155565611,1.0820620318262952,258
Austin Reaves,LAL,2028-29,30,Projected,1.2148597983042593,-1.5575077243271394,3.307684372243184,1762
Paul Reed,DET,2028-29,29,Projected,2.0911731295622364,-1.3133378019255266,4.4245657855568785,901
Julian Reese,WAS,2028-29,25,Projected,-1.836762136562472,-5.241273068050235,0.4966305194321703,402
Naz Reid,MIN,2028-29,29,Projected,0.8272983122082718,-1.738930423041808,2.719291198526874,2007
Jase Richardson,ORL,2028-29,23,Projected,0.9373457591785276,-2.467165172309236,3.2707384151731693,587
Nick Richards,2TM,2028-29,31,Projected,-4.12754716908367,-7.532058100571433,-1.7941545130890275,701
Will Richard,GSW,2028-29,26,Projected,-0.8124484440235898,-3.5848159666549884,1.280376129915335,1377
Will Riley,WAS,2028-29,22,Projected,-0.4646600523047466,-3.2370275749361452,1.628164521634178,1633
Zaccharie Risacher,ATL,2028-29,23,Projected,-0.1248028529973841,-2.8971703756287828,1.9680217209415405,1503
Duncan Robinson,DET,2028-29,34,Projected,-1.363658184982918,-3.9298869202329976,0.5283347013356847,2113
Jeremiah Robinson-Earl,2TM,2028-29,28,Projected,-2.6626928434992685,-6.067203774987032,-0.3293001875046264,361
Mitchell Robinson,NYK,2028-29,30,Projected,1.8223965767586592,-1.5821143547291037,4.1557892327533015,1175
Ryan Rollins,MIL,2028-29,26,Projected,0.6380939356132412,-1.9281347996368383,2.530086821931844,2376
Rayan Rupert,2TM,2028-29,24,Projected,-2.8214242070796947,-6.225935138567458,-0.4880315510850526,1072
D'Angelo Russell,DAL,2028-29,32,Projected,-0.7268065511789028,-4.131317482666666,1.6065861048157393,495
Cormac Ryan,MIL,2028-29,30,Projected,-0.8151511125551316,-4.219662044042895,1.5182415434395105,271
Domantas Sabonis,SAC,2028-29,32,Projected,4.160320486050651,0.7558095545628878,6.4937131420452925,564
Tidjane Salaün,CHO,2028-29,23,Projected,-0.4274055451503007,-3.831916476638064,1.9059871108443416,575
Kobe Sanders,LAC,2028-29,26,Projected,-1.8009383039896325,-4.573305826621031,0.2918862699492921,1351
Gui Santos,GSW,2028-29,26,Projected,-0.2233604191880767,-2.9957279418194753,1.869464154750848,1395
Ben Saraf,BRK,2028-29,22,Projected,-2.205271787100586,-5.609782718588349,0.1281208688940567,916
Alex Sarr,WAS,2028-29,23,Projected,1.3364262349086065,-1.4359412877227922,3.429250808847531,1305
Marcus Sasser,DET,2028-29,28,Projected,-1.5386811032568768,-4.94319203474464,0.7947115527377653,457
Baylor Scheierman,BOS,2028-29,28,Projected,0.1178975287632658,-2.654469993868133,2.2107221027021904,1429
Dennis Schröder,2TM,2028-29,35,Projected,-3.2395623840879333,-6.011929906719332,-1.1467378101490089,1697
Alperen Şengün,HOU,2028-29,26,Projected,4.8018069376296975,2.235578202379618,6.6937998239483,2398
Brice Sensabaugh,UTA,2028-29,25,Projected,-1.0852047279962105,-3.857572250627609,1.007619845942714,1762
Collin Sexton,2TM,2028-29,30,Projected,0.095572608210018,-2.6767949144213805,2.1883971821489427,1614
Landry Shamet,NYK,2028-29,31,Projected,-2.2571493213066898,-5.661660252794453,0.0762433346879523,1171
Terrence Shannon Jr.,MIN,2028-29,28,Projected,-2.338939427070023,-5.743450358557785,-0.0055467710753807,538
Day'Ron Sharpe,BRK,2028-29,27,Projected,1.079424833250105,-2.3250860982376578,3.4128174892447474,1160
Shaedon Sharpe,POR,2028-29,25,Projected,-0.3340111547733004,-3.106378677404699,1.7588134191656242,1471
Jamal Shead,TOR,2028-29,26,Projected,-2.149567781319961,-4.92193530395136,-0.0567432073810363,1852
Ben Sheppard,IND,2028-29,27,Projected,-2.2397399000199663,-5.012107422651365,-0.1469153260810416,1390
Reed Sheppard,HOU,2028-29,24,Projected,3.4753667522759946,0.9091380170259148,5.367359638594597,2147
Pascal Siakam,IND,2028-29,34,Projected,0.320411024599563,-2.245817710650517,2.212403910918166,2057
Anfernee Simons,2TM,2028-29,29,Projected,-0.4241090564896024,-3.196476579121001,1.6687155174493222,1372
KJ Simpson,2TM,2028-29,26,Projected,-3.4799065771404742,-6.884417508628237,-1.1465139211458322,257
Jericho Sims,MIL,2028-29,30,Projected,-2.9872663407054763,-5.759633863336875,-0.8944417667665516,1318
Jalen Slawson,IND,2028-29,29,Projected,-0.5775171535759205,-3.982028085063684,1.7558755024187216,311
Javon Small,MEM,2028-29,26,Projected,1.351719443021376,-2.052791488466387,3.685112099016018,830
Marcus Smart,LAL,2028-29,34,Projected,-2.8918264417734334,-5.6641939644048325,-0.7990018678345088,1769
Dru Smith,MIA,2028-29,31,Projected,0.9798376713235992,-2.424673260164164,3.3132303273182413,1141
Jalen Smith,CHI,2028-29,28,Projected,0.4661289042456855,-2.9383820272420778,2.7995215602403274,1095
Jabari Smith Jr.,HOU,2028-29,25,Projected,0.5490287172687776,-2.017200017981302,2.44102160358738,2705
Malachi Smith,BRK,2028-29,29,Projected,-0.8184153239355576,-4.222926255423321,1.5149773320590845,359
Nick Smith Jr.,LAL,2028-29,24,Projected,-3.0215450760217872,-6.42605600750955,-0.6881524200271452,375
Jeremy Sochan,2TM,2028-29,25,Projected,-0.8671922752255705,-4.271703206713333,1.4662003807690716,469
Cam Spencer,MEM,2028-29,28,Projected,1.713392373272474,-1.0589751493589246,3.8062169472113982,1714
Pat Spencer,GSW,2028-29,32,Projected,-2.482825013472543,-5.255192536103942,-0.3900004395336185,1229
Isaiah Stewart,DET,2028-29,27,Projected,-0.1139556868353098,-2.8863232094667084,1.9788688871036149,1317
Julian Strawther,DEN,2028-29,26,Projected,-2.868750114024321,-6.273261045512084,-0.5353574580296785,861
Max Strus,CLE,2028-29,32,Projected,-0.5886116275543807,-3.993122559042144,1.7447810284402614,288
Jalen Suggs,ORL,2028-29,27,Projected,1.6529877936673816,-1.119379728964017,3.745812367606306,1574
Jae'Sean Tate,HOU,2028-29,33,Projected,-2.793710856556067,-6.1982217880438295,-0.4603182005614248,405
Jayson Tatum,BOS,2028-29,30,Projected,4.340380553519741,0.9358696220319778,6.673773209514383,522
Dalen Terry,2TM,2028-29,26,Projected,-1.8047611709532363,-5.209272102441,0.5286314850414056,551
Cam Thomas,2TM,2028-29,27,Projected,-1.7005011760629736,-5.105012107550737,0.6328914799316685,881
Amen Thompson,HOU,2028-29,26,Projected,3.4088921537841284,0.8426634185340487,5.300885040102731,2953
Ausar Thompson,DET,2028-29,26,Projected,1.9277960177669584,-0.6384327174831212,3.819788904085561,1896
Ethan Thompson,IND,2028-29,29,Projected,-3.804009271679868,-7.208520203167631,-1.470616615685226,653
Klay Thompson,DAL,2028-29,38,Projected,-2.4993169350699205,-5.271684457701319,-0.4064923611309958,1497
Matisse Thybulle,POR,2028-29,31,Projected,1.2162882043176308,-2.188222727170132,3.549680860312273,480
Nae'Qwan Tomlin,CLE,2028-29,28,Projected,-1.683512569291277,-5.088023500779039,0.6498800867033654,1004
Obi Toppin,IND,2028-29,30,Projected,1.2049213758321775,-2.1995895556555856,3.5383140318268196,424
Karl-Anthony Towns,NYK,2028-29,33,Projected,2.153462876661679,-0.4127658585884006,4.045455762980282,2322
Nolan Traoré,BRK,2028-29,22,Projected,-2.1687021973484875,-4.941069719979886,-0.0758776234095628,1243
Gary Trent Jr.,MIL,2028-29,30,Projected,-3.4204601358129207,-6.192827658444319,-1.327635561873996,1377
Oscar Tshiebwe,UTA,2028-29,29,Projected,-1.5490855462593782,-4.9535964777471415,0.7843071097352639,448
Myles Turner,MIL,2028-29,32,Projected,-0.6316167527092853,-3.197845487959365,1.260376133609317,1912
Jaylon Tyson,CLE,2028-29,26,Projected,0.2649148468713043,-2.5074526757600943,2.357739420810229,1777
Jonas Valančiūnas,DEN,2028-29,36,Projected,-0.616491855744499,-4.021002787232262,1.716900800250143,871
Jarred Vanderbilt,LAL,2028-29,29,Projected,-1.611814010543139,-5.016324942030902,0.7215786454515027,1128
Devin Vassell,SAS,2028-29,28,Projected,-0.191364965340873,-2.7575937005909528,1.7006279209777295,2044
Gabe Vincent,2TM,2028-29,32,Projected,-4.2843951100368205,-7.688906041524584,-1.9510024540421784,879
Nikola Vučević,2TM,2028-29,38,Projected,-0.217848290458777,-2.9902158130901757,1.8749762834801476,1818
Tristan Vukcevic,WAS,2028-29,25,Projected,0.999960778509011,-2.404550152978752,3.3333534345036533,671
Dean Wade,CLE,2028-29,32,Projected,-0.4549481480040204,-3.227315670635419,1.637876425934904,1318
Franz Wagner,ORL,2028-29,27,Projected,2.379698802411681,-1.024812129076082,4.713091458406323,1019
Moritz Wagner,ORL,2028-29,31,Projected,0.4451787389188014,-2.9593321925689615,2.7785713949134436,427
Jabari Walker,PHI,2028-29,26,Projected,-1.6220458479823008,-5.026556779470064,0.7113468080123413,762
Jarace Walker,IND,2028-29,25,Projected,-0.48137612568363,-3.04760486093371,1.4106167606349729,1953
Cason Wallace,OKC,2028-29,25,Projected,1.9785317947404484,-0.5876969405096313,3.870524681059051,2046
Keaton Wallace,ATL,2028-29,29,Projected,-2.328598824725366,-5.733109756213129,0.0047938312692759,536
Jordan Walsh,BOS,2028-29,24,Projected,1.2575267878423475,-2.1469841436454153,3.59091944383699,1212
Ja'Kobe Walter,TOR,2028-29,24,Projected,0.6420670311117269,-2.1303004915196717,2.7348916050506515,1474
Kel'el Ware,MIA,2028-29,24,Projected,2.9217304040953116,0.1493628814639129,5.014554978034236,1704
P.J. Washington,DAL,2028-29,30,Projected,-1.8839528743588656,-4.656320396990264,0.208871699580059,1736
Lindy Waters III,SAS,2028-29,31,Projected,-2.5483135615117907,-5.952824492999554,-0.2149209055171486,285
Trendon Watford,PHI,2028-29,28,Projected,-1.7919439824226415,-5.196454913910404,0.5414486735720003,864
Jamir Watkins,WAS,2028-29,27,Projected,-2.3439662897522515,-5.748477221240014,-0.0105736337576094,1032
Peyton Watson,DEN,2028-29,26,Projected,-0.9369911807934556,-3.7093587034248543,1.155833393145469,1598
Jaylen Wells,MEM,2028-29,25,Projected,-1.331153684025746,-4.1035212066571445,0.7616708899131788,1821
Victor Wembanyama,SAS,2028-29,25,Projected,8.583577144116843,5.811209621485444,10.676401718055768,1866
Blake Wesley,POR,2028-29,25,Projected,-2.1755879643346527,-5.580098895822416,0.1578046916599893,361
Russell Westbrook,SAC,2028-29,40,Projected,-2.15464222876437,-4.927009751395769,-0.0618176548254454,1853
Coby White,2TM,2028-29,28,Projected,-0.9348789839274152,-3.7072465065588136,1.1579455900115097,1249
Derrick White,BOS,2028-29,34,Projected,2.2813186592627965,-0.2849100759872831,4.173311545581399,2625
Cam Whitmore,WAS,2028-29,24,Projected,1.314020017363988,-2.090490914123775,3.6474126733586303,354
Aaron Wiggins,OKC,2028-29,30,Projected,-0.2480839490720219,-3.0204514717034208,1.8447406248669027,1414
Andrew Wiggins,MIA,2028-29,33,Projected,-0.7382270986363132,-3.3044558338863927,1.1537657876822895,2063
Brandon Williams,DAL,2028-29,29,Projected,0.0667158447057846,-2.705651677925614,2.15954041864471,1463
Cody Williams,UTA,2028-29,24,Projected,-3.679635484374583,-6.452003007005981,-1.5868109104356585,1631
Grant Williams,CHO,2028-29,30,Projected,-1.5038033144759777,-4.908314245963741,0.8295893415186646,711
Jalen Williams,OKC,2028-29,27,Projected,3.048292957611142,-0.3562179738766211,5.381685613605784,936
Jaylin Williams,OKC,2028-29,26,Projected,3.0684000004803877,0.2960324778489891,5.161224574419313,1277
Kenrich Williams,OKC,2028-29,34,Projected,-0.9216432827663384,-4.326154214254101,1.4117493732283035,855
Mark Williams,PHO,2028-29,27,Projected,2.4038912876761547,-0.3684762349552439,4.49671586161508,1416
Patrick Williams,CHI,2028-29,27,Projected,-3.2319905829928928,-6.004358105624291,-1.139166009053968,1474
Robert Williams,POR,2028-29,31,Projected,2.597155288475248,-0.8073556430125151,4.93054794446989,1008
Vince Williams Jr.,2TM,2028-29,28,Projected,-1.1253132881653436,-4.529824219653107,1.2080793678292985,820
Zion Williamson,NOP,2028-29,28,Projected,3.6184094065347385,0.8460418839033399,5.711233980473663,1841
Ziaire Williams,BRK,2028-29,27,Projected,-2.046094717418232,-4.81846224004963,0.0467298565206926,1281
Jalen Wilson,BRK,2028-29,28,Projected,-3.94057929305301,-7.3450902245407725,-1.6071866370583678,859
Danny Wolf,BRK,2028-29,24,Projected,-0.2022122029124045,-3.606723134400168,2.1311804530822376,1187
Guerschon Yabusele,2TM,2028-29,33,Projected,-2.251474927694,-5.655985859181763,0.0819177283006422,1007
Yang Hansen,POR,2028-29,23,Projected,-2.265454607512734,-5.669965539000497,0.0679380484819081,300
Trae Young,2TM,2028-29,30,Projected,0.8415282179287762,-2.562982713558987,3.1749208739234183,384
Ivica Zubac,2TM,2028-29,31,Projected,0.5778426913424194,-2.1945248312889793,2.670667265281344,1446
